source,url,title,published_at,district,zone_name,latitude,longitude,incident_type,victim_age,severity,article_hour,article_day_of_week,matched_alias,match_score,match_type
Daily Star,https://www.thedailystar.net/news/crime-justice/news/bcl-activist-held-over-torture-extortion-ju-student-4198566,"BCL activist held over torture, extortion of JU student",2026-06-12T08:00:00,Mymensingh,Charpara,24.742,90.407,violence,,4,8,4,charpara,2,zone_alias
Daily Star,https://www.thedailystar.net/news/crime-justice/news/bcl-activist-held-over-torture-extortion-ju-student-4198566,"BCL activist held over torture, extortion of JU student",2026-06-12T08:00:00,Netrokona,Purbadhala,24.94077,90.60025,violence,,4,8,4,purbadhala,2,zone_alias
Daily Star,https://www.thedailystar.net/news/crime-justice/news/bcl-activist-held-over-torture-extortion-ju-student-4198566,"BCL activist held over torture, extortion of JU student",2026-06-12T08:00:00,Netrokona,Mokterpara,24.871384,90.732886,violence,,4,8,4,netrokona,1,zone_alias
Daily Star,https://www.thedailystar.net/news/crime-justice/news/man-arrested-over-shooting-listed-criminal-kailla-palash-4198471,Man arrested over shooting of listed criminal ‘Kailla Palash’,2026-06-12T08:00:00,Dhaka,Rampura,23.7639,90.4217,murder,15.0,5,8,4,rampura bridge,4,zone_alias
Daily Star,https://www.thedailystar.net/news/crime-justice/news/man-arrested-over-shooting-listed-criminal-kailla-palash-4198471,Man arrested over shooting of listed criminal ‘Kailla Palash’,2026-06-12T08:00:00,Dhaka,Badda,23.7801,90.426,murder,15.0,5,8,4,badda,2,zone_alias
Daily Star,https://www.thedailystar.net/news/crime-justice/news/man-arrested-over-shooting-listed-criminal-kailla-palash-4198471,Man arrested over shooting of listed criminal ‘Kailla Palash’,2026-06-12T08:00:00,Dhaka,Tejgaon,23.7631,90.4003,murder,15.0,5,8,4,tejgaon,2,zone_alias
Daily Star,https://www.thedailystar.net/news/crime-justice/news/ex-brur-vc-kalimullah-secures-permanent-bail-graft-case-4198426,Ex-BRUR VC Kalimullah secures permanent bail in graft case,2026-06-12T08:00:00,Dhaka,Mohammadpur,23.7657,90.3589,suspicious_activity,,2,8,4,mohammadpur,2,zone_alias
Daily Star,https://www.thedailystar.net/news/crime-justice/news/ramisa-rape-murder-sohel-swapna-challenge-death-penalty-4198421,"Ramisa rape-murder: Sohel, Swapna challenge death penalty",2026-06-12T08:00:00,Dhaka,Sadarghat,23.7104,90.4074,sexual_violence,15.0,5,8,4,Dhaka,0,district_fallback
Daily Star,https://www.thedailystar.net/news/crime-justice/news/ex-igp-benazir-ahmed-arrested-dubai-4198411,Ex-IGP Benazir Ahmed arrested in Dubai,2026-06-12T08:00:00,Gopalganj,Bhatiapara,23.01018,89.83278,suspicious_activity,,2,8,4,gopalganj,1,zone_alias
Daily Star,https://www.thedailystar.net/news/crime-justice/news/ex-igp-benazir-ahmed-arrested-dubai-4198411,Ex-IGP Benazir Ahmed arrested in Dubai,2026-06-12T08:00:00,Gopalganj,Kashiani,23.01018,89.83278,suspicious_activity,,2,8,4,gopalganj,1,zone_alias
Daily Star,https://www.thedailystar.net/news/crime-justice/news/ex-igp-benazir-ahmed-arrested-dubai-4198411,Ex-IGP Benazir Ahmed arrested in Dubai,2026-06-12T08:00:00,Gopalganj,Kotalipara,23.01018,89.83278,suspicious_activity,,2,8,4,gopalganj,1,zone_alias
Daily Star,https://www.thedailystar.net/news/crime-justice/news/two-injured-one-bullet-wounds-khulna-mosque-attack-4198341,"Two injured, one with bullet wounds, in Khulna mosque attack",2026-06-12T08:00:00,Khulna,Khulna Medical College,22.828592,89.537411,violence,,5,8,4,khulna medical college,6,zone_alias
Daily Star,https://www.thedailystar.net/news/crime-justice/news/two-injured-one-bullet-wounds-khulna-mosque-attack-4198341,"Two injured, one with bullet wounds, in Khulna mosque attack",2026-06-12T08:00:00,Khulna,Daulatpur Khulna,22.837283,89.540056,violence,,5,8,4,daulatpur khulna,5,zone_alias
Daily Star,https://www.thedailystar.net/news/crime-justice/news/two-injured-one-bullet-wounds-khulna-mosque-attack-4198341,"Two injured, one with bullet wounds, in Khulna mosque attack",2026-06-12T08:00:00,Khulna,Khalishpur,22.85308,89.54427,violence,,5,8,4,khulna,1,zone_alias
Daily Star,https://www.thedailystar.net/news/crime-justice/news/idols-hindu-deities-vandalised-three-temples-bogura-4198316,Idols of Hindu deities vandalised at three temples in Bogura,2026-06-12T08:00:00,Bogura,Satmatha,25.733988,89.286492,suspicious_activity,,2,8,4,bogura,1,zone_alias
Daily Star,https://www.thedailystar.net/news/crime-justice/news/idols-hindu-deities-vandalised-three-temples-bogura-4198316,Idols of Hindu deities vandalised at three temples in Bogura,2026-06-12T08:00:00,Bogura,Charmatha,24.85098,89.37108,suspicious_activity,,2,8,4,bogura,1,zone_alias
Daily Star,https://www.thedailystar.net/news/crime-justice/news/idols-hindu-deities-vandalised-three-temples-bogura-4198316,Idols of Hindu deities vandalised at three temples in Bogura,2026-06-12T08:00:00,Bogura,Dhunat,24.85098,89.37108,suspicious_activity,,2,8,4,bogura,1,zone_alias
Daily Star,https://www.thedailystar.net/news/crime-justice/news/mother-teenage-daughter-stabbed-death-chattogram-house-4198301,"Mother, teenage daughter stabbed to death in Chattogram house",2026-06-12T08:00:00,Chattogram,GEC Circle,22.3597,91.8215,violence,16.0,5,8,4,Chattogram,0,district_fallback
Daily Star,https://www.thedailystar.net/news/crime-justice/news/shibir-leader-held-rape-forced-abortion-case-4198196,"Shibir leader held in rape, forced abortion case",2026-06-12T08:00:00,Cumilla,Daudkandi,23.53546,90.71255,sexual_violence,,5,8,4,daudkandi,2,zone_alias
Daily Star,https://www.thedailystar.net/news/crime-justice/news/shibir-leader-held-rape-forced-abortion-case-4198196,"Shibir leader held in rape, forced abortion case",2026-06-12T08:00:00,Cumilla,Kandirpar,23.46186,91.18504,sexual_violence,,5,8,4,cumilla,1,zone_alias
Daily Star,https://www.thedailystar.net/news/crime-justice/news/shibir-leader-held-rape-forced-abortion-case-4198196,"Shibir leader held in rape, forced abortion case",2026-06-12T08:00:00,Cumilla,Burichang,23.5534,91.12901,sexual_violence,,5,8,4,cumilla,1,zone_alias
Daily Star,https://www.thedailystar.net/news/crime-justice/news/mob-beats-man-death-barguna-4198186,Mob beats man to death in Barguna,2026-06-12T08:00:00,Barguna,Barguna General Hospital,22.156377,90.127931,violence,,5,8,4,barguna general hospital,6,zone_alias
Daily Star,https://www.thedailystar.net/news/crime-justice/news/mob-beats-man-death-barguna-4198186,Mob beats man to death in Barguna,2026-06-12T08:00:00,Barguna,Barguna Sadar,22.15672,90.11758,violence,,5,8,4,barguna sadar,5,zone_alias
Daily Star,https://www.thedailystar.net/news/crime-justice/news/mob-beats-man-death-barguna-4198186,Mob beats man to death in Barguna,2026-06-12T08:00:00,Barishal,Chowmatha,22.70497,90.37013,violence,,5,8,4,barishal,1,zone_alias
Daily Star,https://www.thedailystar.net/news/crime-justice/news/khulshi-oc-withdrawn-over-police-assault-nayeem-hasan-4198066,Khulshi OC withdrawn over police assault on Nayeem Hasan,2026-06-12T08:00:00,Chattogram,Lalkhan Bazar,22.3516,91.8182,violence,,4,8,4,lalkhan bazar,5,zone_alias
Daily Star,https://www.thedailystar.net/news/crime-justice/news/khulshi-oc-withdrawn-over-police-assault-nayeem-hasan-4198066,Khulshi OC withdrawn over police assault on Nayeem Hasan,2026-06-12T08:00:00,Chattogram,Khulshi,22.364,91.8064,violence,,4,8,4,khulshi,2,zone_alias
Daily Star,https://www.thedailystar.net/news/crime-justice/news/jubo-dal-leader-shot-dead-ctg-4198086,Jubo Dal leader shot dead in Ctg,2026-06-12T08:00:00,Chattogram,Pahartali,22.3678,91.7854,murder,,5,8,4,pahartali,2,zone_alias
Daily Star,https://www.thedailystar.net/news/crime-justice/news/outcry-cops-assault-natl-cricketer-4198136,Outcry as cops assault nat’l cricketer,2026-06-12T08:00:00,Chattogram,Lalkhan Bazar,22.3516,91.8182,violence,26.0,4,8,4,lalkhan bazar,5,zone_alias
Daily Star,https://www.thedailystar.net/news/crime-justice/news/outcry-cops-assault-natl-cricketer-4198136,Outcry as cops assault nat’l cricketer,2026-06-12T08:00:00,Chattogram,Khulshi,22.364,91.8064,violence,26.0,4,8,4,khulshi,2,zone_alias
Daily Star,https://www.thedailystar.net/news/crime-justice/news/rape-victim-arrested-trafficking-case-4198141,Rape victim arrested in trafficking case,2026-06-12T08:00:00,Bogura,Satmatha,25.733988,89.286492,sexual_violence,21.0,5,8,4,bogura,1,zone_alias
Daily Star,https://www.thedailystar.net/news/crime-justice/news/rape-victim-arrested-trafficking-case-4198141,Rape victim arrested in trafficking case,2026-06-12T08:00:00,Bogura,Charmatha,24.85098,89.37108,sexual_violence,21.0,5,8,4,bogura,1,zone_alias
Daily Star,https://www.thedailystar.net/news/crime-justice/news/rape-victim-arrested-trafficking-case-4198141,Rape victim arrested in trafficking case,2026-06-12T08:00:00,Bogura,Dhunat,24.85098,89.37108,sexual_violence,21.0,5,8,4,bogura,1,zone_alias
Daily Star,https://www.thedailystar.net/news/crime-justice/news/jubo-dal-leader-associate-arrested-over-rape-woman-narayanganj-4197886,"Jubo Dal leader, associate arrested over rape of woman in Narayanganj",2026-06-12T08:00:00,Narayanganj,Sonargaon,23.65,90.61667,sexual_violence,15.0,5,8,4,sonargaon,2,zone_alias
Daily Star,https://www.thedailystar.net/news/crime-justice/news/jubo-dal-leader-associate-arrested-over-rape-woman-narayanganj-4197886,"Jubo Dal leader, associate arrested over rape of woman in Narayanganj",2026-06-12T08:00:00,Narayanganj,Chashara,23.62502,90.49684,sexual_violence,15.0,5,8,4,narayanganj,1,zone_alias
Daily Star,https://www.thedailystar.net/news/crime-justice/news/jubo-dal-leader-associate-arrested-over-rape-woman-narayanganj-4197886,"Jubo Dal leader, associate arrested over rape of woman in Narayanganj",2026-06-12T08:00:00,Narayanganj,Fatullah,23.63816,90.49097,sexual_violence,15.0,5,8,4,narayanganj,1,zone_alias
Daily Star,https://www.thedailystar.net/news/crime-justice/news/man-beaten-mob-arrested-over-raping-daughter-attempting-rape-her-classmate-4197811,"Man beaten by mob, arrested over raping daughter, attempting to rape her classmate",2026-06-12T08:00:00,Jhenaidah,Jhenaidah Sadar,23.530615,89.172242,sexual_violence,42.0,5,8,4,jhenaidah sadar,5,zone_alias
Daily Star,https://www.thedailystar.net/news/crime-justice/news/man-beaten-mob-arrested-over-raping-daughter-attempting-rape-her-classmate-4197811,"Man beaten by mob, arrested over raping daughter, attempting to rape her classmate",2026-06-12T08:00:00,Jhenaidah,Kotchandpur,23.502088,89.122619,sexual_violence,42.0,5,8,4,jhenaidah,1,zone_alias
Daily Star,https://www.thedailystar.net/news/crime-justice/news/man-beaten-mob-arrested-over-raping-daughter-attempting-rape-her-classmate-4197811,"Man beaten by mob, arrested over raping daughter, attempting to rape her classmate",2026-06-12T08:00:00,Jhenaidah,Maheshpur,23.35291,88.91222,sexual_violence,42.0,5,8,4,jhenaidah,1,zone_alias
Daily Star,https://www.thedailystar.net/news/crime-justice/news/man-shot-dead-chattograms-raozan-4197691,Man shot dead in Chattogram's Raozan,2026-06-12T08:00:00,Chattogram,Pahartali,22.3678,91.7854,murder,,5,8,4,pahartali,2,zone_alias
Daily Star,https://www.thedailystar.net/news/crime-justice/news/2-cops-suspended-over-assault-cricketer-nayeem-hasan-cmp-chief-apologises-4197656,2 cops suspended over assault on cricketer Nayeem Hasan; CMP chief apologises,2026-06-12T08:00:00,Chattogram,Lalkhan Bazar,22.3516,91.8182,violence,,4,8,4,lalkhan bazar,5,zone_alias
Daily Star,https://www.thedailystar.net/news/crime-justice/news/2-cops-suspended-over-assault-cricketer-nayeem-hasan-cmp-chief-apologises-4197656,2 cops suspended over assault on cricketer Nayeem Hasan; CMP chief apologises,2026-06-12T08:00:00,Chattogram,Khulshi,22.364,91.8064,violence,,4,8,4,khulshi,2,zone_alias
Daily Star,https://www.thedailystar.net/news/crime-justice/news/top-criminal-palash-shot-city-4197441,‘Top criminal’ Palash shot in city,2026-06-12T08:00:00,Dhaka,New Market,23.7332,90.3857,murder,,5,8,4,new market,5,zone_alias
Daily Star,https://www.thedailystar.net/news/crime-justice/news/top-criminal-palash-shot-city-4197441,‘Top criminal’ Palash shot in city,2026-06-12T08:00:00,Dhaka,Rampura,23.7639,90.4217,murder,,5,8,4,rampura bridge,4,zone_alias
Daily Star,https://www.thedailystar.net/news/crime-justice/news/top-criminal-palash-shot-city-4197441,‘Top criminal’ Palash shot in city,2026-06-12T08:00:00,Dhaka,Badda,23.7801,90.426,murder,,5,8,4,badda,2,zone_alias
Daily Star,https://www.thedailystar.net/news/crime-justice/news/calls-grow-fresh-probe-kalpana-chakmas-abduction-4197541,Calls grow for fresh probe into Kalpana Chakma’s abduction,2026-06-12T08:00:00,Rangamati,Tabalchhari,22.758512,92.240249,kidnapping,,5,8,4,rangamati,1,zone_alias
Daily Star,https://www.thedailystar.net/news/crime-justice/news/calls-grow-fresh-probe-kalpana-chakmas-abduction-4197541,Calls grow for fresh probe into Kalpana Chakma’s abduction,2026-06-12T08:00:00,Rangamati,Bagaichhari,22.758512,92.240249,kidnapping,,5,8,4,rangamati,1,zone_alias
Daily Star,https://www.thedailystar.net/news/crime-justice/news/calls-grow-fresh-probe-kalpana-chakmas-abduction-4197541,Calls grow for fresh probe into Kalpana Chakma’s abduction,2026-06-12T08:00:00,Rangamati,Barkal,22.19816,91.96293,kidnapping,,5,8,4,rangamati,1,zone_alias
Daily Star,https://www.thedailystar.net/news/crime-justice/news/two-held-over-attack-motorcyclist-dhaka-4197546,Two held over attack on motorcyclist in Dhaka,2026-06-12T08:00:00,Dhaka,Sadarghat,23.7104,90.4074,violence,,5,8,4,Dhaka,0,district_fallback
Daily Star,https://www.thedailystar.net/news/crime-justice/news/two-held-over-attack-motorcyclist-dhaka-4197546,Two held over attack on motorcyclist in Dhaka,2026-06-12T08:00:00,Mymensingh,Sadar Upazila,24.7539,90.4073,violence,,5,8,4,Mymensingh,0,district_fallback
Daily Star,https://www.thedailystar.net/news/crime-justice/news/two-sent-jail-rape-attempted-rape-cases-4197366,"Two sent to jail in rape, attempted rape cases",2026-06-12T08:00:00,Gazipur,Kapasia,24.11404,90.56148,sexual_violence,14.0,5,8,4,kapasia,2,zone_alias
Daily Star,https://www.thedailystar.net/news/crime-justice/news/two-sent-jail-rape-attempted-rape-cases-4197366,"Two sent to jail in rape, attempted rape cases",2026-06-12T08:00:00,Netrokona,Kendua,24.66209,90.84303,sexual_violence,14.0,5,8,4,kendua,2,zone_alias
Daily Star,https://www.thedailystar.net/news/crime-justice/news/two-sent-jail-rape-attempted-rape-cases-4197366,"Two sent to jail in rape, attempted rape cases",2026-06-12T08:00:00,Gazipur,Konabari,24.126097,90.472114,sexual_violence,14.0,5,8,4,gazipur,1,zone_alias
Daily Star,https://www.thedailystar.net/news/crime-justice/news/moulvibazar-woman-gang-raped-home-2-accused-confess-police-4197246,Moulvibazar woman gang-raped at home; 2 accused confess: Police,2026-06-12T08:00:00,Moulvibazar,Moulvibazar Sadar,24.481265,91.858094,suspicious_activity,,2,8,4,moulvibazar sadar,5,zone_alias
Daily Star,https://www.thedailystar.net/news/crime-justice/news/moulvibazar-woman-gang-raped-home-2-accused-confess-police-4197246,Moulvibazar woman gang-raped at home; 2 accused confess: Police,2026-06-12T08:00:00,Moulvibazar,Barlekha,24.481265,91.858094,suspicious_activity,,2,8,4,moulvibazar,1,zone_alias
Daily Star,https://www.thedailystar.net/news/crime-justice/news/moulvibazar-woman-gang-raped-home-2-accused-confess-police-4197246,Moulvibazar woman gang-raped at home; 2 accused confess: Police,2026-06-12T08:00:00,Moulvibazar,Juri,24.531019,92.230029,suspicious_activity,,2,8,4,moulvibazar,1,zone_alias
Daily Star,https://www.thedailystar.net/news/crime-justice/news/2-arrested-over-brick-attack-motorcyclist-dhakas-shewrapara-4197141,2 arrested over brick attack on motorcyclist in Dhaka's Shewrapara,2026-06-12T08:00:00,Dhaka,Sadarghat,23.7104,90.4074,violence,,5,8,4,Dhaka,0,district_fallback
Daily Star,https://www.thedailystar.net/news/crime-justice/news/2-arrested-over-brick-attack-motorcyclist-dhakas-shewrapara-4197141,2 arrested over brick attack on motorcyclist in Dhaka's Shewrapara,2026-06-12T08:00:00,Mymensingh,Sadar Upazila,24.7539,90.4073,violence,,5,8,4,Mymensingh,0,district_fallback
Daily Star,https://www.thedailystar.net/news/crime-justice/news/attempted-break-reported-attorney-generals-office-supreme-court-area-4197096,Attempted break-in reported at attorney general’s office in Supreme Court area,2026-06-12T08:00:00,Dhaka,Shahbagh,23.738,90.3958,kidnapping,,5,8,4,shahbagh,2,zone_alias
Daily Star,https://www.thedailystar.net/news/crime-justice/news/listed-top-criminal-kailla-palash-shot-dhakas-hatirjheel-police-4197086,Listed top criminal 'Kailla Palash' shot in Dhaka's Hatirjheel: Police,2026-06-12T08:00:00,Dhaka,New Market,23.7332,90.3857,murder,15.0,5,8,4,new market,5,zone_alias
Daily Star,https://www.thedailystar.net/news/crime-justice/news/listed-top-criminal-kailla-palash-shot-dhakas-hatirjheel-police-4197086,Listed top criminal 'Kailla Palash' shot in Dhaka's Hatirjheel: Police,2026-06-12T08:00:00,Dhaka,Rampura,23.7639,90.4217,murder,15.0,5,8,4,rampura bridge,4,zone_alias
Daily Star,https://www.thedailystar.net/news/crime-justice/news/man-arrested-over-attempted-rape-disabled-girl-gazipur-4197011,Man arrested over attempted rape of disabled girl in Gazipur,2026-06-12T08:00:00,Gazipur,Kapasia,24.11404,90.56148,sexual_violence,14.0,5,8,4,kapasia,2,zone_alias
Daily Star,https://www.thedailystar.net/news/crime-justice/news/man-arrested-over-attempted-rape-disabled-girl-gazipur-4197011,Man arrested over attempted rape of disabled girl in Gazipur,2026-06-12T08:00:00,Gazipur,Konabari,24.126097,90.472114,sexual_violence,14.0,5,8,4,gazipur,1,zone_alias
Daily Star,https://www.thedailystar.net/news/crime-justice/news/man-arrested-over-attempted-rape-disabled-girl-gazipur-4197011,Man arrested over attempted rape of disabled girl in Gazipur,2026-06-12T08:00:00,Gazipur,Kaliakair,24.126097,90.472114,sexual_violence,14.0,5,8,4,gazipur,1,zone_alias
Daily Star,https://www.thedailystar.net/news/crime-justice/news/2-policemen-stabbed-dhaka-4196981,2 policemen stabbed in Dhaka,2026-06-12T08:00:00,Dhaka,Sadarghat,23.7104,90.4074,violence,,5,8,4,Dhaka,0,district_fallback
Daily Star,https://www.thedailystar.net/news/crime-justice/news/man-held-over-alleged-rape-woman-and-her-niece-jashore-4196376,Man held over alleged rape of a woman and her niece in Jashore,2026-06-12T08:00:00,Jashore,Chanchra,23.168306,89.210408,sexual_violence,16.0,5,8,4,chanchra,2,zone_alias
Daily Star,https://www.thedailystar.net/news/crime-justice/news/man-held-over-alleged-rape-woman-and-her-niece-jashore-4196376,Man held over alleged rape of a woman and her niece in Jashore,2026-06-12T08:00:00,Jashore,Bagharpara,24.045958,90.032723,sexual_violence,16.0,5,8,4,jashore,1,zone_alias
Daily Star,https://www.thedailystar.net/news/crime-justice/news/man-held-over-alleged-rape-woman-and-her-niece-jashore-4196376,Man held over alleged rape of a woman and her niece in Jashore,2026-06-12T08:00:00,Jashore,Jhikargacha,23.11134,89.09061,sexual_violence,16.0,5,8,4,jashore,1,zone_alias
Daily Star,https://www.thedailystar.net/news/crime-justice/news/madrasa-teacher-the-run-after-alleged-rape-knife-attack-student-munshiganj-4196361,"Madrasa teacher on the run after alleged rape, knife attack on student in Munshiganj",2026-06-12T08:00:00,Munshiganj,Tongibari,23.53395,90.484545,violence,14.0,5,8,4,tongibari,2,zone_alias
Daily Star,https://www.thedailystar.net/news/crime-justice/news/madrasa-teacher-the-run-after-alleged-rape-knife-attack-student-munshiganj-4196361,"Madrasa teacher on the run after alleged rape, knife attack on student in Munshiganj",2026-06-12T08:00:00,Bhola,Borhanuddin,22.68759,90.64403,violence,14.0,5,8,4,bhola,1,zone_alias
Daily Star,https://www.thedailystar.net/news/crime-justice/news/madrasa-teacher-the-run-after-alleged-rape-knife-attack-student-munshiganj-4196361,"Madrasa teacher on the run after alleged rape, knife attack on student in Munshiganj",2026-06-12T08:00:00,Bhola,Daulatkhan,22.68759,90.64403,violence,14.0,5,8,4,bhola,1,zone_alias
Daily Star,https://www.thedailystar.net/news/crime-justice/news/youth-arrested-over-rape-mentally-and-visually-impaired-girl-patuakhali-4196106,Youth arrested over rape of mentally and visually impaired girl in Patuakhali,2026-06-12T08:00:00,Patuakhali,Patuakhali Medical College,22.363157,90.327189,sexual_violence,14.0,5,8,4,patuakhali medical college,6,zone_alias
Daily Star,https://www.thedailystar.net/news/crime-justice/news/youth-arrested-over-rape-mentally-and-visually-impaired-girl-patuakhali-4196106,Youth arrested over rape of mentally and visually impaired girl in Patuakhali,2026-06-12T08:00:00,Patuakhali,Bauphal,22.41593,90.55943,sexual_violence,14.0,5,8,4,bauphal,2,zone_alias
Daily Star,https://www.thedailystar.net/news/crime-justice/news/youth-arrested-over-rape-mentally-and-visually-impaired-girl-patuakhali-4196106,Youth arrested over rape of mentally and visually impaired girl in Patuakhali,2026-06-12T08:00:00,Patuakhali,Dumki,22.47022,90.38309,sexual_violence,14.0,5,8,4,patuakhali,1,zone_alias
Daily Star,https://www.thedailystar.net/news/crime-justice/news/class-10-student-hacked-death-over-drug-dispute-noakhali-4196046,Class 10 student hacked to death over drug dispute in Noakhali,2026-06-12T08:00:00,Noakhali,Begumganj,23.0225,91.07472,violence,,5,8,4,begumganj,2,zone_alias
Daily Star,https://www.thedailystar.net/news/crime-justice/news/class-10-student-hacked-death-over-drug-dispute-noakhali-4196046,Class 10 student hacked to death over drug dispute in Noakhali,2026-06-12T08:00:00,Noakhali,Chowmuhani,22.816467,91.121505,violence,,5,8,4,noakhali,1,zone_alias
Daily Star,https://www.thedailystar.net/news/crime-justice/news/class-10-student-hacked-death-over-drug-dispute-noakhali-4196046,Class 10 student hacked to death over drug dispute in Noakhali,2026-06-12T08:00:00,Noakhali,Chatkhil,23.05241,90.97684,violence,,5,8,4,noakhali,1,zone_alias
Daily Star,https://www.thedailystar.net/news/crime-justice/news/case-filed-over-rape-mother-daughter-coxs-bazar-4195971,"Case filed over rape of mother, daughter in Cox’s Bazar",2026-06-12T08:00:00,Chattogram,GEC Circle,22.3597,91.8215,sexual_violence,7.0,5,8,4,Chattogram,0,district_fallback
Daily Star,https://www.thedailystar.net/news/crime-justice/news/masked-men-attack-dot-internet-office-dhakas-lalmatia-4195441,Masked men attack Dot Internet office in Dhaka’s Lalmatia,2026-06-12T08:00:00,Dhaka,Mohammadpur,23.7657,90.3589,violence,,5,8,4,mohammadpur,2,zone_alias
Daily Star,https://www.thedailystar.net/news/crime-justice/news/six-killed-kushtia-ict-verdict-case-against-hanif-3-others-any-day-4195241,"Six killed in Kushtia: ICT verdict in case against Hanif, 3 others any day",2026-06-12T08:00:00,Kushtia,Bheramara,24.02452,88.99234,murder,,5,8,4,kushtia,1,zone_alias
Daily Star,https://www.thedailystar.net/news/crime-justice/news/six-killed-kushtia-ict-verdict-case-against-hanif-3-others-any-day-4195241,"Six killed in Kushtia: ICT verdict in case against Hanif, 3 others any day",2026-06-12T08:00:00,Kushtia,Khoksa,23.9028,89.11943,murder,,5,8,4,kushtia,1,zone_alias
Daily Star,https://www.thedailystar.net/news/crime-justice/news/six-killed-kushtia-ict-verdict-case-against-hanif-3-others-any-day-4195241,"Six killed in Kushtia: ICT verdict in case against Hanif, 3 others any day",2026-06-12T08:00:00,Kushtia,Kumarkhali,23.86132,89.24197,murder,,5,8,4,kushtia,1,zone_alias
Daily Star,https://www.thedailystar.net/news/crime-justice/news/man-stabbed-death-another-critically-injured-chattogram-4195156,"Man stabbed to death, another critically injured in Chattogram",2026-06-12T08:00:00,Chattogram,GEC Circle,22.3597,91.8215,violence,,5,8,4,Chattogram,0,district_fallback
Daily Star,https://www.thedailystar.net/news/crime-justice/news/extortion-row-behind-billal-killing-police-4195066,Extortion row behind Billal killing: police,2026-06-12T08:00:00,Dhaka,Malibagh,23.7471,90.4146,murder,,5,8,4,mouchak,1,zone_alias
Daily Star,https://www.thedailystar.net/news/crime-justice/news/extortion-row-behind-billal-killing-police-4195066,Extortion row behind Billal killing: police,2026-06-12T08:00:00,Munshiganj,Tongibari,23.53395,90.484545,murder,,5,8,4,munshiganj,1,zone_alias
Daily Star,https://www.thedailystar.net/news/crime-justice/news/extortion-row-behind-billal-killing-police-4195066,Extortion row behind Billal killing: police,2026-06-12T08:00:00,Munshiganj,Gazaria,23.17886,89.97853,murder,,5,8,4,munshiganj,1,zone_alias
Daily Star,https://www.thedailystar.net/news/crime-justice/news/violence-against-women-children-3-die-after-fire-house-rape-murder-suspect-4194996,Violence against women & children: 3 die after fire at house of rape-murder suspect,2026-06-12T08:00:00,Pabna,Pabna Sadar,24.00644,89.2372,sexual_violence,16.0,5,8,4,pabna sadar,5,zone_alias
Daily Star,https://www.thedailystar.net/news/crime-justice/news/violence-against-women-children-3-die-after-fire-house-rape-murder-suspect-4194996,Violence against women & children: 3 die after fire at house of rape-murder suspect,2026-06-12T08:00:00,Pabna,Atgharia,24.48515,89.53493,sexual_violence,16.0,5,8,4,pabna,1,zone_alias
Daily Star,https://www.thedailystar.net/news/crime-justice/news/violence-against-women-children-3-die-after-fire-house-rape-murder-suspect-4194996,Violence against women & children: 3 die after fire at house of rape-murder suspect,2026-06-12T08:00:00,Pabna,Bera,24.07821,89.63262,sexual_violence,16.0,5,8,4,pabna,1,zone_alias
Daily Star,https://www.thedailystar.net/news/crime-justice/news/violence-against-women-children-mother-teenage-daughter-raped-during-robbery-4195001,"Violence against women & children: Mother, teenage daughter raped during robbery",2026-06-12T08:00:00,Chattogram,GEC Circle,22.3597,91.8215,robbery,5.0,5,8,4,Chattogram,0,district_fallback
Daily Star,https://www.thedailystar.net/news/crime-justice/news/hc-summons-judge-over-delay-rape-murder-trial-4195016,"HC summons judge over delay in rape, murder trial",2026-06-12T08:00:00,Habiganj,Nabiganj,24.56667,91.51667,sexual_violence,17.0,5,8,4,nabiganj,2,zone_alias
Daily Star,https://www.thedailystar.net/news/crime-justice/news/hc-summons-judge-over-delay-rape-murder-trial-4195016,"HC summons judge over delay in rape, murder trial",2026-06-12T08:00:00,Habiganj,Bahubal,24.38044,91.413,sexual_violence,17.0,5,8,4,habiganj,1,zone_alias
Daily Star,https://www.thedailystar.net/news/crime-justice/news/hc-summons-judge-over-delay-rape-murder-trial-4195016,"HC summons judge over delay in rape, murder trial",2026-06-12T08:00:00,Habiganj,Chunarughat,24.38044,91.413,sexual_violence,17.0,5,8,4,habiganj,1,zone_alias
Daily Star,https://www.thedailystar.net/news/crime-justice/news/bullet-hit-body-recovered-floating-speedboat-padma-river-4194706,Bullet-hit body recovered from floating speedboat in Padma river,2026-06-12T08:00:00,Natore,Bagatipara,24.41112,88.98673,murder,,5,8,4,bagatipara,2,zone_alias
Daily Star,https://www.thedailystar.net/news/crime-justice/news/bullet-hit-body-recovered-floating-speedboat-padma-river-4194706,Bullet-hit body recovered from floating speedboat in Padma river,2026-06-12T08:00:00,Natore,Lalpur,24.41112,88.98673,murder,,5,8,4,lalpur,2,zone_alias
Daily Star,https://www.thedailystar.net/news/crime-justice/news/bullet-hit-body-recovered-floating-speedboat-padma-river-4194706,Bullet-hit body recovered from floating speedboat in Padma river,2026-06-12T08:00:00,Natore,Kanaikhali,24.412191,88.988952,murder,,5,8,4,natore,1,zone_alias
Daily Star,https://www.thedailystar.net/news/crime-justice/news/extortion-row-behind-killing-former-swechchhasebak-dal-leader-police-4194696,Extortion row behind killing of former Swechchhasebak Dal leader: Police,2026-06-12T08:00:00,Dhaka,Rampura,23.7639,90.4217,murder,,5,8,4,rampura,2,zone_alias
Daily Star,https://www.thedailystar.net/news/crime-justice/news/extortion-row-behind-killing-former-swechchhasebak-dal-leader-police-4194696,Extortion row behind killing of former Swechchhasebak Dal leader: Police,2026-06-12T08:00:00,Dhaka,Malibagh,23.7471,90.4146,murder,,5,8,4,mouchak,1,zone_alias
Daily Star,https://www.thedailystar.net/news/crime-justice/news/extortion-row-behind-killing-former-swechchhasebak-dal-leader-police-4194696,Extortion row behind killing of former Swechchhasebak Dal leader: Police,2026-06-12T08:00:00,Munshiganj,Tongibari,23.53395,90.484545,murder,,5,8,4,munshiganj,1,zone_alias
Daily Star,https://www.thedailystar.net/news/crime-justice/news/bagerhat-youth-sent-jail-over-facebook-post-using-zaima-rahmans-photo-4194646,Bagerhat youth sent to jail over social media post using Zaima Rahman’s photo,2026-06-12T08:00:00,Bagerhat,Rampal,22.65657,89.79123,suspicious_activity,24.0,2,8,4,bagerhat,1,zone_alias
Daily Star,https://www.thedailystar.net/news/crime-justice/news/bagerhat-youth-sent-jail-over-facebook-post-using-zaima-rahmans-photo-4194646,Bagerhat youth sent to jail over social media post using Zaima Rahman’s photo,2026-06-12T08:00:00,Bagerhat,Fakirhat,22.77852,89.70579,suspicious_activity,24.0,2,8,4,bagerhat,1,zone_alias
Daily Star,https://www.thedailystar.net/news/crime-justice/news/bagerhat-youth-sent-jail-over-facebook-post-using-zaima-rahmans-photo-4194646,Bagerhat youth sent to jail over social media post using Zaima Rahman’s photo,2026-06-12T08:00:00,Bagerhat,Mollahat,22.65657,89.79123,suspicious_activity,24.0,2,8,4,bagerhat,1,zone_alias
Daily Star,https://www.thedailystar.net/news/crime-justice/news/chattogram-court-orders-crackdown-ambulance-syndicates-4194621,Chattogram court orders crackdown on ambulance syndicates,2026-06-12T08:00:00,Chattogram,Panchlaish,22.3594,91.8377,suspicious_activity,,3,8,4,panchlaish,2,zone_alias
Daily Star,https://www.thedailystar.net/news/crime-justice/news/3-sent-jail-over-banned-chhatra-league-procession-jhenaidah-4194616,3 sent to jail over banned Chhatra League procession in Jhenaidah,2026-06-12T08:00:00,Jhenaidah,Jhenaidah Sadar,23.530615,89.172242,suspicious_activity,,2,8,4,jhenaidah sadar,5,zone_alias
Daily Star,https://www.thedailystar.net/news/crime-justice/news/3-sent-jail-over-banned-chhatra-league-procession-jhenaidah-4194616,3 sent to jail over banned Chhatra League procession in Jhenaidah,2026-06-12T08:00:00,Jhenaidah,Kotchandpur,23.502088,89.122619,suspicious_activity,,2,8,4,jhenaidah,1,zone_alias
Daily Star,https://www.thedailystar.net/news/crime-justice/news/3-sent-jail-over-banned-chhatra-league-procession-jhenaidah-4194616,3 sent to jail over banned Chhatra League procession in Jhenaidah,2026-06-12T08:00:00,Jhenaidah,Maheshpur,23.35291,88.91222,suspicious_activity,,2,8,4,jhenaidah,1,zone_alias
Daily Star,https://www.thedailystar.net/news/crime-justice/news/hc-summons-habiganj-judge-failing-complete-rape-murder-trial-5-years-4194556,HC summons Habiganj judge for failing to complete rape-murder trial in 5 years,2026-06-12T08:00:00,Habiganj,Nabiganj,24.56667,91.51667,sexual_violence,17.0,5,8,4,nabiganj,2,zone_alias
Daily Star,https://www.thedailystar.net/news/crime-justice/news/hc-summons-habiganj-judge-failing-complete-rape-murder-trial-5-years-4194556,HC summons Habiganj judge for failing to complete rape-murder trial in 5 years,2026-06-12T08:00:00,Habiganj,Bahubal,24.38044,91.413,sexual_violence,17.0,5,8,4,habiganj,1,zone_alias
Daily Star,https://www.thedailystar.net/news/crime-justice/news/hc-summons-habiganj-judge-failing-complete-rape-murder-trial-5-years-4194556,HC summons Habiganj judge for failing to complete rape-murder trial in 5 years,2026-06-12T08:00:00,Habiganj,Chunarughat,24.38044,91.413,sexual_violence,17.0,5,8,4,habiganj,1,zone_alias
Daily Star,https://www.thedailystar.net/news/crime-justice/news/hc-questions-lack-elderly-care-system-after-womans-body-found-mirpur-flat-4194546,HC questions lack of elderly care system after woman's body found in Mirpur flat,2026-06-12T08:00:00,Dhaka,Sadarghat,23.7104,90.4074,sexual_violence,75.0,5,8,4,Dhaka,0,district_fallback
Daily Star,https://www.thedailystar.net/news/crime-justice/news/chandpur-man-sent-jail-over-alleged-assault-neglect-elderly-mother-4194521,"Chandpur man sent to jail over alleged assault, neglect of elderly mother",2026-06-12T08:00:00,Chandpur,Faridganj,23.13559,90.7434,violence,,4,8,4,chandpur,1,zone_alias
Daily Star,https://www.thedailystar.net/news/crime-justice/news/chandpur-man-sent-jail-over-alleged-assault-neglect-elderly-mother-4194521,"Chandpur man sent to jail over alleged assault, neglect of elderly mother",2026-06-12T08:00:00,Chandpur,Hajiganj,23.25191,90.85508,violence,,4,8,4,chandpur,1,zone_alias
Daily Star,https://www.thedailystar.net/news/crime-justice/news/mother-teenage-daughter-allegedly-gang-raped-during-robbery-home-coxs-bazar-4194516,"Mother, teenage daughter allegedly gang-raped during robbery at home in Cox’s Bazar",2026-06-12T08:00:00,Cox's Bazar,Cox's Bazar Sadar Hospital,21.352809,92.078364,sexual_violence,40.0,5,8,4,cox's bazar sadar hospital,7,zone_alias
Daily Star,https://www.thedailystar.net/news/crime-justice/news/mother-teenage-daughter-allegedly-gang-raped-during-robbery-home-coxs-bazar-4194516,"Mother, teenage daughter allegedly gang-raped during robbery at home in Cox’s Bazar",2026-06-12T08:00:00,Cox's Bazar,Kolatoli,21.420776,91.983256,sexual_violence,40.0,5,8,4,cox's bazar,4,zone_alias
Daily Star,https://www.thedailystar.net/news/crime-justice/news/mother-teenage-daughter-allegedly-gang-raped-during-robbery-home-coxs-bazar-4194516,"Mother, teenage daughter allegedly gang-raped during robbery at home in Cox’s Bazar",2026-06-12T08:00:00,Cox's Bazar,Chakaria,21.76459,92.07612,sexual_violence,40.0,5,8,4,cox's bazar,4,zone_alias
Daily Star,https://www.thedailystar.net/news/crime-justice/news/ramisa-rape-murder-death-reference-sent-supreme-court-4194481,"Ramisa rape, murder: Death reference sent to Supreme Court",2026-06-12T08:00:00,Dhaka,Sadarghat,23.7104,90.4074,sexual_violence,15.0,5,8,4,Dhaka,0,district_fallback
Daily Star,https://www.thedailystar.net/news/crime-justice/news/three-die-after-arson-attack-homes-rape-murder-accused-pabna-4194466,Three die after arson attack on homes of rape-murder accused in Pabna,2026-06-12T08:00:00,Pabna,Pabna Sadar,24.00644,89.2372,violence,16.0,5,8,4,pabna sadar,5,zone_alias
Daily Star,https://www.thedailystar.net/news/crime-justice/news/three-die-after-arson-attack-homes-rape-murder-accused-pabna-4194466,Three die after arson attack on homes of rape-murder accused in Pabna,2026-06-12T08:00:00,Pabna,Atgharia,24.48515,89.53493,violence,16.0,5,8,4,pabna,1,zone_alias
Daily Star,https://www.thedailystar.net/news/crime-justice/news/three-die-after-arson-attack-homes-rape-murder-accused-pabna-4194466,Three die after arson attack on homes of rape-murder accused in Pabna,2026-06-12T08:00:00,Pabna,Bera,24.07821,89.63262,violence,16.0,5,8,4,pabna,1,zone_alias
Daily Star,https://www.thedailystar.net/news/crime-justice/news/former-banker-held-over-misuse-customers-returned-credit-card-4194436,Former banker held over misuse of customer's returned credit card,2026-06-12T08:00:00,Dhaka,Tejgaon,23.7631,90.4003,suspicious_activity,,2,8,4,tejgaon industrial area,5,zone_alias
Daily Star,https://www.thedailystar.net/news/crime-justice/news/former-banker-held-over-misuse-customers-returned-credit-card-4194436,Former banker held over misuse of customer's returned credit card,2026-06-12T08:00:00,Dhaka,Gulshan,23.7806,90.4167,suspicious_activity,,2,8,4,gulshan,2,zone_alias
Daily Star,https://www.thedailystar.net/news/crime-justice/news/2-arrested-over-killing-former-swechchhasebak-dal-leader-mouchak-4194371,2 arrested over killing of Swechchhasebak Dal leader in Mouchak,2026-06-12T08:00:00,Dhaka,Malibagh,23.7471,90.4146,violence,,5,8,4,mouchak,1,zone_alias
Daily Star,https://www.thedailystar.net/news/crime-justice/news/2-arrested-over-killing-former-swechchhasebak-dal-leader-mouchak-4194371,2 arrested over killing of Swechchhasebak Dal leader in Mouchak,2026-06-12T08:00:00,Munshiganj,Tongibari,23.53395,90.484545,violence,,5,8,4,munshiganj,1,zone_alias
Daily Star,https://www.thedailystar.net/news/crime-justice/news/2-arrested-over-killing-former-swechchhasebak-dal-leader-mouchak-4194371,2 arrested over killing of Swechchhasebak Dal leader in Mouchak,2026-06-12T08:00:00,Munshiganj,Gazaria,23.17886,89.97853,violence,,5,8,4,munshiganj,1,zone_alias
Daily Star,https://www.thedailystar.net/news/crime-justice/news/man-hacked-death-protesting-harassment-granddaughter-4194346,Man hacked to death for 'protesting harassment of granddaughter',2026-06-12T08:00:00,Jashore,Chanchra,23.168306,89.210408,violence,,5,8,4,jashore,1,zone_alias
Daily Star,https://www.thedailystar.net/news/crime-justice/news/man-hacked-death-protesting-harassment-granddaughter-4194346,Man hacked to death for 'protesting harassment of granddaughter',2026-06-12T08:00:00,Jashore,Bagharpara,24.045958,90.032723,violence,,5,8,4,jashore,1,zone_alias
Daily Star,https://www.thedailystar.net/news/crime-justice/news/man-hacked-death-protesting-harassment-granddaughter-4194346,Man hacked to death for 'protesting harassment of granddaughter',2026-06-12T08:00:00,Jashore,Jhikargacha,23.11134,89.09061,violence,,5,8,4,jashore,1,zone_alias
Daily Star,https://www.thedailystar.net/news/crime-justice/news/two-killed-separate-incidents-pabna-4194336,Two killed in separate incidents in Pabna,2026-06-12T08:00:00,Rajshahi,Rajshahi Medical College,24.372,88.586397,murder,,5,8,4,rajshahi medical college,6,zone_alias
Daily Star,https://www.thedailystar.net/news/crime-justice/news/two-killed-separate-incidents-pabna-4194336,Two killed in separate incidents in Pabna,2026-06-12T08:00:00,Pabna,Pabna Sadar,24.00644,89.2372,murder,,5,8,4,pabna sadar,5,zone_alias
Daily Star,https://www.thedailystar.net/news/crime-justice/news/two-killed-separate-incidents-pabna-4194336,Two killed in separate incidents in Pabna,2026-06-12T08:00:00,Pabna,Atgharia,24.48515,89.53493,murder,,5,8,4,pabna,1,zone_alias
Daily Star,https://www.thedailystar.net/news/crime-justice/news/11-injured-clash-over-shortage-beef-servings-faridpur-wedding-4194316,11 injured in clash over 'shortage of beef servings' at Faridpur wedding,2026-06-12T08:00:00,Faridpur,Bhanga,23.60612,89.84064,violence,,4,8,4,bhanga,2,zone_alias
Daily Star,https://www.thedailystar.net/news/crime-justice/news/11-injured-clash-over-shortage-beef-servings-faridpur-wedding-4194316,11 injured in clash over 'shortage of beef servings' at Faridpur wedding,2026-06-12T08:00:00,Faridpur,Goalchamot,23.5936,89.8201,violence,,4,8,4,faridpur,1,zone_alias
Daily Star,https://www.thedailystar.net/news/crime-justice/news/11-injured-clash-over-shortage-beef-servings-faridpur-wedding-4194316,11 injured in clash over 'shortage of beef servings' at Faridpur wedding,2026-06-12T08:00:00,Faridpur,Boalmari,23.39212,89.68308,violence,,4,8,4,faridpur,1,zone_alias
Daily Star,https://www.thedailystar.net/news/crime-justice/news/swechchhasebak-dal-man-stabbed-death-city-4194136,Swechchhasebak Dal man stabbed to death in city,2026-06-12T08:00:00,Dhaka,Malibagh,23.7471,90.4146,violence,,5,8,4,malibagh,2,zone_alias
Daily Star,https://www.thedailystar.net/news/crime-justice/news/biker-tries-save-child-he-hit-both-die-4194156,Biker tries to save child ‘he hit’; both die,2026-06-12T08:00:00,Pabna,Ishwardi,24.130775,89.064327,violence,15.0,5,8,4,ishwardi,2,zone_alias
Daily Star,https://www.thedailystar.net/news/crime-justice/news/biker-tries-save-child-he-hit-both-die-4194156,Biker tries to save child ‘he hit’; both die,2026-06-12T08:00:00,Kushtia,Bheramara,24.02452,88.99234,violence,15.0,5,8,4,kushtia,1,zone_alias
Daily Star,https://www.thedailystar.net/news/crime-justice/news/biker-tries-save-child-he-hit-both-die-4194156,Biker tries to save child ‘he hit’; both die,2026-06-12T08:00:00,Kushtia,Khoksa,23.9028,89.11943,violence,15.0,5,8,4,kushtia,1,zone_alias
Daily Star,https://www.thedailystar.net/news/crime-justice/news/tonu-murder-case-seek-interpols-help-arrest-two-suspects-4194186,Tonu murder case: Seek Interpol’s help to arrest two suspects,2026-06-12T08:00:00,Cumilla,Cumilla Cantonment,23.4417,91.00987,murder,15.0,5,8,4,cumilla cantonment,5,zone_alias
Daily Star,https://www.thedailystar.net/news/crime-justice/news/tonu-murder-case-seek-interpols-help-arrest-two-suspects-4194186,Tonu murder case: Seek Interpol’s help to arrest two suspects,2026-06-12T08:00:00,Cumilla,Burichang,23.5534,91.12901,murder,15.0,5,8,4,burichang,2,zone_alias
Daily Star,https://www.thedailystar.net/news/crime-justice/news/tonu-murder-case-seek-interpols-help-arrest-two-suspects-4194186,Tonu murder case: Seek Interpol’s help to arrest two suspects,2026-06-12T08:00:00,Cumilla,Kandirpar,23.46186,91.18504,murder,15.0,5,8,4,cumilla,1,zone_alias
Daily Star,https://www.thedailystar.net/news/crime-justice/news/mob-beats-man-accused-molesting-girl-rajshahi-4193951,Mob beats man accused of molesting girl in Rajshahi,2026-06-12T08:00:00,Rajshahi,Rajshahi Medical College,24.372,88.586397,violence,9.0,5,8,4,rajshahi medical college,6,zone_alias
Daily Star,https://www.thedailystar.net/news/crime-justice/news/mob-beats-man-accused-molesting-girl-rajshahi-4193951,Mob beats man accused of molesting girl in Rajshahi,2026-06-12T08:00:00,Rajshahi,Binodpur,24.37443,88.603999,violence,9.0,5,8,4,rajshahi,1,zone_alias
Daily Star,https://www.thedailystar.net/news/crime-justice/news/mob-beats-man-accused-molesting-girl-rajshahi-4193951,Mob beats man accused of molesting girl in Rajshahi,2026-06-12T08:00:00,Rajshahi,Kazla,24.364265,88.632816,violence,9.0,5,8,4,rajshahi,1,zone_alias
Daily Star,https://www.thedailystar.net/news/crime-justice/news/swechchhasebak-dal-leader-stabbed-death-dhakas-mouchak-4193851,Swechchhasebak Dal leader stabbed to death in Dhaka’s Mouchak,2026-06-12T08:00:00,Dhaka,Malibagh,23.7471,90.4146,violence,,5,8,4,malibagh,2,zone_alias
Daily Star,https://www.thedailystar.net/news/crime-justice/news/paper-book-prepared-maguras-asiya-rape-and-murder-case-4193761,Paper-book prepared for Magura’s Asiya rape and murder case,2026-06-12T08:00:00,Magura,Arpara,23.405385,89.416036,sexual_violence,15.0,5,8,4,magura,1,zone_alias
Daily Star,https://www.thedailystar.net/news/crime-justice/news/paper-book-prepared-maguras-asiya-rape-and-murder-case-4193761,Paper-book prepared for Magura’s Asiya rape and murder case,2026-06-12T08:00:00,Magura,Langalbadh,23.666337,89.366377,sexual_violence,15.0,5,8,4,magura,1,zone_alias
Daily Star,https://www.thedailystar.net/news/crime-justice/news/paper-book-prepared-maguras-asiya-rape-and-murder-case-4193761,Paper-book prepared for Magura’s Asiya rape and murder case,2026-06-12T08:00:00,Magura,Shalikha,23.34,89.36,sexual_violence,15.0,5,8,4,magura,1,zone_alias
Daily Star,https://www.thedailystar.net/news/crime-justice/news/man-arrested-over-alleged-sexual-abuse-child-munshiganj-4193656,Man arrested over alleged sexual abuse of child in Munshiganj,2026-06-12T08:00:00,Munshiganj,Gazaria,23.17886,89.97853,violence,15.0,5,8,4,gazaria,2,zone_alias
Daily Star,https://www.thedailystar.net/news/crime-justice/news/man-arrested-over-alleged-sexual-abuse-child-munshiganj-4193656,Man arrested over alleged sexual abuse of child in Munshiganj,2026-06-12T08:00:00,Narayanganj,Siddhirganj,23.61352,90.50298,violence,15.0,5,8,4,siddhirganj,2,zone_alias
Daily Star,https://www.thedailystar.net/news/crime-justice/news/man-arrested-over-alleged-sexual-abuse-child-munshiganj-4193656,Man arrested over alleged sexual abuse of child in Munshiganj,2026-06-12T08:00:00,Narayanganj,Chashara,23.62502,90.49684,violence,15.0,5,8,4,narayanganj,1,zone_alias
Daily Star,https://www.thedailystar.net/news/crime-justice/news/husband-attempts-suicide-after-killing-wife-jashore-police-suspect-4193551,"Husband attempts suicide after killing wife in Jashore, police suspect",2026-06-12T08:00:00,Jashore,Chanchra,23.168306,89.210408,violence,,5,8,4,jashore,1,zone_alias
Daily Star,https://www.thedailystar.net/news/crime-justice/news/husband-attempts-suicide-after-killing-wife-jashore-police-suspect-4193551,"Husband attempts suicide after killing wife in Jashore, police suspect",2026-06-12T08:00:00,Jashore,Bagharpara,24.045958,90.032723,violence,,5,8,4,jashore,1,zone_alias
Daily Star,https://www.thedailystar.net/news/crime-justice/news/husband-attempts-suicide-after-killing-wife-jashore-police-suspect-4193551,"Husband attempts suicide after killing wife in Jashore, police suspect",2026-06-12T08:00:00,Jashore,Jhikargacha,23.11134,89.09061,violence,,5,8,4,jashore,1,zone_alias
Daily Star,https://www.thedailystar.net/news/crime-justice/news/suspected-thief-beaten-death-manikganj-4193481,Suspected thief beaten to death in Manikganj,2026-06-12T08:00:00,Manikganj,Manikganj Sadar Hospital,23.861743,90.00136,robbery,,4,8,4,manikganj sadar hospital,6,zone_alias
Daily Star,https://www.thedailystar.net/news/crime-justice/news/suspected-thief-beaten-death-manikganj-4193481,Suspected thief beaten to death in Manikganj,2026-06-12T08:00:00,Manikganj,Manikganj Sadar,23.861743,90.00136,robbery,,4,8,4,manikganj sadar,5,zone_alias
Daily Star,https://www.thedailystar.net/news/crime-justice/news/suspected-thief-beaten-death-manikganj-4193481,Suspected thief beaten to death in Manikganj,2026-06-12T08:00:00,Manikganj,Singair,23.81285,90.14276,robbery,,4,8,4,singair,2,zone_alias
Daily Star,https://www.thedailystar.net/news/crime-justice/news/khulna-police-continue-anti-crime-drive-arrest-33-more-4193461,"Khulna police continue anti-crime drive, arrest 33 more",2026-06-12T08:00:00,Khulna,Khalishpur,22.85308,89.54427,suspicious_activity,,2,8,4,khalishpur,2,zone_alias
Daily Star,https://www.thedailystar.net/news/crime-justice/news/khulna-police-continue-anti-crime-drive-arrest-33-more-4193461,"Khulna police continue anti-crime drive, arrest 33 more",2026-06-12T08:00:00,Khulna,Boyra,22.82813,89.543382,suspicious_activity,,2,8,4,khulna,1,zone_alias
Daily Star,https://www.thedailystar.net/news/crime-justice/news/khulna-police-continue-anti-crime-drive-arrest-33-more-4193461,"Khulna police continue anti-crime drive, arrest 33 more",2026-06-12T08:00:00,Khulna,Gollamari,22.837283,89.540056,suspicious_activity,,2,8,4,khulna,1,zone_alias
Daily Star,https://www.thedailystar.net/news/crime-justice/news/where-rape-happens-inside-homes-among-familiar-faces-4193366,"Where rape happens: Inside homes, among familiar faces",2026-06-12T08:00:00,Gazipur,Kaliakair,24.126097,90.472114,sexual_violence,13.0,5,8,4,kaliakair,2,zone_alias
Daily Star,https://www.thedailystar.net/news/crime-justice/news/where-rape-happens-inside-homes-among-familiar-faces-4193366,"Where rape happens: Inside homes, among familiar faces",2026-06-12T08:00:00,Munshiganj,Tongibari,23.53395,90.484545,sexual_violence,13.0,5,8,4,tongibari,2,zone_alias
Daily Star,https://www.thedailystar.net/news/crime-justice/news/where-rape-happens-inside-homes-among-familiar-faces-4193366,"Where rape happens: Inside homes, among familiar faces",2026-06-12T08:00:00,Gazipur,Konabari,24.126097,90.472114,sexual_violence,13.0,5,8,4,gazipur,1,zone_alias
Daily Star,https://www.thedailystar.net/news/crime-justice/news/ramisa-rape-murder-sohel-swapna-sentenced-death-4193266,"Ramisa rape, murder: Sohel, Swapna sentenced to death",2026-06-12T08:00:00,Dhaka,Sadarghat,23.7104,90.4074,sexual_violence,15.0,5,8,4,Dhaka,0,district_fallback
Daily Star,https://www.thedailystar.net/news/crime-justice/news/woman-held-brahmanbaria-drug-raid-husband-flees-after-spotting-police-cctv-4192961,Woman held in Brahmanbaria drug raid; husband flees after spotting police on CCTV,2026-06-12T08:00:00,Brahmanbaria,Brahmanbaria Sadar,23.97464,91.11228,suspicious_activity,,2,8,4,brahmanbaria sadar,5,zone_alias
Daily Star,https://www.thedailystar.net/news/crime-justice/news/woman-held-brahmanbaria-drug-raid-husband-flees-after-spotting-police-cctv-4192961,Woman held in Brahmanbaria drug raid; husband flees after spotting police on CCTV,2026-06-12T08:00:00,Brahmanbaria,Ashuganj,23.944546,91.106189,suspicious_activity,,2,8,4,brahmanbaria,1,zone_alias
Daily Star,https://www.thedailystar.net/news/crime-justice/news/woman-held-brahmanbaria-drug-raid-husband-flees-after-spotting-police-cctv-4192961,Woman held in Brahmanbaria drug raid; husband flees after spotting police on CCTV,2026-06-12T08:00:00,Brahmanbaria,Kasba,22.989113,90.220702,suspicious_activity,,2,8,4,brahmanbaria,1,zone_alias
Daily Star,https://www.thedailystar.net/news/crime-justice/news/man-beaten-locals-kushtia-over-alleged-rape-10-year-old-4192901,Man beaten by locals in Kushtia over alleged rape of 10-year-old,2026-06-12T08:00:00,Kushtia,Bheramara,24.02452,88.99234,sexual_violence,10.0,5,8,4,kushtia,1,zone_alias
Daily Star,https://www.thedailystar.net/news/crime-justice/news/man-beaten-locals-kushtia-over-alleged-rape-10-year-old-4192901,Man beaten by locals in Kushtia over alleged rape of 10-year-old,2026-06-12T08:00:00,Kushtia,Khoksa,23.9028,89.11943,sexual_violence,10.0,5,8,4,kushtia,1,zone_alias
Daily Star,https://www.thedailystar.net/news/crime-justice/news/man-beaten-locals-kushtia-over-alleged-rape-10-year-old-4192901,Man beaten by locals in Kushtia over alleged rape of 10-year-old,2026-06-12T08:00:00,Kushtia,Kumarkhali,23.86132,89.24197,sexual_violence,10.0,5,8,4,kushtia,1,zone_alias
Daily Star,https://www.thedailystar.net/news/crime-justice/news/oc-withdrawn-after-bnp-al-clashes-noakhali-4192826,OC withdrawn after BNP-AL clashes in Noakhali,2026-06-12T08:00:00,Feni,Sonagazi,22.81935,91.42191,violence,,4,8,4,sonagazi,2,zone_alias
Daily Star,https://www.thedailystar.net/news/crime-justice/news/oc-withdrawn-after-bnp-al-clashes-noakhali-4192826,OC withdrawn after BNP-AL clashes in Noakhali,2026-06-12T08:00:00,Noakhali,Chowmuhani,22.816467,91.121505,violence,,4,8,4,noakhali,1,zone_alias
Daily Star,https://www.thedailystar.net/news/crime-justice/news/oc-withdrawn-after-bnp-al-clashes-noakhali-4192826,OC withdrawn after BNP-AL clashes in Noakhali,2026-06-12T08:00:00,Feni,Chhagalnaiya,23.02475,91.51092,violence,,4,8,4,feni,1,zone_alias
Daily Star,https://www.thedailystar.net/news/crime-justice/news/17000-snatched-after-man-shot-dhakas-motijheel-4192791,"$17,000 snatched after man shot in Dhaka's Motijheel",2026-06-12T08:00:00,Dhaka,Motijheel,23.733,90.4172,robbery,,4,8,4,motijheel,2,zone_alias
Daily Star,https://www.thedailystar.net/news/crime-justice/news/convicts-lawyer-says-he-satisfied-ramisa-rape-and-murder-case-verdict-4192671,Convicts’ lawyer says he is 'satisfied' with Ramisa rape and murder case verdict,2026-06-12T08:00:00,Dhaka,Sadarghat,23.7104,90.4074,sexual_violence,,5,8,4,Dhaka,0,district_fallback
Daily Star,https://www.thedailystar.net/news/crime-justice/news/cj-form-specific-hc-bench-death-references-cases-linked-women-children-4192656,CJ to form specific HC bench for death references in cases linked to women children,2026-06-12T08:00:00,Dhaka,Sadarghat,23.7104,90.4074,sexual_violence,15.0,5,8,4,Dhaka,0,district_fallback
Daily Star,https://www.thedailystar.net/news/crime-justice/news/court-says-ramisa-case-test-humanity-and-rule-law-4192646,Court says Ramisa case a test of humanity and rule of law,2026-06-12T08:00:00,Dhaka,Sadarghat,23.7104,90.4074,sexual_violence,15.0,5,8,4,Dhaka,0,district_fallback
Daily Star,https://www.thedailystar.net/news/crime-justice/news/pleased-full-satisfaction-come-after-execution-verdict-ramisas-father-4192631,"Pleased, full satisfaction to come after execution of verdict: Ramisa’s father",2026-06-12T08:00:00,Dhaka,Sadarghat,23.7104,90.4074,sexual_violence,15.0,5,8,4,Dhaka,0,district_fallback
Daily Star,https://www.thedailystar.net/news/crime-justice/news/39-more-arrested-khulna-anti-crime-drive-total-268-held-so-far-4192616,39 more arrested in Khulna anti-crime drive; total 268 held so far,2026-06-12T08:00:00,Khulna,Khalishpur,22.85308,89.54427,suspicious_activity,,2,8,4,khulna,1,zone_alias
Daily Star,https://www.thedailystar.net/news/crime-justice/news/39-more-arrested-khulna-anti-crime-drive-total-268-held-so-far-4192616,39 more arrested in Khulna anti-crime drive; total 268 held so far,2026-06-12T08:00:00,Khulna,Boyra,22.82813,89.543382,suspicious_activity,,2,8,4,khulna,1,zone_alias
Daily Star,https://www.thedailystar.net/news/crime-justice/news/39-more-arrested-khulna-anti-crime-drive-total-268-held-so-far-4192616,39 more arrested in Khulna anti-crime drive; total 268 held so far,2026-06-12T08:00:00,Khulna,Gollamari,22.837283,89.540056,suspicious_activity,,2,8,4,khulna,1,zone_alias
Daily Star,https://www.thedailystar.net/news/crime-justice/news/law-minister-hopes-ramisa-murder-verdict-will-be-upheld-higher-court-4192601,Law minister hopes Ramisa murder verdict will be upheld by higher court,2026-06-12T08:00:00,Dhaka,Sadarghat,23.7104,90.4074,sexual_violence,15.0,5,8,4,Dhaka,0,district_fallback
Daily Star,https://www.thedailystar.net/news/crime-justice/news/ramisa-murder-sohel-wife-swapna-sentenced-death-4192556,"Ramisa Murder: Sohel, wife Swapna sentenced to death",2026-06-12T08:00:00,Dhaka,Sadarghat,23.7104,90.4074,sexual_violence,15.0,5,8,4,Dhaka,0,district_fallback
Daily Star,https://www.thedailystar.net/news/crime-justice/news/ramisa-murder-verdict-today-just-19-days-after-incident-4192406,"Ramisa Murder: Verdict today, just 19 days after incident",2026-06-12T08:00:00,Dhaka,Sadarghat,23.7104,90.4074,sexual_violence,15.0,5,8,4,Dhaka,0,district_fallback
Daily Star,https://www.thedailystar.net/news/crime-justice/news/easy-bike-driver-arrested-over-rape-speech-impaired-girl-narail-4192121,Easy bike driver arrested over rape of speech-impaired girl in Narail,2026-06-12T08:00:00,Narail,Lakshmipasha,23.15509,89.49515,sexual_violence,13.0,5,8,4,narail,1,zone_alias
Daily Star,https://www.thedailystar.net/news/crime-justice/news/easy-bike-driver-arrested-over-rape-speech-impaired-girl-narail-4192121,Easy bike driver arrested over rape of speech-impaired girl in Narail,2026-06-12T08:00:00,Narail,Kalia,23.043,89.63094,sexual_violence,13.0,5,8,4,narail,1,zone_alias
Daily Star,https://www.thedailystar.net/news/crime-justice/news/easy-bike-driver-arrested-over-rape-speech-impaired-girl-narail-4192121,Easy bike driver arrested over rape of speech-impaired girl in Narail,2026-06-12T08:00:00,Narail,Maijpara,23.15509,89.49515,sexual_violence,13.0,5,8,4,narail,1,zone_alias
Daily Star,https://www.thedailystar.net/news/crime-justice/news/case-filed-against-5-over-attack-journalist-jhenaidah-4192011,Case filed against 5 over 'attack' on journalist in Jhenaidah,2026-06-12T08:00:00,Kushtia,Kushtia Medical College,23.903692,89.121792,violence,,5,8,4,kushtia medical college,6,zone_alias
Daily Star,https://www.thedailystar.net/news/crime-justice/news/case-filed-against-5-over-attack-journalist-jhenaidah-4192011,Case filed against 5 over 'attack' on journalist in Jhenaidah,2026-06-12T08:00:00,Jhenaidah,Harinakundu,23.502088,89.122619,violence,,5,8,4,harinakundu,2,zone_alias
Daily Star,https://www.thedailystar.net/news/crime-justice/news/case-filed-against-5-over-attack-journalist-jhenaidah-4192011,Case filed against 5 over 'attack' on journalist in Jhenaidah,2026-06-12T08:00:00,Jhenaidah,Kotchandpur,23.502088,89.122619,violence,,5,8,4,jhenaidah,1,zone_alias
Daily Star,https://www.thedailystar.net/news/crime-justice/news/journalist-attacked-inside-traffic-police-box-gazipur-4191866,Journalist attacked inside traffic police box in Gazipur,2026-06-12T08:00:00,Gazipur,Konabari,24.126097,90.472114,violence,,5,8,4,gazipur,1,zone_alias
Daily Star,https://www.thedailystar.net/news/crime-justice/news/journalist-attacked-inside-traffic-police-box-gazipur-4191866,Journalist attacked inside traffic police box in Gazipur,2026-06-12T08:00:00,Gazipur,Kaliakair,24.126097,90.472114,violence,,5,8,4,gazipur,1,zone_alias
Daily Star,https://www.thedailystar.net/news/crime-justice/news/journalist-attacked-inside-traffic-police-box-gazipur-4191866,Journalist attacked inside traffic police box in Gazipur,2026-06-12T08:00:00,Gazipur,Kapasia,24.11404,90.56148,violence,,5,8,4,gazipur,1,zone_alias
Daily Star,https://www.thedailystar.net/news/crime-justice/news/special-drive-59-including-two-aides-grenade-babu-arrested-khulna-4191496,"Special drive: 59, including two aides of ‘Grenade Babu’, arrested in Khulna",2026-06-12T08:00:00,Khulna,Khalishpur,22.85308,89.54427,suspicious_activity,,2,8,4,khalishpur,2,zone_alias
Daily Star,https://www.thedailystar.net/news/crime-justice/news/special-drive-59-including-two-aides-grenade-babu-arrested-khulna-4191496,"Special drive: 59, including two aides of ‘Grenade Babu’, arrested in Khulna",2026-06-12T08:00:00,Khulna,Boyra,22.82813,89.543382,suspicious_activity,,2,8,4,khulna,1,zone_alias
Daily Star,https://www.thedailystar.net/news/crime-justice/news/special-drive-59-including-two-aides-grenade-babu-arrested-khulna-4191496,"Special drive: 59, including two aides of ‘Grenade Babu’, arrested in Khulna",2026-06-12T08:00:00,Khulna,Gollamari,22.837283,89.540056,suspicious_activity,,2,8,4,khulna,1,zone_alias
Daily Star,https://www.thedailystar.net/news/crime-justice/news/bnp-man-accused-assaulting-pregnant-woman-4191511,BNP man accused of assaulting a pregnant woman,2026-06-12T08:00:00,Netrokona,Mohanganj,24.87564,90.97773,violence,,4,8,4,mohanganj,2,zone_alias
Daily Star,https://www.thedailystar.net/news/crime-justice/news/bnp-man-accused-assaulting-pregnant-woman-4191511,BNP man accused of assaulting a pregnant woman,2026-06-12T08:00:00,Netrokona,Mokterpara,24.871384,90.732886,violence,,4,8,4,netrokona,1,zone_alias
Daily Star,https://www.thedailystar.net/news/crime-justice/news/bnp-man-accused-assaulting-pregnant-woman-4191511,BNP man accused of assaulting a pregnant woman,2026-06-12T08:00:00,Netrokona,Kalmakanda,25.00108,90.80773,violence,,4,8,4,netrokona,1,zone_alias
Daily Star,https://www.thedailystar.net/news/crime-justice/news/violence-against-women-children-rises-may-4191541,"Violence against women, children rises in May",2026-06-12T08:00:00,Kushtia,Bheramara,24.02452,88.99234,sexual_violence,15.0,5,8,4,kushtia,1,zone_alias
Daily Star,https://www.thedailystar.net/news/crime-justice/news/violence-against-women-children-rises-may-4191541,"Violence against women, children rises in May",2026-06-12T08:00:00,Kushtia,Khoksa,23.9028,89.11943,sexual_violence,15.0,5,8,4,kushtia,1,zone_alias
Daily Star,https://www.thedailystar.net/news/crime-justice/news/violence-against-women-children-rises-may-4191541,"Violence against women, children rises in May",2026-06-12T08:00:00,Kushtia,Kumarkhali,23.86132,89.24197,sexual_violence,15.0,5,8,4,kushtia,1,zone_alias
Daily Star,https://www.thedailystar.net/news/crime-justice/news/case-filed-against-man-over-rape-14-year-old-girl-jamalpur-4191351,Case filed against man over rape of 14-year-old girl in Jamalpur,2026-06-12T08:00:00,Jamalpur,Sarishabari,24.75127,89.83126,sexual_violence,14.0,5,8,4,sarishabari,2,zone_alias
Daily Star,https://www.thedailystar.net/news/crime-justice/news/case-filed-against-man-over-rape-14-year-old-girl-jamalpur-4191351,Case filed against man over rape of 14-year-old girl in Jamalpur,2026-06-12T08:00:00,Jamalpur,Dewanganj,25.14236,89.76215,sexual_violence,14.0,5,8,4,jamalpur,1,zone_alias
Daily Star,https://www.thedailystar.net/news/crime-justice/news/case-filed-against-man-over-rape-14-year-old-girl-jamalpur-4191351,Case filed against man over rape of 14-year-old girl in Jamalpur,2026-06-12T08:00:00,Jamalpur,Madarganj,24.91965,89.94812,sexual_violence,14.0,5,8,4,jamalpur,1,zone_alias
Daily Star,https://www.thedailystar.net/news/crime-justice/news/college-chhatra-dal-unit-president-held-attacking-police-netrokona-4191291,College Chhatra Dal unit president held for attacking police in Netrokona,2026-06-12T08:00:00,Netrokona,Mokterpara,24.871384,90.732886,sexual_violence,,5,8,4,netrokona,1,zone_alias
Daily Star,https://www.thedailystar.net/news/crime-justice/news/college-chhatra-dal-unit-president-held-attacking-police-netrokona-4191291,College Chhatra Dal unit president held for attacking police in Netrokona,2026-06-12T08:00:00,Netrokona,Kalmakanda,25.00108,90.80773,sexual_violence,,5,8,4,netrokona,1,zone_alias
Daily Star,https://www.thedailystar.net/news/crime-justice/news/college-chhatra-dal-unit-president-held-attacking-police-netrokona-4191291,College Chhatra Dal unit president held for attacking police in Netrokona,2026-06-12T08:00:00,Netrokona,Kendua,24.66209,90.84303,sexual_violence,,5,8,4,netrokona,1,zone_alias
Daily Star,https://www.thedailystar.net/news/crime-justice/news/woman-sustains-burns-acid-attack-ex-husband-habiganj-4191226,Woman sustains burns in acid attack by ex-husband in Habiganj,2026-06-12T08:00:00,Sylhet,Sylhet MAG Osmani Medical College,24.900577,91.853376,violence,28.0,5,8,4,sylhet mag osmani medical college,8,zone_alias
Daily Star,https://www.thedailystar.net/news/crime-justice/news/woman-sustains-burns-acid-attack-ex-husband-habiganj-4191226,Woman sustains burns in acid attack by ex-husband in Habiganj,2026-06-12T08:00:00,Habiganj,Habiganj Sadar Hospital,24.373729,91.41607,violence,28.0,5,8,4,habiganj sadar hospital,6,zone_alias
Daily Star,https://www.thedailystar.net/news/crime-justice/news/woman-sustains-burns-acid-attack-ex-husband-habiganj-4191226,Woman sustains burns in acid attack by ex-husband in Habiganj,2026-06-12T08:00:00,Habiganj,Habiganj Sadar,24.38044,91.413,violence,28.0,5,8,4,habiganj sadar,5,zone_alias
Daily Star,https://www.thedailystar.net/news/crime-justice/news/missing-former-jubo-dal-leader-found-dead-4191006,Missing former Jubo Dal leader found dead,2026-06-12T08:00:00,Tangail,Ghatail,24.46667,89.96667,kidnapping,,5,8,4,ghatail,2,zone_alias
Daily Star,https://www.thedailystar.net/news/crime-justice/news/missing-former-jubo-dal-leader-found-dead-4191006,Missing former Jubo Dal leader found dead,2026-06-12T08:00:00,Tangail,Kalihati,24.39246,89.99215,kidnapping,,5,8,4,tangail,1,zone_alias
Daily Star,https://www.thedailystar.net/news/crime-justice/news/missing-former-jubo-dal-leader-found-dead-4191006,Missing former Jubo Dal leader found dead,2026-06-12T08:00:00,Tangail,Madhupur,24.61186,90.03149,kidnapping,,5,8,4,tangail,1,zone_alias
Daily Star,https://www.thedailystar.net/news/crime-justice/news/ramisa-murder-verdict-sunday-after-19-days-4191026,"Ramisa murder verdict Sunday, after 19 days",2026-06-12T08:00:00,Dhaka,Sadarghat,23.7104,90.4074,sexual_violence,15.0,5,8,4,Dhaka,0,district_fallback
Daily Star,https://www.thedailystar.net/news/crime-justice/news/section-144-nandail-after-clash-over-land-4191096,Section 144 in Nandail after clash over land,2026-06-12T08:00:00,Mymensingh,Sadar Upazila,24.7539,90.4073,violence,,4,8,4,Mymensingh,0,district_fallback
Daily Star,https://www.thedailystar.net/news/crime-justice/news/woman-found-dead-pallabi-apartment-4191136,Woman found dead in Pallabi apartment,2026-06-12T08:00:00,Dhaka,Sadarghat,23.7104,90.4074,suspicious_activity,15.0,4,8,4,Dhaka,0,district_fallback
Daily Star,https://www.thedailystar.net/news/crime-justice/news/2844-arrested-dmp-drives-last-month-4191141,"2,844 arrested in DMP drives last month",2026-06-12T08:00:00,Dhaka,Mohammadpur,23.7657,90.3589,robbery,,4,8,4,mohammadpur,2,zone_alias
Daily Star,https://www.thedailystar.net/news/crime-justice/news/2844-arrested-dmp-drives-last-month-4191141,"2,844 arrested in DMP drives last month",2026-06-12T08:00:00,Dhaka,Uttara,23.8724,90.3953,robbery,,4,8,4,uttara,2,zone_alias
Daily Star,https://www.thedailystar.net/news/crime-justice/news/2844-arrested-dmp-drives-last-month-4191141,"2,844 arrested in DMP drives last month",2026-06-12T08:00:00,Dhaka,Jatrabari,23.7104,90.4349,robbery,,4,8,4,jatrabari,2,zone_alias
Daily Star,https://www.thedailystar.net/news/crime-justice/news/one-dead-15-injured-villagers-clash-tangail-4190816,"One dead, 15 injured as villagers clash in Tangail",2026-06-12T08:00:00,Tangail,Tangail General Hospital,24.26397,89.925263,violence,65.0,5,8,4,tangail general hospital,6,zone_alias
Daily Star,https://www.thedailystar.net/news/crime-justice/news/one-dead-15-injured-villagers-clash-tangail-4190816,"One dead, 15 injured as villagers clash in Tangail",2026-06-12T08:00:00,Tangail,Ghatail,24.46667,89.96667,violence,65.0,5,8,4,tangail,1,zone_alias
Daily Star,https://www.thedailystar.net/news/crime-justice/news/one-dead-15-injured-villagers-clash-tangail-4190816,"One dead, 15 injured as villagers clash in Tangail",2026-06-12T08:00:00,Tangail,Kalihati,24.39246,89.99215,violence,65.0,5,8,4,tangail,1,zone_alias
Daily Star,https://www.thedailystar.net/news/crime-justice/news/man-dies-after-mob-beating-over-alleged-assault-child-jhenaidah-4190811,Man dies after mob beating over alleged assault of child in Jhenaidah,2026-06-12T08:00:00,Jhenaidah,Jhenaidah Sadar,23.530615,89.172242,violence,45.0,5,8,4,jhenaidah sadar,5,zone_alias
Daily Star,https://www.thedailystar.net/news/crime-justice/news/man-dies-after-mob-beating-over-alleged-assault-child-jhenaidah-4190811,Man dies after mob beating over alleged assault of child in Jhenaidah,2026-06-12T08:00:00,Jhenaidah,Kotchandpur,23.502088,89.122619,violence,45.0,5,8,4,jhenaidah,1,zone_alias
Daily Star,https://www.thedailystar.net/news/crime-justice/news/man-dies-after-mob-beating-over-alleged-assault-child-jhenaidah-4190811,Man dies after mob beating over alleged assault of child in Jhenaidah,2026-06-12T08:00:00,Jhenaidah,Maheshpur,23.35291,88.91222,violence,45.0,5,8,4,jhenaidah,1,zone_alias
Daily Star,https://www.thedailystar.net/news/crime-justice/news/police-press-charges-ctg-child-rape-case-within-7-working-days-4190676,Police press charges in Ctg child rape case within 7 working days,2026-06-12T08:00:00,Chattogram,Chawkbazar,22.3562,91.8372,sexual_violence,15.0,5,8,4,chawkbazar,2,zone_alias
Daily Star,https://www.thedailystar.net/news/crime-justice/news/over-2800-arrested-month-long-crackdown-across-dhaka-dmp-4190636,"Over 2,800 arrested in month-long special drives across Dhaka: DMP",2026-06-12T08:00:00,Dhaka,Mohammadpur,23.7657,90.3589,sexual_violence,,5,8,4,mohammadpur,2,zone_alias
Daily Star,https://www.thedailystar.net/news/crime-justice/news/over-2800-arrested-month-long-crackdown-across-dhaka-dmp-4190636,"Over 2,800 arrested in month-long special drives across Dhaka: DMP",2026-06-12T08:00:00,Dhaka,Uttara,23.8724,90.3953,sexual_violence,,5,8,4,uttara,2,zone_alias
Daily Star,https://www.thedailystar.net/news/crime-justice/news/over-2800-arrested-month-long-crackdown-across-dhaka-dmp-4190636,"Over 2,800 arrested in month-long special drives across Dhaka: DMP",2026-06-12T08:00:00,Dhaka,Jatrabari,23.7104,90.4349,sexual_violence,,5,8,4,jatrabari,2,zone_alias
Daily Star,https://www.thedailystar.net/news/crime-justice/news/2-arrested-over-theft-pm-office-red-telephone-cables-4190546,2 arrested over theft of PM office ‘red telephone’ cables,2026-06-12T08:00:00,Dhaka,Sadarghat,23.7104,90.4074,robbery,,3,8,4,Dhaka,0,district_fallback
Daily Star,https://www.thedailystar.net/news/crime-justice/news/ramisa-rape-murder-verdict-due-june-7-4190471,"Ramisa rape, murder verdict due June 7",2026-06-12T08:00:00,Dhaka,Sadarghat,23.7104,90.4074,sexual_violence,15.0,5,8,4,Dhaka,0,district_fallback
Daily Star,https://www.thedailystar.net/news/crime-justice/news/man-beaten-death-patuakhali-over-land-dispute-4190246,Man beaten to death in Patuakhali over land dispute,2026-06-12T08:00:00,Patuakhali,Patuakhali Medical College,22.363157,90.327189,violence,,5,8,4,patuakhali medical college,6,zone_alias
Daily Star,https://www.thedailystar.net/news/crime-justice/news/man-beaten-death-patuakhali-over-land-dispute-4190246,Man beaten to death in Patuakhali over land dispute,2026-06-12T08:00:00,Patuakhali,Bauphal,22.41593,90.55943,violence,,5,8,4,bauphal,2,zone_alias
Daily Star,https://www.thedailystar.net/news/crime-justice/news/man-beaten-death-patuakhali-over-land-dispute-4190246,Man beaten to death in Patuakhali over land dispute,2026-06-12T08:00:00,Patuakhali,Dumki,22.47022,90.38309,violence,,5,8,4,patuakhali,1,zone_alias
Daily Star,https://www.thedailystar.net/news/crime-justice/news/teen-raped-panchagarh-case-filed-against-6-4190251,Teen raped in Panchagarh Case filed against 6,2026-06-12T08:00:00,Panchagarh,Debiganj,26.11845,88.75948,sexual_violence,18.0,5,8,4,debiganj,2,zone_alias
Daily Star,https://www.thedailystar.net/news/crime-justice/news/teen-raped-panchagarh-case-filed-against-6-4190251,Teen raped in Panchagarh Case filed against 6,2026-06-12T08:00:00,Panchagarh,Atwari,26.30832,88.39939,sexual_violence,18.0,5,8,4,panchagarh,1,zone_alias
Daily Star,https://www.thedailystar.net/news/crime-justice/news/teen-raped-panchagarh-case-filed-against-6-4190251,Teen raped in Panchagarh Case filed against 6,2026-06-12T08:00:00,Panchagarh,Boda,26.33338,88.55777,sexual_violence,18.0,5,8,4,panchagarh,1,zone_alias
Daily Star,https://www.thedailystar.net/news/crime-justice/news/ivy-released-bail-4190266,Ivy released on bail,2026-06-12T08:00:00,Narayanganj,Chashara,23.62502,90.49684,murder,,5,8,4,narayanganj,1,zone_alias
Daily Star,https://www.thedailystar.net/news/crime-justice/news/ivy-released-bail-4190266,Ivy released on bail,2026-06-12T08:00:00,Narayanganj,Fatullah,23.63816,90.49097,murder,,5,8,4,narayanganj,1,zone_alias
Daily Star,https://www.thedailystar.net/news/crime-justice/news/ivy-released-bail-4190266,Ivy released on bail,2026-06-12T08:00:00,Narayanganj,Rupganj,23.61352,90.50298,murder,,5,8,4,narayanganj,1,zone_alias
Daily Star,https://www.thedailystar.net/news/crime-justice/news/pallabi-rape-murder-prime-accused-seeks-pardon-4190321,"Pallabi rape, murder: Prime accused seeks pardon",2026-06-12T08:00:00,Dhaka,Sadarghat,23.7104,90.4074,sexual_violence,15.0,5,8,4,Dhaka,0,district_fallback
Daily Star,https://www.thedailystar.net/news/crime-justice/news/teen-allegedly-gang-raped-panchagarh-3-named-case-4189966,Teen allegedly gang-raped in Panchagarh; 3 named in case,2026-06-12T08:00:00,Panchagarh,Debiganj,26.11845,88.75948,sexual_violence,18.0,5,8,4,debiganj,2,zone_alias
Daily Star,https://www.thedailystar.net/news/crime-justice/news/teen-allegedly-gang-raped-panchagarh-3-named-case-4189966,Teen allegedly gang-raped in Panchagarh; 3 named in case,2026-06-12T08:00:00,Panchagarh,Atwari,26.30832,88.39939,sexual_violence,18.0,5,8,4,panchagarh,1,zone_alias
Daily Star,https://www.thedailystar.net/news/crime-justice/news/teen-allegedly-gang-raped-panchagarh-3-named-case-4189966,Teen allegedly gang-raped in Panchagarh; 3 named in case,2026-06-12T08:00:00,Panchagarh,Boda,26.33338,88.55777,sexual_violence,18.0,5,8,4,panchagarh,1,zone_alias
Daily Star,https://www.thedailystar.net/news/crime-justice/news/narayanganj-gang-behind-mohammadpur-mugging-2-sisters-police-4189891,Narayanganj gang behind Mohammadpur mugging of 2 sisters: Police,2026-06-12T08:00:00,Dhaka,Mohammadpur,23.7657,90.3589,robbery,15.0,4,8,4,mohammadpur,2,zone_alias
Daily Star,https://www.thedailystar.net/news/crime-justice/news/narayanganj-gang-behind-mohammadpur-mugging-2-sisters-police-4189891,Narayanganj gang behind Mohammadpur mugging of 2 sisters: Police,2026-06-12T08:00:00,Dhaka,Tejgaon,23.7631,90.4003,robbery,15.0,4,8,4,tejgaon,2,zone_alias
Daily Star,https://www.thedailystar.net/news/crime-justice/news/narayanganj-gang-behind-mohammadpur-mugging-2-sisters-police-4189891,Narayanganj gang behind Mohammadpur mugging of 2 sisters: Police,2026-06-12T08:00:00,Narayanganj,Chashara,23.62502,90.49684,robbery,15.0,4,8,4,narayanganj,1,zone_alias
Daily Star,https://www.thedailystar.net/news/crime-justice/news/man-sent-jail-habiganj-rape-case-4189766,Man sent to jail in Habiganj rape case,2026-06-12T08:00:00,Habiganj,Nabiganj,24.56667,91.51667,sexual_violence,,5,8,4,nabiganj,2,zone_alias
Daily Star,https://www.thedailystar.net/news/crime-justice/news/man-sent-jail-habiganj-rape-case-4189766,Man sent to jail in Habiganj rape case,2026-06-12T08:00:00,Habiganj,Bahubal,24.38044,91.413,sexual_violence,,5,8,4,habiganj,1,zone_alias
Daily Star,https://www.thedailystar.net/news/crime-justice/news/man-sent-jail-habiganj-rape-case-4189766,Man sent to jail in Habiganj rape case,2026-06-12T08:00:00,Habiganj,Chunarughat,24.38044,91.413,sexual_violence,,5,8,4,habiganj,1,zone_alias
Daily Star,https://www.thedailystar.net/news/crime-justice/news/ramisa-murder-trial-sohel-seeks-pardon-swapna-denies-charges-during-examination-4189661,"Ramisa murder trial: Sohel seeks pardon, Swapna denies charges during examination",2026-06-12T08:00:00,Dhaka,Sadarghat,23.7104,90.4074,sexual_violence,15.0,5,8,4,Dhaka,0,district_fallback
Daily Star,https://www.thedailystar.net/news/crime-justice/news/man-sued-raping-daughters-classmate-bogura-4189566,Man sued for raping daughter’s classmate in Bogura,2026-06-12T08:00:00,Bogura,Satmatha,25.733988,89.286492,sexual_violence,,5,8,4,bogura,1,zone_alias
Daily Star,https://www.thedailystar.net/news/crime-justice/news/man-sued-raping-daughters-classmate-bogura-4189566,Man sued for raping daughter’s classmate in Bogura,2026-06-12T08:00:00,Natore,Kanaikhali,24.412191,88.988952,sexual_violence,,5,8,4,natore,1,zone_alias
Daily Star,https://www.thedailystar.net/news/crime-justice/news/man-sued-raping-daughters-classmate-bogura-4189566,Man sued for raping daughter’s classmate in Bogura,2026-06-12T08:00:00,Bogura,Charmatha,24.85098,89.37108,sexual_violence,,5,8,4,bogura,1,zone_alias
Daily Star,https://www.thedailystar.net/news/crime-justice/news/bangladesh-bank-official-found-dead-dhaka-flat-4189321,Bangladesh Bank official found dead in Dhaka flat,2026-06-12T08:00:00,Dhaka,Motijheel,23.733,90.4172,suspicious_activity,,3,8,4,motijheel,2,zone_alias
Daily Star,https://www.thedailystar.net/news/crime-justice/news/journalist-hacked-munshiganj-4189446,Journalist hacked in Munshiganj,2026-06-12T08:00:00,Munshiganj,Sirajdikhan,23.539816,90.337788,violence,,5,8,4,sirajdikhan,2,zone_alias
Daily Star,https://www.thedailystar.net/news/crime-justice/news/journalist-hacked-munshiganj-4189446,Journalist hacked in Munshiganj,2026-06-12T08:00:00,Munshiganj,Tongibari,23.53395,90.484545,violence,,5,8,4,munshiganj,1,zone_alias
Daily Star,https://www.thedailystar.net/news/crime-justice/news/journalist-hacked-munshiganj-4189446,Journalist hacked in Munshiganj,2026-06-12T08:00:00,Munshiganj,Gazaria,23.17886,89.97853,violence,,5,8,4,munshiganj,1,zone_alias
Daily Star,https://www.thedailystar.net/news/crime-justice/news/boy-killed-mortar-shell-bandarban-4189366,Boy killed by mortar shell in Bandarban,2026-06-12T08:00:00,Bandarban,Balaghata,22.19534,92.21946,murder,12.0,5,8,4,bandarban,1,zone_alias
Daily Star,https://www.thedailystar.net/news/crime-justice/news/boy-killed-mortar-shell-bandarban-4189366,Boy killed by mortar shell in Bandarban,2026-06-12T08:00:00,Bandarban,Nilachal,23.01134,91.4013,murder,12.0,5,8,4,bandarban,1,zone_alias
Daily Star,https://www.thedailystar.net/news/crime-justice/news/boy-killed-mortar-shell-bandarban-4189366,Boy killed by mortar shell in Bandarban,2026-06-12T08:00:00,Bandarban,Rowangchhari,22.19534,92.21946,murder,12.0,5,8,4,bandarban,1,zone_alias
Daily Star,https://www.thedailystar.net/news/crime-justice/news/ramisa-killing-trial-testifying-ends-day-arguments-today-4189391,"Ramisa killing trial: Testifying ends in a day, arguments today",2026-06-12T08:00:00,Dhaka,Sadarghat,23.7104,90.4074,sexual_violence,15.0,5,8,4,Dhaka,0,district_fallback
Daily Star,https://www.thedailystar.net/news/crime-justice/news/ramisa-rape-and-murder-recording-witness-statements-complete-4188896,Ramisa rape and murder: Witness testimony completed in a day,2026-06-12T08:00:00,Dhaka,Sadarghat,23.7104,90.4074,sexual_violence,15.0,5,8,4,Dhaka,0,district_fallback
Daily Star,https://www.thedailystar.net/news/crime-justice/news/elderly-man-arrested-attempted-rape-4-yr-old-shariatpur-4188881,Elderly man arrested for attempted rape of 4-yr-old in Shariatpur,2026-06-12T08:00:00,Shariatpur,Shariatpur Sadar,23.21,90.35,sexual_violence,65.0,5,8,4,shariatpur sadar,5,zone_alias
Daily Star,https://www.thedailystar.net/news/crime-justice/news/elderly-man-arrested-attempted-rape-4-yr-old-shariatpur-4188881,Elderly man arrested for attempted rape of 4-yr-old in Shariatpur,2026-06-12T08:00:00,Shariatpur,Bhedarganj,23.267008,90.414774,sexual_violence,65.0,5,8,4,shariatpur,1,zone_alias
Daily Star,https://www.thedailystar.net/news/crime-justice/news/elderly-man-arrested-attempted-rape-4-yr-old-shariatpur-4188881,Elderly man arrested for attempted rape of 4-yr-old in Shariatpur,2026-06-12T08:00:00,Shariatpur,Naria,23.302448,90.405951,sexual_violence,65.0,5,8,4,shariatpur,1,zone_alias
Daily Star,https://www.thedailystar.net/news/crime-justice/news/dont-click-link-how-fake-ai-traffic-fine-scam-targeting-vehicle-owners-4188856,Don't click that link: How fake AI traffic fine scam is targeting vehicle owners,2026-06-12T08:00:00,Dhaka,Sadarghat,23.7104,90.4074,suspicious_activity,,2,8,4,Dhaka,0,district_fallback
Daily Star,https://www.thedailystar.net/news/crime-justice/news/woman-hacked-death-netrokona-home-husband-son-injured-4188841,"Woman hacked to death in Netrokona home; husband, son injured",2026-06-12T08:00:00,Mymensingh,Mymensingh Medical College,24.7437,90.4075,violence,,5,8,4,mymensingh medical college,6,zone_alias
Daily Star,https://www.thedailystar.net/news/crime-justice/news/woman-hacked-death-netrokona-home-husband-son-injured-4188841,"Woman hacked to death in Netrokona home; husband, son injured",2026-06-12T08:00:00,Netrokona,Netrokona Sadar,24.867111,90.74224,violence,,5,8,4,netrokona sadar,5,zone_alias
Daily Star,https://www.thedailystar.net/news/crime-justice/news/woman-hacked-death-netrokona-home-husband-son-injured-4188841,"Woman hacked to death in Netrokona home; husband, son injured",2026-06-12T08:00:00,Netrokona,Mokterpara,24.871384,90.732886,violence,,5,8,4,netrokona,1,zone_alias
Daily Star,https://www.thedailystar.net/news/crime-justice/news/man-jailed-fined-covering-motorcycle-number-plate-evade-ai-camera-4188831,"Man jailed, fined for covering motorcycle number plate to evade AI camera",2026-06-12T08:00:00,Dhaka,Lalbagh,23.7189,90.3881,suspicious_activity,,2,8,4,lalbagh,2,zone_alias
Daily Star,https://www.thedailystar.net/news/crime-justice/news/may-no-other-parent-lose-child-way-says-ramisas-father-4188726,"‘May no other parent lose a child this way’, says Ramisa’s father",2026-06-12T08:00:00,Narayanganj,Fatullah,23.63816,90.49097,murder,15.0,5,8,4,fatullah,2,zone_alias
Daily Star,https://www.thedailystar.net/news/crime-justice/news/may-no-other-parent-lose-child-way-says-ramisas-father-4188726,"‘May no other parent lose a child this way’, says Ramisa’s father",2026-06-12T08:00:00,Narayanganj,Chashara,23.62502,90.49684,murder,15.0,5,8,4,narayanganj,1,zone_alias
Daily Star,https://www.thedailystar.net/news/crime-justice/news/may-no-other-parent-lose-child-way-says-ramisas-father-4188726,"‘May no other parent lose a child this way’, says Ramisa’s father",2026-06-12T08:00:00,Narayanganj,Rupganj,23.61352,90.50298,murder,15.0,5,8,4,narayanganj,1,zone_alias
Daily Star,https://www.thedailystar.net/news/crime-justice/news/ramisa-murder-tribunal-frames-charges-against-sohel-swapna-4188521,"Ramisa murder: Tribunal frames charges against Sohel, Swapna",2026-06-12T08:00:00,Dhaka,Sadarghat,23.7104,90.4074,sexual_violence,15.0,5,8,4,Dhaka,0,district_fallback
Daily Star,https://www.thedailystar.net/news/crime-justice/news/idol-pirojpur-temple-vandalised-set-fire-valuables-looted-4188141,"Idol at Pirojpur temple vandalised, set on fire; valuables looted",2026-06-12T08:00:00,Pirojpur,Pirojpur Sadar,22.57965,89.97521,robbery,,3,8,4,pirojpur sadar,5,zone_alias
Daily Star,https://www.thedailystar.net/news/crime-justice/news/idol-pirojpur-temple-vandalised-set-fire-valuables-looted-4188141,"Idol at Pirojpur temple vandalised, set on fire; valuables looted",2026-06-12T08:00:00,Pirojpur,Bhandaria,22.48898,90.06273,robbery,,3,8,4,pirojpur,1,zone_alias
Daily Star,https://www.thedailystar.net/news/crime-justice/news/idol-pirojpur-temple-vandalised-set-fire-valuables-looted-4188141,"Idol at Pirojpur temple vandalised, set on fire; valuables looted",2026-06-12T08:00:00,Pirojpur,Mathbaria,22.28616,89.95882,robbery,,3,8,4,pirojpur,1,zone_alias
Daily Star,https://www.thedailystar.net/news/crime-justice/news/ramisa-rape-and-murder-sohel-named-dollar-delay-trial-mislead-public-io-says-4188131,"Ramisa rape and murder: Sohel named ‘Dollar’ to delay trial, mislead public, IO says",2026-06-12T08:00:00,Dhaka,Sadarghat,23.7104,90.4074,sexual_violence,15.0,5,8,4,Dhaka,0,district_fallback
Daily Star,https://www.thedailystar.net/news/crime-justice/news/ssc-examinee-dies-habiganj-family-alleges-rape-torture-4188101,"SSC examinee dies in Habiganj; family alleges rape, torture",2026-06-12T08:00:00,Habiganj,Bahubal,24.38044,91.413,sexual_violence,16.0,5,8,4,habiganj,1,zone_alias
Daily Star,https://www.thedailystar.net/news/crime-justice/news/ssc-examinee-dies-habiganj-family-alleges-rape-torture-4188101,"SSC examinee dies in Habiganj; family alleges rape, torture",2026-06-12T08:00:00,Habiganj,Chunarughat,24.38044,91.413,sexual_violence,16.0,5,8,4,habiganj,1,zone_alias
Daily Star,https://www.thedailystar.net/news/crime-justice/news/ssc-examinee-dies-habiganj-family-alleges-rape-torture-4188101,"SSC examinee dies in Habiganj; family alleges rape, torture",2026-06-12T08:00:00,Habiganj,Lakhai,24.38044,91.413,sexual_violence,16.0,5,8,4,habiganj,1,zone_alias
Daily Star,https://www.thedailystar.net/news/crime-justice/news/2-women-robbed-machete-point-outside-mohammadpur-home-4188061,2 women robbed at machete-point outside Mohammadpur home,2026-06-12T08:00:00,Dhaka,Mohammadpur,23.7657,90.3589,robbery,,3,8,4,mohammadpur,2,zone_alias
Daily Star,https://www.thedailystar.net/news/crime-justice/news/2-women-robbed-machete-point-outside-mohammadpur-home-4188061,2 women robbed at machete-point outside Mohammadpur home,2026-06-12T08:00:00,Thakurgaon,Baliadangi,26.03097,88.46989,robbery,,3,8,4,thakurgaon,1,zone_alias
Daily Star,https://www.thedailystar.net/news/crime-justice/news/2-women-robbed-machete-point-outside-mohammadpur-home-4188061,2 women robbed at machete-point outside Mohammadpur home,2026-06-12T08:00:00,Thakurgaon,Ranisankail,25.89085,88.26495,robbery,,3,8,4,thakurgaon,1,zone_alias
Daily Star,https://www.thedailystar.net/news/crime-justice/news/ramisa-rape-and-murder-sohel-rana-mentions-new-name-charges-framed-4187931,Ramisa rape and murder: Sohel Rana mentions new name as charges framed,2026-06-12T08:00:00,Dhaka,Sadarghat,23.7104,90.4074,sexual_violence,15.0,5,8,4,Dhaka,0,district_fallback
Daily Star,https://www.thedailystar.net/news/crime-justice/news/17-year-old-killed-younger-sibling-kalabagan-4187921,17-year-old killed by younger sibling at Kalabagan,2026-06-12T08:00:00,Dhaka,Badda,23.7801,90.426,murder,17.0,5,8,4,middle badda,4,zone_alias
Daily Star,https://www.thedailystar.net/news/crime-justice/news/villagers-set-fire-alleged-robbers-house-habiganj-4187916,Villagers set fire to alleged robber's house in Habiganj,2026-06-12T08:00:00,Habiganj,Nabiganj,24.56667,91.51667,robbery,,3,8,4,nabiganj,2,zone_alias
Daily Star,https://www.thedailystar.net/news/crime-justice/news/villagers-set-fire-alleged-robbers-house-habiganj-4187916,Villagers set fire to alleged robber's house in Habiganj,2026-06-12T08:00:00,Habiganj,Bahubal,24.38044,91.413,robbery,,3,8,4,habiganj,1,zone_alias
Daily Star,https://www.thedailystar.net/news/crime-justice/news/villagers-set-fire-alleged-robbers-house-habiganj-4187916,Villagers set fire to alleged robber's house in Habiganj,2026-06-12T08:00:00,Habiganj,Chunarughat,24.38044,91.413,robbery,,3,8,4,habiganj,1,zone_alias
Daily Star,https://www.thedailystar.net/news/crime-justice/news/man-woman-found-dead-ctg-hotel-room-4187911,"Man, woman found dead in Ctg hotel room",2026-06-12T08:00:00,Chattogram,Foy's Lake,22.3727,91.7974,suspicious_activity,,3,8,4,foy's lake,5,zone_alias
Daily Star,https://www.thedailystar.net/news/crime-justice/news/ramisa-rape-and-murder-trial-begins-against-sohel-rana-wife-swapna-4187881,"Ramisa rape and murder: Sohel Rana, wife Swapna indicted",2026-06-12T08:00:00,Dhaka,Sadarghat,23.7104,90.4074,sexual_violence,15.0,5,8,4,Dhaka,0,district_fallback
Daily Star,https://www.thedailystar.net/news/crime-justice/news/man-custody-over-alleged-rape-7-year-old-noakhali-police-say-4187831,"Man in custody over alleged rape of 7-year-old in Noakhali, police say",2026-06-12T08:00:00,Noakhali,Senbagh,22.816467,91.121505,sexual_violence,7.0,5,8,4,senbagh,2,zone_alias
Daily Star,https://www.thedailystar.net/news/crime-justice/news/man-custody-over-alleged-rape-7-year-old-noakhali-police-say-4187831,"Man in custody over alleged rape of 7-year-old in Noakhali, police say",2026-06-12T08:00:00,Noakhali,Chowmuhani,22.816467,91.121505,sexual_violence,7.0,5,8,4,noakhali,1,zone_alias
Daily Star,https://www.thedailystar.net/news/crime-justice/news/man-custody-over-alleged-rape-7-year-old-noakhali-police-say-4187831,"Man in custody over alleged rape of 7-year-old in Noakhali, police say",2026-06-12T08:00:00,Noakhali,Begumganj,23.0225,91.07472,sexual_violence,7.0,5,8,4,noakhali,1,zone_alias
Daily Star,https://www.thedailystar.net/news/crime-justice/news/man-arrested-over-attempted-rape-girl-4187696,Man arrested over attempted rape of girl,2026-06-12T08:00:00,Jhenaidah,Shailkupa,23.68395,89.2422,sexual_violence,55.0,5,8,4,shailkupa,2,zone_alias
Daily Star,https://www.thedailystar.net/news/crime-justice/news/man-arrested-over-attempted-rape-girl-4187696,Man arrested over attempted rape of girl,2026-06-12T08:00:00,Jhenaidah,Kotchandpur,23.502088,89.122619,sexual_violence,55.0,5,8,4,jhenaidah,1,zone_alias
Daily Star,https://www.thedailystar.net/news/crime-justice/news/man-arrested-over-attempted-rape-girl-4187696,Man arrested over attempted rape of girl,2026-06-12T08:00:00,Jhenaidah,Maheshpur,23.35291,88.91222,sexual_violence,55.0,5,8,4,jhenaidah,1,zone_alias
Daily Star,https://www.thedailystar.net/news/crime-justice/news/feud-within-family-gambling-clash-leave-trail-deaths-4187721,"Feud within family, gambling clash leave trail of deaths",2026-06-12T08:00:00,Manikganj,Manikganj Sadar,23.861743,90.00136,murder,28.0,5,8,4,manikganj sadar,5,zone_alias
Daily Star,https://www.thedailystar.net/news/crime-justice/news/feud-within-family-gambling-clash-leave-trail-deaths-4187721,"Feud within family, gambling clash leave trail of deaths",2026-06-12T08:00:00,Noakhali,Begumganj,23.0225,91.07472,murder,28.0,5,8,4,begumganj,2,zone_alias
Daily Star,https://www.thedailystar.net/news/crime-justice/news/feud-within-family-gambling-clash-leave-trail-deaths-4187721,"Feud within family, gambling clash leave trail of deaths",2026-06-12T08:00:00,Patuakhali,Kalapara,21.98455,90.22969,murder,28.0,5,8,4,kalapara,2,zone_alias
Daily Star,https://www.thedailystar.net/news/crime-justice/news/four-confess-rape-and-murder-woman-munshiganj-says-pbi-4187431,"Four confess to rape and murder of woman in Munshiganj, says PBI",2026-06-12T08:00:00,Munshiganj,Gazaria,23.17886,89.97853,sexual_violence,19.0,5,8,4,gazaria,2,zone_alias
Daily Star,https://www.thedailystar.net/news/crime-justice/news/four-confess-rape-and-murder-woman-munshiganj-says-pbi-4187431,"Four confess to rape and murder of woman in Munshiganj, says PBI",2026-06-12T08:00:00,Munshiganj,Tongibari,23.53395,90.484545,sexual_violence,19.0,5,8,4,munshiganj,1,zone_alias
Daily Star,https://www.thedailystar.net/news/crime-justice/news/four-confess-rape-and-murder-woman-munshiganj-says-pbi-4187431,"Four confess to rape and murder of woman in Munshiganj, says PBI",2026-06-12T08:00:00,Munshiganj,Lohajang,23.45,90.35,sexual_violence,19.0,5,8,4,munshiganj,1,zone_alias
Daily Star,https://www.thedailystar.net/news/crime-justice/news/man-detained-over-rape-intellectually-disabled-girl-ctg-4187426,Man detained over rape of intellectually disabled girl in Ctg,2026-06-12T08:00:00,Bhola,Borhanuddin,22.68759,90.64403,sexual_violence,16.0,5,8,4,bhola,1,zone_alias
Daily Star,https://www.thedailystar.net/news/crime-justice/news/man-detained-over-rape-intellectually-disabled-girl-ctg-4187426,Man detained over rape of intellectually disabled girl in Ctg,2026-06-12T08:00:00,Bhola,Daulatkhan,22.68759,90.64403,sexual_violence,16.0,5,8,4,bhola,1,zone_alias
Daily Star,https://www.thedailystar.net/news/crime-justice/news/man-detained-over-rape-intellectually-disabled-girl-ctg-4187426,Man detained over rape of intellectually disabled girl in Ctg,2026-06-12T08:00:00,Bhola,Lalmohan,22.33774,90.73708,sexual_violence,16.0,5,8,4,bhola,1,zone_alias
Daily Star,https://www.thedailystar.net/news/crime-justice/news/four-killed-separate-attacks-manikganj-noakhali-4187226,"Four killed in separate attacks in Manikganj, Noakhali",2026-06-12T08:00:00,Manikganj,Manikganj Sadar,23.861743,90.00136,violence,15.0,5,8,4,manikganj sadar,5,zone_alias
Daily Star,https://www.thedailystar.net/news/crime-justice/news/four-killed-separate-attacks-manikganj-noakhali-4187226,"Four killed in separate attacks in Manikganj, Noakhali",2026-06-12T08:00:00,Noakhali,Begumganj,23.0225,91.07472,violence,15.0,5,8,4,begumganj,2,zone_alias
Daily Star,https://www.thedailystar.net/news/crime-justice/news/four-killed-separate-attacks-manikganj-noakhali-4187226,"Four killed in separate attacks in Manikganj, Noakhali",2026-06-12T08:00:00,Manikganj,Beutha,23.84361,90.00256,violence,15.0,5,8,4,manikganj,1,zone_alias
Daily Star,https://www.thedailystar.net/news/crime-justice/news/bgb-bsf-talks-border-killings-irregular-migrants-top-the-agenda-4187016,"BGB-BSF talks: Border killings, irregular migrants to top the agenda",2026-06-12T08:00:00,Dhaka,Sadarghat,23.7104,90.4074,violence,,5,8,4,Dhaka,0,district_fallback
Daily Star,https://www.thedailystar.net/news/crime-justice/news/case-filed-over-alleged-sexual-assault-7-year-old-girl-netrokona-4186876,Case filed over alleged sexual assault of 7-year-old girl in Netrokona,2026-06-12T08:00:00,Netrokona,Mokterpara,24.871384,90.732886,sexual_violence,7.0,5,8,4,netrokona,1,zone_alias
Daily Star,https://www.thedailystar.net/news/crime-justice/news/case-filed-over-alleged-sexual-assault-7-year-old-girl-netrokona-4186876,Case filed over alleged sexual assault of 7-year-old girl in Netrokona,2026-06-12T08:00:00,Netrokona,Kalmakanda,25.00108,90.80773,sexual_violence,7.0,5,8,4,netrokona,1,zone_alias
Daily Star,https://www.thedailystar.net/news/crime-justice/news/case-filed-over-alleged-sexual-assault-7-year-old-girl-netrokona-4186876,Case filed over alleged sexual assault of 7-year-old girl in Netrokona,2026-06-12T08:00:00,Netrokona,Kendua,24.66209,90.84303,sexual_violence,7.0,5,8,4,netrokona,1,zone_alias
Daily Star,https://www.thedailystar.net/news/crime-justice/news/teen-arrested-over-rape-8-year-old-gopalganj-4186826,Teen arrested over rape of 8-year-old in Gopalganj,2026-06-12T08:00:00,Gopalganj,Gopalganj Sadar,23.01018,89.83278,sexual_violence,8.0,5,8,4,gopalganj sadar,5,zone_alias
Daily Star,https://www.thedailystar.net/news/crime-justice/news/teen-arrested-over-rape-8-year-old-gopalganj-4186826,Teen arrested over rape of 8-year-old in Gopalganj,2026-06-12T08:00:00,Gopalganj,Bhatiapara,23.01018,89.83278,sexual_violence,8.0,5,8,4,gopalganj,1,zone_alias
Daily Star,https://www.thedailystar.net/news/crime-justice/news/teen-arrested-over-rape-8-year-old-gopalganj-4186826,Teen arrested over rape of 8-year-old in Gopalganj,2026-06-12T08:00:00,Gopalganj,Kashiani,23.01018,89.83278,sexual_violence,8.0,5,8,4,gopalganj,1,zone_alias
Daily Star,https://www.thedailystar.net/news/crime-justice/news/teen-killed-15-injured-rival-groups-clash-brahmanbaria-4186746,"Teen killed, 15 injured as rival groups clash in Brahmanbaria",2026-06-12T08:00:00,Brahmanbaria,Sarail,24.08363,91.115849,violence,16.0,5,8,4,sarail,2,zone_alias
Daily Star,https://www.thedailystar.net/news/crime-justice/news/teen-killed-15-injured-rival-groups-clash-brahmanbaria-4186746,"Teen killed, 15 injured as rival groups clash in Brahmanbaria",2026-06-12T08:00:00,Brahmanbaria,Ashuganj,23.944546,91.106189,violence,16.0,5,8,4,brahmanbaria,1,zone_alias
Daily Star,https://www.thedailystar.net/news/crime-justice/news/teen-killed-15-injured-rival-groups-clash-brahmanbaria-4186746,"Teen killed, 15 injured as rival groups clash in Brahmanbaria",2026-06-12T08:00:00,Brahmanbaria,Kasba,22.989113,90.220702,violence,16.0,5,8,4,brahmanbaria,1,zone_alias
Daily Star,https://www.thedailystar.net/news/crime-justice/news/man-beaten-death-over-theft-allegations-4186546,Man beaten to death over theft allegations,2026-06-12T08:00:00,Chattogram,GEC Circle,22.3597,91.8215,violence,45.0,5,8,4,Chattogram,0,district_fallback
Daily Star,https://www.thedailystar.net/news/crime-justice/news/man-beaten-death-over-theft-allegation-ctg-4186466,Man beaten to death over theft allegation in Ctg,2026-06-12T08:00:00,Chattogram,GEC Circle,22.3597,91.8215,violence,45.0,5,8,4,Chattogram,0,district_fallback
Daily Star,https://www.thedailystar.net/news/crime-justice/news/man-found-dead-three-days-after-abduction-rangamati-4186406,Man found dead three days after abduction in Rangamati,2026-06-12T08:00:00,Rangamati,Naniarchar,22.758512,92.240249,kidnapping,,5,8,4,naniarchar,2,zone_alias
Daily Star,https://www.thedailystar.net/news/crime-justice/news/man-found-dead-three-days-after-abduction-rangamati-4186406,Man found dead three days after abduction in Rangamati,2026-06-12T08:00:00,Rangamati,Tabalchhari,22.758512,92.240249,kidnapping,,5,8,4,rangamati,1,zone_alias
Daily Star,https://www.thedailystar.net/news/crime-justice/news/man-found-dead-three-days-after-abduction-rangamati-4186406,Man found dead three days after abduction in Rangamati,2026-06-12T08:00:00,Rangamati,Bagaichhari,22.758512,92.240249,kidnapping,,5,8,4,rangamati,1,zone_alias
Daily Star,https://www.thedailystar.net/news/crime-justice/news/womans-body-recovered-netrokona-husband-arrested-4186401,"Woman's body recovered in Netrokona, husband arrested",2026-06-12T08:00:00,Netrokona,Mohanganj,24.87564,90.97773,murder,15.0,5,8,4,mohanganj,2,zone_alias
Daily Star,https://www.thedailystar.net/news/crime-justice/news/womans-body-recovered-netrokona-husband-arrested-4186401,"Woman's body recovered in Netrokona, husband arrested",2026-06-12T08:00:00,Netrokona,Mokterpara,24.871384,90.732886,murder,15.0,5,8,4,netrokona,1,zone_alias
Daily Star,https://www.thedailystar.net/news/crime-justice/news/womans-body-recovered-netrokona-husband-arrested-4186401,"Woman's body recovered in Netrokona, husband arrested",2026-06-12T08:00:00,Netrokona,Kalmakanda,25.00108,90.80773,murder,15.0,5,8,4,netrokona,1,zone_alias
Daily Star,https://www.thedailystar.net/news/crime-justice/news/murder-case-without-murder-how-familys-life-was-turned-upside-down-4186391,A murder case without a murder: How a family’s life was turned upside down,2026-06-12T08:00:00,Kushtia,Bheramara,24.02452,88.99234,kidnapping,17.0,5,8,4,kushtia,1,zone_alias
Daily Star,https://www.thedailystar.net/news/crime-justice/news/murder-case-without-murder-how-familys-life-was-turned-upside-down-4186391,A murder case without a murder: How a family’s life was turned upside down,2026-06-12T08:00:00,Kushtia,Khoksa,23.9028,89.11943,kidnapping,17.0,5,8,4,kushtia,1,zone_alias
Daily Star,https://www.thedailystar.net/news/crime-justice/news/murder-case-without-murder-how-familys-life-was-turned-upside-down-4186391,A murder case without a murder: How a family’s life was turned upside down,2026-06-12T08:00:00,Kushtia,Kumarkhali,23.86132,89.24197,kidnapping,17.0,5,8,4,kushtia,1,zone_alias
Daily Star,https://www.thedailystar.net/news/crime-justice/news/25-injured-meat-distribution-dispute-sparks-clash-faridpur-4185951,25 injured as meat distribution dispute sparks clash in Faridpur,2026-06-12T08:00:00,Faridpur,Bhanga,23.60612,89.84064,violence,15.0,5,8,4,bhanga,2,zone_alias
Daily Star,https://www.thedailystar.net/news/crime-justice/news/25-injured-meat-distribution-dispute-sparks-clash-faridpur-4185951,25 injured as meat distribution dispute sparks clash in Faridpur,2026-06-12T08:00:00,Faridpur,Goalchamot,23.5936,89.8201,violence,15.0,5,8,4,faridpur,1,zone_alias
Daily Star,https://www.thedailystar.net/news/crime-justice/news/25-injured-meat-distribution-dispute-sparks-clash-faridpur-4185951,25 injured as meat distribution dispute sparks clash in Faridpur,2026-06-12T08:00:00,Faridpur,Boalmari,23.39212,89.68308,violence,15.0,5,8,4,faridpur,1,zone_alias
Daily Star,https://www.thedailystar.net/news/crime-justice/news/man-held-attempted-rape-9-year-old-girl-4185761,Man held for attempted rape of 9-year-old girl,2026-06-12T08:00:00,Gazipur,Konabari,24.126097,90.472114,sexual_violence,9.0,5,8,4,gazipur,1,zone_alias
Daily Star,https://www.thedailystar.net/news/crime-justice/news/man-held-attempted-rape-9-year-old-girl-4185761,Man held for attempted rape of 9-year-old girl,2026-06-12T08:00:00,Gazipur,Kaliakair,24.126097,90.472114,sexual_violence,9.0,5,8,4,gazipur,1,zone_alias
Daily Star,https://www.thedailystar.net/news/crime-justice/news/man-held-attempted-rape-9-year-old-girl-4185761,Man held for attempted rape of 9-year-old girl,2026-06-12T08:00:00,Gazipur,Kapasia,24.11404,90.56148,sexual_violence,9.0,5,8,4,gazipur,1,zone_alias
Daily Star,https://www.thedailystar.net/news/crime-justice/news/those-responsible-death-6-newborns-will-be-punished-health-minister-4185666,Those responsible for death of 6 newborns will be punished: health minister,2026-06-12T08:00:00,Kishoreganj,Hossainpur,23.94328,90.7559,suspicious_activity,15.0,4,8,4,kishoreganj,1,zone_alias
Daily Star,https://www.thedailystar.net/news/crime-justice/news/those-responsible-death-6-newborns-will-be-punished-health-minister-4185666,Those responsible for death of 6 newborns will be punished: health minister,2026-06-12T08:00:00,Kishoreganj,Karimganj,24.46778,90.87045,suspicious_activity,15.0,4,8,4,kishoreganj,1,zone_alias
Daily Star,https://www.thedailystar.net/news/crime-justice/news/those-responsible-death-6-newborns-will-be-punished-health-minister-4185666,Those responsible for death of 6 newborns will be punished: health minister,2026-06-12T08:00:00,Kishoreganj,Katiadi,24.43944,90.78291,suspicious_activity,15.0,4,8,4,kishoreganj,1,zone_alias
Daily Star,https://www.thedailystar.net/news/crime-justice/news/elderly-woman-beaten-death-over-land-dispute-faridpur-4185631,Elderly woman beaten to death over land dispute in Faridpur,2026-06-12T08:00:00,Faridpur,Faridpur Medical College,23.588129,89.835258,violence,71.0,5,8,4,faridpur medical college,6,zone_alias
Daily Star,https://www.thedailystar.net/news/crime-justice/news/elderly-woman-beaten-death-over-land-dispute-faridpur-4185631,Elderly woman beaten to death over land dispute in Faridpur,2026-06-12T08:00:00,Faridpur,Boalmari,23.39212,89.68308,violence,71.0,5,8,4,boalmari,2,zone_alias
Daily Star,https://www.thedailystar.net/news/crime-justice/news/elderly-woman-beaten-death-over-land-dispute-faridpur-4185631,Elderly woman beaten to death over land dispute in Faridpur,2026-06-12T08:00:00,Faridpur,Goalchamot,23.5936,89.8201,violence,71.0,5,8,4,faridpur,1,zone_alias
Daily Star,https://www.thedailystar.net/news/crime-justice/news/man-arrested-attempted-rape-9-year-old-gazipur-4185581,Man arrested for attempted rape of 9-year-old in Gazipur,2026-06-12T08:00:00,Gazipur,Konabari,24.126097,90.472114,sexual_violence,9.0,5,8,4,gazipur,1,zone_alias
Daily Star,https://www.thedailystar.net/news/crime-justice/news/man-arrested-attempted-rape-9-year-old-gazipur-4185581,Man arrested for attempted rape of 9-year-old in Gazipur,2026-06-12T08:00:00,Gazipur,Kaliakair,24.126097,90.472114,sexual_violence,9.0,5,8,4,gazipur,1,zone_alias
Daily Star,https://www.thedailystar.net/news/crime-justice/news/man-arrested-attempted-rape-9-year-old-gazipur-4185581,Man arrested for attempted rape of 9-year-old in Gazipur,2026-06-12T08:00:00,Gazipur,Kapasia,24.11404,90.56148,sexual_violence,9.0,5,8,4,gazipur,1,zone_alias
Daily Star,https://www.thedailystar.net/news/crime-justice/news/trader-beaten-death-cattle-market-savar-4185546,Trader beaten to death at cattle market in Savar,2026-06-12T08:00:00,Dhaka,Sadarghat,23.7104,90.4074,violence,,5,8,4,Dhaka,0,district_fallback
Daily Star,https://www.thedailystar.net/news/crime-justice/news/angry-mob-catches-rape-accused-hands-him-police-after-beating-habiganj-4185191,"Angry mob catches rape accused, hands him to police after beating in Habiganj",2026-06-12T08:00:00,Habiganj,Bahubal,24.38044,91.413,sexual_violence,15.0,5,8,4,bahubal,2,zone_alias
Daily Star,https://www.thedailystar.net/news/crime-justice/news/angry-mob-catches-rape-accused-hands-him-police-after-beating-habiganj-4185191,"Angry mob catches rape accused, hands him to police after beating in Habiganj",2026-06-12T08:00:00,Habiganj,Nabiganj,24.56667,91.51667,sexual_violence,15.0,5,8,4,nabiganj,2,zone_alias
Daily Star,https://www.thedailystar.net/news/crime-justice/news/angry-mob-catches-rape-accused-hands-him-police-after-beating-habiganj-4185191,"Angry mob catches rape accused, hands him to police after beating in Habiganj",2026-06-12T08:00:00,Habiganj,Chunarughat,24.38044,91.413,sexual_violence,15.0,5,8,4,habiganj,1,zone_alias
Daily Star,https://www.thedailystar.net/news/crime-justice/news/jungle-salimpur-242-sued-over-attack-joint-forces-camp-4185256,Jungle Salimpur: 242 sued over attack on joint forces camp,2026-06-12T08:00:00,Chattogram,GEC Circle,22.3597,91.8215,violence,,4,8,4,Chattogram,0,district_fallback
Daily Star,https://www.thedailystar.net/news/crime-justice/news/rape-abuse-children-one-held-over-attempted-rape-7-year-old-rangpur-4185261,"Rape, abuse of children: One held over attempted rape of 7-year-old in Rangpur",2026-06-12T08:00:00,Gazipur,Konabari,24.126097,90.472114,sexual_violence,7.0,5,8,4,gazipur,1,zone_alias
Daily Star,https://www.thedailystar.net/news/crime-justice/news/rape-abuse-children-one-held-over-attempted-rape-7-year-old-rangpur-4185261,"Rape, abuse of children: One held over attempted rape of 7-year-old in Rangpur",2026-06-12T08:00:00,Gazipur,Kaliakair,24.126097,90.472114,sexual_violence,7.0,5,8,4,gazipur,1,zone_alias
Daily Star,https://www.thedailystar.net/news/crime-justice/news/rape-abuse-children-one-held-over-attempted-rape-7-year-old-rangpur-4185261,"Rape, abuse of children: One held over attempted rape of 7-year-old in Rangpur",2026-06-12T08:00:00,Gazipur,Kapasia,24.11404,90.56148,sexual_violence,7.0,5,8,4,gazipur,1,zone_alias
Daily Star,https://www.thedailystar.net/news/crime-justice/news/man-held-over-rape-attempt-seven-year-old-girl-rangpur-4185116,Man held over rape attempt of seven-year-old girl in Rangpur,2026-06-12T08:00:00,Dhaka,Sadarghat,23.7104,90.4074,sexual_violence,15.0,5,8,4,Dhaka,0,district_fallback
Daily Star,https://www.thedailystar.net/news/crime-justice/news/man-held-over-rape-attempt-seven-year-old-girl-rangpur-4185116,Man held over rape attempt of seven-year-old girl in Rangpur,2026-06-12T08:00:00,Rangpur,Paira Chattar,25.98605,88.64031,sexual_violence,15.0,5,8,4,Rangpur,0,district_fallback
Daily Star,https://www.thedailystar.net/news/crime-justice/news/mango-orchard-caretaker-arrested-alleged-rape-schoolboy-kushtia-4185081,Mango orchard caretaker arrested for alleged rape of schoolboy in Kushtia,2026-06-12T08:00:00,Kushtia,Kumarkhali,23.86132,89.24197,sexual_violence,15.0,5,8,4,kumarkhali,2,zone_alias
Daily Star,https://www.thedailystar.net/news/crime-justice/news/mango-orchard-caretaker-arrested-alleged-rape-schoolboy-kushtia-4185081,Mango orchard caretaker arrested for alleged rape of schoolboy in Kushtia,2026-06-12T08:00:00,Kushtia,Bheramara,24.02452,88.99234,sexual_violence,15.0,5,8,4,kushtia,1,zone_alias
Daily Star,https://www.thedailystar.net/news/crime-justice/news/mango-orchard-caretaker-arrested-alleged-rape-schoolboy-kushtia-4185081,Mango orchard caretaker arrested for alleged rape of schoolboy in Kushtia,2026-06-12T08:00:00,Kushtia,Khoksa,23.9028,89.11943,sexual_violence,15.0,5,8,4,kushtia,1,zone_alias
Daily Star,https://www.thedailystar.net/news/crime-justice/news/those-behind-jungle-salimpur-attack-will-face-strict-action-says-home-minister-4184991,"Those behind Jungle Salimpur attack will face strict action, says home minister",2026-06-12T08:00:00,Chattogram,GEC Circle,22.3597,91.8215,murder,,5,8,4,Chattogram,0,district_fallback
Daily Star,https://www.thedailystar.net/news/crime-justice/news/hijra-person-killed-narsingdi-4184756,Hijra person killed in Narsingdi,2026-06-12T08:00:00,Narsingdi,Raipura,23.92298,90.71768,murder,,5,8,4,raipura,2,zone_alias
Daily Star,https://www.thedailystar.net/news/crime-justice/news/hijra-person-killed-narsingdi-4184756,Hijra person killed in Narsingdi,2026-06-12T08:00:00,Narsingdi,Belabo,24.1035,90.84581,murder,,5,8,4,narsingdi,1,zone_alias
Daily Star,https://www.thedailystar.net/news/crime-justice/news/hijra-person-killed-narsingdi-4184756,Hijra person killed in Narsingdi,2026-06-12T08:00:00,Narsingdi,Monohardi,23.92298,90.71768,murder,,5,8,4,narsingdi,1,zone_alias
Daily Star,https://www.thedailystar.net/news/crime-justice/news/jungle-salimpur-joint-forces-camp-comes-under-attack-4184786,Jungle Salimpur: Joint forces camp comes under attack,2026-06-12T08:00:00,Chattogram,Pahartali,22.3678,91.7854,violence,,4,8,4,pahartali,2,zone_alias
Daily Star,https://www.thedailystar.net/news/crime-justice/news/9-year-old-girl-raped-habiganj-4184796,9-year-old girl raped in Habiganj,2026-06-12T08:00:00,Habiganj,Nabiganj,24.56667,91.51667,sexual_violence,9.0,5,8,4,nabiganj,2,zone_alias
Daily Star,https://www.thedailystar.net/news/crime-justice/news/9-year-old-girl-raped-habiganj-4184796,9-year-old girl raped in Habiganj,2026-06-12T08:00:00,Habiganj,Bahubal,24.38044,91.413,sexual_violence,9.0,5,8,4,habiganj,1,zone_alias
Daily Star,https://www.thedailystar.net/news/crime-justice/news/9-year-old-girl-raped-habiganj-4184796,9-year-old girl raped in Habiganj,2026-06-12T08:00:00,Habiganj,Chunarughat,24.38044,91.413,sexual_violence,9.0,5,8,4,habiganj,1,zone_alias
Daily Star,https://www.thedailystar.net/news/crime-justice/news/tempted-the-devil-gazipur-imam-tells-police-after-attempted-rape-10-year-old-4184491,‘Tempted by the devil’: Gazipur imam tells police after attempted rape of 10-year-old,2026-06-12T08:00:00,Gazipur,Sreepur,24.126097,90.472114,sexual_violence,10.0,5,8,4,sreepur,2,zone_alias
Daily Star,https://www.thedailystar.net/news/crime-justice/news/tempted-the-devil-gazipur-imam-tells-police-after-attempted-rape-10-year-old-4184491,‘Tempted by the devil’: Gazipur imam tells police after attempted rape of 10-year-old,2026-06-12T08:00:00,Gazipur,Konabari,24.126097,90.472114,sexual_violence,10.0,5,8,4,gazipur,1,zone_alias
Daily Star,https://www.thedailystar.net/news/crime-justice/news/tempted-the-devil-gazipur-imam-tells-police-after-attempted-rape-10-year-old-4184491,‘Tempted by the devil’: Gazipur imam tells police after attempted rape of 10-year-old,2026-06-12T08:00:00,Gazipur,Kaliakair,24.126097,90.472114,sexual_violence,10.0,5,8,4,gazipur,1,zone_alias
Daily Star,https://www.thedailystar.net/news/crime-justice/news/9-year-old-gang-raped-habiganj-4184426,9-year-old gang-raped in Habiganj,2026-06-12T08:00:00,Habiganj,Habiganj Sadar,24.38044,91.413,sexual_violence,9.0,5,8,4,habiganj sadar,5,zone_alias
Daily Star,https://www.thedailystar.net/news/crime-justice/news/9-year-old-gang-raped-habiganj-4184426,9-year-old gang-raped in Habiganj,2026-06-12T08:00:00,Habiganj,Nabiganj,24.56667,91.51667,sexual_violence,9.0,5,8,4,nabiganj,2,zone_alias
Daily Star,https://www.thedailystar.net/news/crime-justice/news/9-year-old-gang-raped-habiganj-4184426,9-year-old gang-raped in Habiganj,2026-06-12T08:00:00,Habiganj,Bahubal,24.38044,91.413,sexual_violence,9.0,5,8,4,habiganj,1,zone_alias
Daily Star,https://www.thedailystar.net/news/crime-justice/news/hijra-person-found-dead-throat-slit-narsingdi-4184311,Hijra person found dead with throat slit in Narsingdi,2026-06-12T08:00:00,Narsingdi,Raipura,23.92298,90.71768,murder,,5,8,4,raipura,2,zone_alias
Daily Star,https://www.thedailystar.net/news/crime-justice/news/hijra-person-found-dead-throat-slit-narsingdi-4184311,Hijra person found dead with throat slit in Narsingdi,2026-06-12T08:00:00,Narsingdi,Belabo,24.1035,90.84581,murder,,5,8,4,narsingdi,1,zone_alias
Daily Star,https://www.thedailystar.net/news/crime-justice/news/hijra-person-found-dead-throat-slit-narsingdi-4184311,Hijra person found dead with throat slit in Narsingdi,2026-06-12T08:00:00,Narsingdi,Monohardi,23.92298,90.71768,murder,,5,8,4,narsingdi,1,zone_alias
Daily Star,https://www.thedailystar.net/news/crime-justice/news/jungle-salimpur-rab-camp-comes-under-attack-4184026,Jungle Salimpur Rab camp comes under attack,2026-06-12T08:00:00,Chattogram,Kotwali,22.3371,91.8376,violence,,4,8,4,kotwali,2,zone_alias
Daily Star,https://www.thedailystar.net/news/crime-justice/news/jungle-salimpur-rab-camp-comes-under-attack-4184026,Jungle Salimpur Rab camp comes under attack,2026-06-12T08:00:00,Chattogram,Pahartali,22.3678,91.7854,violence,,4,8,4,pahartali,2,zone_alias
Daily Star,https://www.thedailystar.net/news/crime-justice/news/man-shot-attack-targeting-bnp-leader-court-premises-4183906,Man shot in attack targeting BNP leader at court premises,2026-06-12T08:00:00,Chattogram,GEC Circle,22.3597,91.8215,violence,,5,8,4,Chattogram,0,district_fallback
Daily Star,https://www.thedailystar.net/news/crime-justice/news/the-horror-befell-ramisa-4183916,The horror that befell Ramisa,2026-06-12T08:00:00,Dhaka,Sadarghat,23.7104,90.4074,sexual_violence,15.0,5,8,4,Dhaka,0,district_fallback
Daily Star,https://www.thedailystar.net/news/crime-justice/news/nearly-6000-minor-girls-raped-10yrs-4183931,"Nearly 6,000 minor girls raped in 10yrs",2026-06-12T08:00:00,Dhaka,Sadarghat,23.7104,90.4074,sexual_violence,15.0,5,8,4,Dhaka,0,district_fallback
Daily Star,https://www.thedailystar.net/news/crime-justice/news/rape-abuse-girls-nine-more-held-7-districts-over-2-days-4183941,"Rape, abuse of girls: Nine more held in 7 districts over 2 days",2026-06-12T08:00:00,Barguna,Amtali,22.29623,90.08884,sexual_violence,15.0,5,8,4,amtali,2,zone_alias
Daily Star,https://www.thedailystar.net/news/crime-justice/news/rape-abuse-girls-nine-more-held-7-districts-over-2-days-4183941,"Rape, abuse of girls: Nine more held in 7 districts over 2 days",2026-06-12T08:00:00,Jamalpur,Madarganj,24.91965,89.94812,sexual_violence,15.0,5,8,4,madarganj,2,zone_alias
Daily Star,https://www.thedailystar.net/news/crime-justice/news/rape-abuse-girls-nine-more-held-7-districts-over-2-days-4183941,"Rape, abuse of girls: Nine more held in 7 districts over 2 days",2026-06-12T08:00:00,Netrokona,Purbadhala,24.94077,90.60025,sexual_violence,15.0,5,8,4,purbadhala,2,zone_alias
Daily Star,https://www.thedailystar.net/news/crime-justice/news/mine-blasts-3-bangladeshis-killed-along-myanmar-border-4183986,Mine blasts: 3 Bangladeshis killed along Myanmar border,2026-06-12T08:00:00,Bandarban,Balaghata,22.19534,92.21946,murder,,5,8,4,bandarban,1,zone_alias
Daily Star,https://www.thedailystar.net/news/crime-justice/news/mine-blasts-3-bangladeshis-killed-along-myanmar-border-4183986,Mine blasts: 3 Bangladeshis killed along Myanmar border,2026-06-12T08:00:00,Bandarban,Nilachal,23.01134,91.4013,murder,,5,8,4,bandarban,1,zone_alias
Daily Star,https://www.thedailystar.net/news/crime-justice/news/mine-blasts-3-bangladeshis-killed-along-myanmar-border-4183986,Mine blasts: 3 Bangladeshis killed along Myanmar border,2026-06-12T08:00:00,Bandarban,Rowangchhari,22.19534,92.21946,murder,,5,8,4,bandarban,1,zone_alias
Daily Star,https://www.thedailystar.net/news/crime-justice/news/imam-arrested-over-alleged-rape-7-year-old-girl-kishoreganj-4183676,Imam arrested over alleged rape of 7-year-old girl in Kishoreganj,2026-06-12T08:00:00,Netrokona,Purbadhala,24.94077,90.60025,sexual_violence,7.0,5,8,4,purbadhala,2,zone_alias
Daily Star,https://www.thedailystar.net/news/crime-justice/news/imam-arrested-over-alleged-rape-7-year-old-girl-kishoreganj-4183676,Imam arrested over alleged rape of 7-year-old girl in Kishoreganj,2026-06-12T08:00:00,Netrokona,Mokterpara,24.871384,90.732886,sexual_violence,7.0,5,8,4,netrokona,1,zone_alias
Daily Star,https://www.thedailystar.net/news/crime-justice/news/imam-arrested-over-alleged-rape-7-year-old-girl-kishoreganj-4183676,Imam arrested over alleged rape of 7-year-old girl in Kishoreganj,2026-06-12T08:00:00,Kishoreganj,Hossainpur,23.94328,90.7559,sexual_violence,7.0,5,8,4,kishoreganj,1,zone_alias
Daily Star,https://www.thedailystar.net/news/crime-justice/news/3-killed-separate-incidents-pirojpur-and-pabna-4183631,3 killed in separate incidents in Pirojpur and Pabna,2026-06-12T08:00:00,Pabna,Ishwardi,24.130775,89.064327,murder,,5,8,4,ishwardi,2,zone_alias
Daily Star,https://www.thedailystar.net/news/crime-justice/news/3-killed-separate-incidents-pirojpur-and-pabna-4183631,3 killed in separate incidents in Pirojpur and Pabna,2026-06-12T08:00:00,Pirojpur,Mathbaria,22.28616,89.95882,murder,,5,8,4,mathbaria,2,zone_alias
Daily Star,https://www.thedailystar.net/news/crime-justice/news/3-killed-separate-incidents-pirojpur-and-pabna-4183631,3 killed in separate incidents in Pirojpur and Pabna,2026-06-12T08:00:00,Pabna,Atgharia,24.48515,89.53493,murder,,5,8,4,pabna,1,zone_alias
Daily Star,https://www.thedailystar.net/news/crime-justice/news/three-including-minor-arrested-over-gang-rape-housewife-savar-4183551,"Three, including a minor, arrested over gang-rape of housewife in Savar",2026-06-12T08:00:00,Dhaka,Sadarghat,23.7104,90.4074,sexual_violence,16.0,5,8,4,Dhaka,0,district_fallback
Daily Star,https://www.thedailystar.net/news/crime-justice/news/man-sentenced-death-over-rape-11-year-old-meherpur-4183541,Man sentenced to death over rape of 11-year-old in Meherpur,2026-06-12T08:00:00,Meherpur,Gangni,23.81285,88.75436,sexual_violence,11.0,5,8,4,gangni,2,zone_alias
Daily Star,https://www.thedailystar.net/news/crime-justice/news/man-sentenced-death-over-rape-11-year-old-meherpur-4183541,Man sentenced to death over rape of 11-year-old in Meherpur,2026-06-12T08:00:00,Chandpur,Faridganj,23.13559,90.7434,sexual_violence,11.0,5,8,4,chandpur,1,zone_alias
Daily Star,https://www.thedailystar.net/news/crime-justice/news/man-sentenced-death-over-rape-11-year-old-meherpur-4183541,Man sentenced to death over rape of 11-year-old in Meherpur,2026-06-12T08:00:00,Chandpur,Hajiganj,23.25191,90.85508,sexual_violence,11.0,5,8,4,chandpur,1,zone_alias
Daily Star,https://www.thedailystar.net/news/crime-justice/news/ramisa-murder-charges-accepted-against-sohel-swapna-4183531,"Ramisa murder: Charges accepted against Sohel, Swapna",2026-06-12T08:00:00,Dhaka,Sadarghat,23.7104,90.4074,sexual_violence,15.0,5,8,4,Dhaka,0,district_fallback
Daily Star,https://www.thedailystar.net/news/crime-justice/news/man-arrested-over-raping-9-year-old-multiple-times-taking-photos-gazipur-4183516,"Man arrested over raping 9-year-old multiple times, taking photos in Gazipur",2026-06-12T08:00:00,Gazipur,Konabari,24.126097,90.472114,sexual_violence,9.0,5,8,4,gazipur,1,zone_alias
Daily Star,https://www.thedailystar.net/news/crime-justice/news/man-arrested-over-raping-9-year-old-multiple-times-taking-photos-gazipur-4183516,"Man arrested over raping 9-year-old multiple times, taking photos in Gazipur",2026-06-12T08:00:00,Gazipur,Kaliakair,24.126097,90.472114,sexual_violence,9.0,5,8,4,gazipur,1,zone_alias
Daily Star,https://www.thedailystar.net/news/crime-justice/news/man-arrested-over-raping-9-year-old-multiple-times-taking-photos-gazipur-4183516,"Man arrested over raping 9-year-old multiple times, taking photos in Gazipur",2026-06-12T08:00:00,Gazipur,Kapasia,24.11404,90.56148,sexual_violence,9.0,5,8,4,gazipur,1,zone_alias
Daily Star,https://www.thedailystar.net/news/crime-justice/news/15-year-old-accused-raping-5-year-old-bandarban-4183491,15-year-old accused of raping 5-year-old in Bandarban,2026-06-12T08:00:00,Bandarban,Balaghata,22.19534,92.21946,sexual_violence,15.0,5,8,4,bandarban,1,zone_alias
Daily Star,https://www.thedailystar.net/news/crime-justice/news/15-year-old-accused-raping-5-year-old-bandarban-4183491,15-year-old accused of raping 5-year-old in Bandarban,2026-06-12T08:00:00,Bandarban,Nilachal,23.01134,91.4013,sexual_violence,15.0,5,8,4,bandarban,1,zone_alias
Daily Star,https://www.thedailystar.net/news/crime-justice/news/15-year-old-accused-raping-5-year-old-bandarban-4183491,15-year-old accused of raping 5-year-old in Bandarban,2026-06-12T08:00:00,Bandarban,Rowangchhari,22.19534,92.21946,sexual_violence,15.0,5,8,4,bandarban,1,zone_alias
Daily Star,https://www.thedailystar.net/news/crime-justice/news/unidentified-youths-body-recovered-padma-river-rajshahi-4183481,Unidentified youth’s body recovered from Padma River in Rajshahi,2026-06-12T08:00:00,Rajshahi,Rajshahi Medical College,24.372,88.586397,murder,,5,8,4,rajshahi medical college,6,zone_alias
Daily Star,https://www.thedailystar.net/news/crime-justice/news/unidentified-youths-body-recovered-padma-river-rajshahi-4183481,Unidentified youth’s body recovered from Padma River in Rajshahi,2026-06-12T08:00:00,Rajshahi,Binodpur,24.37443,88.603999,murder,,5,8,4,rajshahi,1,zone_alias
Daily Star,https://www.thedailystar.net/news/crime-justice/news/unidentified-youths-body-recovered-padma-river-rajshahi-4183481,Unidentified youth’s body recovered from Padma River in Rajshahi,2026-06-12T08:00:00,Rajshahi,Kazla,24.364265,88.632816,murder,,5,8,4,rajshahi,1,zone_alias
Daily Star,https://www.thedailystar.net/news/crime-justice/news/ramisa-murder-charges-pressed-against-sohel-rana-and-swapna-akter-4183476,Ramisa murder: Charges pressed against Sohel Rana and Swapna,2026-06-12T08:00:00,Dhaka,Sadarghat,23.7104,90.4074,sexual_violence,15.0,5,8,4,Dhaka,0,district_fallback
Daily Star,https://www.thedailystar.net/news/crime-justice/news/man-shot-attack-targeting-bnp-leader-coxs-bazar-court-premises-4183466,Man shot in attack targeting BNP leader at Cox’s Bazar court premises,2026-06-12T08:00:00,Chattogram,GEC Circle,22.3597,91.8215,violence,,5,8,4,Chattogram,0,district_fallback
Daily Star,https://www.thedailystar.net/news/crime-justice/news/man-held-over-alleged-sexual-assault-teenage-girl-jamalpur-4183326,Man held over alleged sexual assault of teenage girl in Jamalpur,2026-06-12T08:00:00,Jamalpur,Madarganj,24.91965,89.94812,sexual_violence,14.0,5,8,4,madarganj,2,zone_alias
Daily Star,https://www.thedailystar.net/news/crime-justice/news/man-held-over-alleged-sexual-assault-teenage-girl-jamalpur-4183326,Man held over alleged sexual assault of teenage girl in Jamalpur,2026-06-12T08:00:00,Jamalpur,Dewanganj,25.14236,89.76215,sexual_violence,14.0,5,8,4,jamalpur,1,zone_alias
Daily Star,https://www.thedailystar.net/news/crime-justice/news/man-held-over-alleged-sexual-assault-teenage-girl-jamalpur-4183326,Man held over alleged sexual assault of teenage girl in Jamalpur,2026-06-12T08:00:00,Jamalpur,Melandaha,24.91965,89.94812,sexual_violence,14.0,5,8,4,jamalpur,1,zone_alias
Daily Star,https://www.thedailystar.net/news/crime-justice/news/ramisa-murder-accused-couple-produced-court-charge-sheet-nears-filing-4183316,Ramisa murder: Accused couple produced before court as charge sheet nears filing,2026-06-12T08:00:00,Dhaka,Sadarghat,23.7104,90.4074,sexual_violence,15.0,5,8,4,Dhaka,0,district_fallback
Daily Star,https://www.thedailystar.net/news/crime-justice/news/sitakunda-child-murder-police-likely-press-charges-may-30-4183086,Sitakunda child murder: Police likely to press charges by May 30,2026-06-12T08:00:00,Chattogram,GEC Circle,22.3597,91.8215,sexual_violence,15.0,5,8,4,Chattogram,0,district_fallback
Daily Star,https://www.thedailystar.net/news/crime-justice/news/sitakunda-child-murder-police-likely-press-charges-may-30-4183086,Sitakunda child murder: Police likely to press charges by May 30,2026-06-12T08:00:00,Dhaka,Sadarghat,23.7104,90.4074,sexual_violence,15.0,5,8,4,Dhaka,0,district_fallback
Daily Star,https://www.thedailystar.net/news/crime-justice/news/ramisa-murder-charge-sheet-likely-today-4183111,Ramisa murder: Charge sheet likely today,2026-06-12T08:00:00,Narayanganj,Fatullah,23.63816,90.49097,sexual_violence,15.0,5,8,4,fatullah,2,zone_alias
Daily Star,https://www.thedailystar.net/news/crime-justice/news/ramisa-murder-charge-sheet-likely-today-4183111,Ramisa murder: Charge sheet likely today,2026-06-12T08:00:00,Narayanganj,Chashara,23.62502,90.49684,sexual_violence,15.0,5,8,4,narayanganj,1,zone_alias
Daily Star,https://www.thedailystar.net/news/crime-justice/news/ramisa-murder-charge-sheet-likely-today-4183111,Ramisa murder: Charge sheet likely today,2026-06-12T08:00:00,Narayanganj,Rupganj,23.61352,90.50298,sexual_violence,15.0,5,8,4,narayanganj,1,zone_alias
Daily Star,https://www.thedailystar.net/news/crime-justice/news/ex-cj-khairul-haque-shown-arrested-fresh-case-4183141,Ex-CJ Khairul Haque shown arrested in fresh case,2026-06-12T08:00:00,Dhaka,Dhanmondi,23.7461,90.3742,murder,81.0,5,8,4,dhanmondi,2,zone_alias
Daily Star,https://www.thedailystar.net/news/crime-justice/news/ex-cj-khairul-haque-shown-arrested-fresh-case-4183141,Ex-CJ Khairul Haque shown arrested in fresh case,2026-06-12T08:00:00,Dhaka,Jatrabari,23.7104,90.4349,murder,81.0,5,8,4,jatrabari,2,zone_alias
Daily Star,https://www.thedailystar.net/news/crime-justice/news/road-crashes-kill-16-five-districts-4183151,Road crashes kill 16 in five districts,2026-06-12T08:00:00,Meherpur,Meherpur General Hospital,23.778018,88.642587,murder,16.0,5,8,4,meherpur general hospital,6,zone_alias
Daily Star,https://www.thedailystar.net/news/crime-justice/news/road-crashes-kill-16-five-districts-4183151,Road crashes kill 16 in five districts,2026-06-12T08:00:00,Meherpur,Meherpur Sadar,23.77687,88.63033,murder,16.0,5,8,4,meherpur sadar,5,zone_alias
Daily Star,https://www.thedailystar.net/news/crime-justice/news/road-crashes-kill-16-five-districts-4183151,Road crashes kill 16 in five districts,2026-06-12T08:00:00,Thakurgaon,Thakurgaon Sadar,26.03097,88.46989,murder,16.0,5,8,4,thakurgaon sadar,5,zone_alias
Daily Star,https://www.thedailystar.net/news/crime-justice/news/10-held-2-days-over-rape-sexual-abuse-minors-4183166,"10 held in 2 days over rape, sexual abuse of minors",2026-06-12T08:00:00,Narayanganj,Fatullah,23.63816,90.49097,sexual_violence,14.0,5,8,4,fatullah,2,zone_alias
Daily Star,https://www.thedailystar.net/news/crime-justice/news/10-held-2-days-over-rape-sexual-abuse-minors-4183166,"10 held in 2 days over rape, sexual abuse of minors",2026-06-12T08:00:00,Patuakhali,Kalapara,21.98455,90.22969,sexual_violence,14.0,5,8,4,kalapara,2,zone_alias
Daily Star,https://www.thedailystar.net/news/crime-justice/news/10-held-2-days-over-rape-sexual-abuse-minors-4183166,"10 held in 2 days over rape, sexual abuse of minors",2026-06-12T08:00:00,Faridpur,Goalchamot,23.5936,89.8201,sexual_violence,14.0,5,8,4,faridpur,1,zone_alias
Daily Star,https://www.thedailystar.net/news/crime-justice/news/youths-mutilated-body-found-madaripur-riverbank-4182906,Youth’s mutilated body found in Madaripur riverbank,2026-06-12T08:00:00,Madaripur,Madaripur Sadar Hospital,23.165413,90.211774,murder,,5,8,4,madaripur sadar hospital,6,zone_alias
Daily Star,https://www.thedailystar.net/news/crime-justice/news/youths-mutilated-body-found-madaripur-riverbank-4182906,Youth’s mutilated body found in Madaripur riverbank,2026-06-12T08:00:00,Madaripur,Madaripur Sadar,23.17097,90.20935,murder,,5,8,4,madaripur sadar,5,zone_alias
Daily Star,https://www.thedailystar.net/news/crime-justice/news/youths-mutilated-body-found-madaripur-riverbank-4182906,Youth’s mutilated body found in Madaripur riverbank,2026-06-12T08:00:00,Madaripur,Kalkini,23.1,90.26667,murder,,5,8,4,kalkini,2,zone_alias
Daily Star,https://www.thedailystar.net/news/crime-justice/news/three-ansar-members-arrested-over-creating-chaos-during-pms-darbar-programme-4182861,Three Ansar members arrested over 'creating chaos' during PM’s darbar programme,2026-06-12T08:00:00,Gazipur,Kaliakair,24.126097,90.472114,suspicious_activity,,2,8,4,kaliakair,2,zone_alias
Daily Star,https://www.thedailystar.net/news/crime-justice/news/three-ansar-members-arrested-over-creating-chaos-during-pms-darbar-programme-4182861,Three Ansar members arrested over 'creating chaos' during PM’s darbar programme,2026-06-12T08:00:00,Gazipur,Konabari,24.126097,90.472114,suspicious_activity,,2,8,4,gazipur,1,zone_alias
Daily Star,https://www.thedailystar.net/news/crime-justice/news/three-ansar-members-arrested-over-creating-chaos-during-pms-darbar-programme-4182861,Three Ansar members arrested over 'creating chaos' during PM’s darbar programme,2026-06-12T08:00:00,Gazipur,Kapasia,24.11404,90.56148,suspicious_activity,,2,8,4,gazipur,1,zone_alias
Daily Star,https://www.thedailystar.net/news/crime-justice/news/money-counting-video-goes-viral-local-jubo-dal-leader-removed-post-netrokona-4182771,Money-counting video goes viral: Local Jubo Dal leader removed from post in Netrokona,2026-06-12T08:00:00,Dhaka,Uttara,23.8724,90.3953,suspicious_activity,,2,8,4,uttara,2,zone_alias
Daily Star,https://www.thedailystar.net/news/crime-justice/news/money-counting-video-goes-viral-local-jubo-dal-leader-removed-post-netrokona-4182771,Money-counting video goes viral: Local Jubo Dal leader removed from post in Netrokona,2026-06-12T08:00:00,Netrokona,Kalmakanda,25.00108,90.80773,suspicious_activity,,2,8,4,kalmakanda,2,zone_alias
Daily Star,https://www.thedailystar.net/news/crime-justice/news/money-counting-video-goes-viral-local-jubo-dal-leader-removed-post-netrokona-4182771,Money-counting video goes viral: Local Jubo Dal leader removed from post in Netrokona,2026-06-12T08:00:00,Netrokona,Mokterpara,24.871384,90.732886,suspicious_activity,,2,8,4,netrokona,1,zone_alias
Daily Star,https://www.thedailystar.net/news/crime-justice/news/release-former-chief-justice-abm-khairul-haque-stalled-after-fresh-arrest-4182721,Release of former chief justice ABM Khairul Haque stalled after fresh arrest,2026-06-12T08:00:00,Dhaka,Dhanmondi,23.7461,90.3742,murder,81.0,5,8,4,dhanmondi,2,zone_alias
Daily Star,https://www.thedailystar.net/news/crime-justice/news/release-former-chief-justice-abm-khairul-haque-stalled-after-fresh-arrest-4182721,Release of former chief justice ABM Khairul Haque stalled after fresh arrest,2026-06-12T08:00:00,Dhaka,Jatrabari,23.7104,90.4349,murder,81.0,5,8,4,jatrabari,2,zone_alias
Daily Star,https://www.thedailystar.net/news/crime-justice/news/rape-suspect-beaten-locals-narayanganj-admitted-dmch-4182526,"Rape suspect beaten by locals in Narayanganj, admitted to DMCH",2026-06-12T08:00:00,Narayanganj,Fatullah,23.63816,90.49097,sexual_violence,15.0,5,8,4,fatullah,2,zone_alias
Daily Star,https://www.thedailystar.net/news/crime-justice/news/rape-suspect-beaten-locals-narayanganj-admitted-dmch-4182526,"Rape suspect beaten by locals in Narayanganj, admitted to DMCH",2026-06-12T08:00:00,Narayanganj,Chashara,23.62502,90.49684,sexual_violence,15.0,5,8,4,narayanganj,1,zone_alias
Daily Star,https://www.thedailystar.net/news/crime-justice/news/rape-suspect-beaten-locals-narayanganj-admitted-dmch-4182526,"Rape suspect beaten by locals in Narayanganj, admitted to DMCH",2026-06-12T08:00:00,Narayanganj,Rupganj,23.61352,90.50298,sexual_violence,15.0,5,8,4,narayanganj,1,zone_alias
Daily Star,https://www.thedailystar.net/news/crime-justice/news/ctg-rape-suspect-sent-jail-after-confession-4182306,Ctg rape suspect sent to jail after confession,2026-06-12T08:00:00,Habiganj,Habiganj Sadar Hospital,24.373729,91.41607,sexual_violence,10.0,5,8,4,habiganj sadar hospital,6,zone_alias
Daily Star,https://www.thedailystar.net/news/crime-justice/news/ctg-rape-suspect-sent-jail-after-confession-4182306,Ctg rape suspect sent to jail after confession,2026-06-12T08:00:00,Habiganj,Habiganj Sadar,24.38044,91.413,sexual_violence,10.0,5,8,4,habiganj sadar,5,zone_alias
Daily Star,https://www.thedailystar.net/news/crime-justice/news/ctg-rape-suspect-sent-jail-after-confession-4182306,Ctg rape suspect sent to jail after confession,2026-06-12T08:00:00,Chattogram,Bayezid,22.3905,91.8225,sexual_violence,10.0,5,8,4,bayezid bostami,4,zone_alias
Daily Star,https://www.thedailystar.net/news/crime-justice/news/ramisa-murder-we-want-safe-place-our-children-4182356,Ramisa murder: ‘We want a safe place for our children’,2026-06-12T08:00:00,Dhaka,New Market,23.7332,90.3857,murder,15.0,5,8,4,new market,5,zone_alias
Daily Star,https://www.thedailystar.net/news/crime-justice/news/ramisa-murder-we-want-safe-place-our-children-4182356,Ramisa murder: ‘We want a safe place for our children’,2026-06-12T08:00:00,Dhaka,Gulshan,23.7806,90.4167,murder,15.0,5,8,4,gulshan,2,zone_alias
Daily Star,https://www.thedailystar.net/news/crime-justice/news/ramisa-murder-we-want-safe-place-our-children-4182356,Ramisa murder: ‘We want a safe place for our children’,2026-06-12T08:00:00,Dhaka,Khilgaon,23.7509,90.4253,murder,15.0,5,8,4,khilgaon,2,zone_alias
Daily Star,https://www.thedailystar.net/news/crime-justice/news/rab-man-stabbed-death-drug-trader-sylhet-4182366,Rab man stabbed to death by ‘drug trader’ in Sylhet,2026-06-12T08:00:00,Sylhet,Sylhet MAG Osmani Medical College,24.900577,91.853376,murder,15.0,5,8,4,sylhet mag osmani medical college,8,zone_alias
Daily Star,https://www.thedailystar.net/news/crime-justice/news/rab-man-stabbed-death-drug-trader-sylhet-4182366,Rab man stabbed to death by ‘drug trader’ in Sylhet,2026-06-12T08:00:00,Chattogram,Kotwali,22.3371,91.8376,murder,15.0,5,8,4,kotwali,2,zone_alias
Daily Star,https://www.thedailystar.net/news/crime-justice/news/rab-man-stabbed-death-drug-trader-sylhet-4182366,Rab man stabbed to death by ‘drug trader’ in Sylhet,2026-06-12T08:00:00,Sylhet,Ambarkhana,24.897194,91.87024,murder,15.0,5,8,4,sylhet,1,zone_alias
Daily Star,https://www.thedailystar.net/news/crime-justice/news/unresolved-murders-reflect-deep-rooted-culture-impunity-4182416,Unresolved murders reflect deep-rooted culture of impunity,2026-06-12T08:00:00,Narayanganj,Chashara,23.62502,90.49684,murder,16.0,5,8,4,narayanganj,1,zone_alias
Daily Star,https://www.thedailystar.net/news/crime-justice/news/unresolved-murders-reflect-deep-rooted-culture-impunity-4182416,Unresolved murders reflect deep-rooted culture of impunity,2026-06-12T08:00:00,Narayanganj,Fatullah,23.63816,90.49097,murder,16.0,5,8,4,narayanganj,1,zone_alias
Daily Star,https://www.thedailystar.net/news/crime-justice/news/unresolved-murders-reflect-deep-rooted-culture-impunity-4182416,Unresolved murders reflect deep-rooted culture of impunity,2026-06-12T08:00:00,Narayanganj,Rupganj,23.61352,90.50298,murder,16.0,5,8,4,narayanganj,1,zone_alias
Daily Star,https://www.thedailystar.net/news/crime-justice/news/teacher-suspended-after-sexual-abuse-allegations-surface-4182436,Teacher suspended after sexual abuse allegations surface,2026-06-12T08:00:00,Pirojpur,Bhandaria,22.48898,90.06273,suspicious_activity,15.0,3,8,4,pirojpur,1,zone_alias
Daily Star,https://www.thedailystar.net/news/crime-justice/news/teacher-suspended-after-sexual-abuse-allegations-surface-4182436,Teacher suspended after sexual abuse allegations surface,2026-06-12T08:00:00,Pirojpur,Mathbaria,22.28616,89.95882,suspicious_activity,15.0,3,8,4,pirojpur,1,zone_alias
Daily Star,https://www.thedailystar.net/news/crime-justice/news/teacher-suspended-after-sexual-abuse-allegations-surface-4182436,Teacher suspended after sexual abuse allegations surface,2026-06-12T08:00:00,Pirojpur,Nazirpur,22.571721,89.97972,suspicious_activity,15.0,3,8,4,pirojpur,1,zone_alias
Daily Star,https://www.thedailystar.net/news/crime-justice/news/25-trees-felled-inside-satchari-park-4182441,25 trees felled inside Satchari park,2026-06-12T08:00:00,Habiganj,Chunarughat,24.38044,91.413,robbery,,3,8,4,chunarughat,2,zone_alias
Daily Star,https://www.thedailystar.net/news/crime-justice/news/25-trees-felled-inside-satchari-park-4182441,25 trees felled inside Satchari park,2026-06-12T08:00:00,Habiganj,Bahubal,24.38044,91.413,robbery,,3,8,4,habiganj,1,zone_alias
Daily Star,https://www.thedailystar.net/news/crime-justice/news/25-trees-felled-inside-satchari-park-4182441,25 trees felled inside Satchari park,2026-06-12T08:00:00,Habiganj,Lakhai,24.38044,91.413,robbery,,3,8,4,habiganj,1,zone_alias
Daily Star,https://www.thedailystar.net/news/crime-justice/news/2-men-arrested-over-attempted-rape-children-chattogram-4182141,2 men arrested over attempted rape of children in Chattogram,2026-06-12T08:00:00,Chattogram,Bayezid,22.3905,91.8225,sexual_violence,10.0,5,8,4,bayezid bostami,4,zone_alias
Daily Star,https://www.thedailystar.net/news/crime-justice/news/3-sent-jail-over-alleged-attempt-sell-woman-faridpur-brothel-4182121,3 sent to jail over alleged attempt to sell woman to Faridpur brothel,2026-06-12T08:00:00,Faridpur,Goalchamot,23.5936,89.8201,suspicious_activity,19.0,2,8,4,faridpur,1,zone_alias
Daily Star,https://www.thedailystar.net/news/crime-justice/news/3-sent-jail-over-alleged-attempt-sell-woman-faridpur-brothel-4182121,3 sent to jail over alleged attempt to sell woman to Faridpur brothel,2026-06-12T08:00:00,Bogura,Satmatha,25.733988,89.286492,suspicious_activity,19.0,2,8,4,bogura,1,zone_alias
Daily Star,https://www.thedailystar.net/news/crime-justice/news/3-sent-jail-over-alleged-attempt-sell-woman-faridpur-brothel-4182121,3 sent to jail over alleged attempt to sell woman to Faridpur brothel,2026-06-12T08:00:00,Bogura,Charmatha,24.85098,89.37108,suspicious_activity,19.0,2,8,4,bogura,1,zone_alias
Daily Star,https://www.thedailystar.net/news/crime-justice/news/man-arrested-over-attempted-rape-4-year-old-habiganj-4182086,Man arrested over attempted rape of 4-year-old in Habiganj,2026-06-12T08:00:00,Habiganj,Habiganj Sadar Hospital,24.373729,91.41607,sexual_violence,4.0,5,8,4,habiganj sadar hospital,6,zone_alias
Daily Star,https://www.thedailystar.net/news/crime-justice/news/man-arrested-over-attempted-rape-4-year-old-habiganj-4182086,Man arrested over attempted rape of 4-year-old in Habiganj,2026-06-12T08:00:00,Habiganj,Habiganj Sadar,24.38044,91.413,sexual_violence,4.0,5,8,4,habiganj sadar,5,zone_alias
Daily Star,https://www.thedailystar.net/news/crime-justice/news/man-arrested-over-attempted-rape-4-year-old-habiganj-4182086,Man arrested over attempted rape of 4-year-old in Habiganj,2026-06-12T08:00:00,Habiganj,Bahubal,24.38044,91.413,sexual_violence,4.0,5,8,4,habiganj,1,zone_alias
Daily Star,https://www.thedailystar.net/news/crime-justice/news/madrasa-suspends-teacher-after-sexual-abuse-allegations-surface-4182051,Madrasa suspends teacher after sexual abuse allegations surface,2026-06-12T08:00:00,Pirojpur,Bhandaria,22.48898,90.06273,suspicious_activity,15.0,3,8,4,pirojpur,1,zone_alias
Daily Star,https://www.thedailystar.net/news/crime-justice/news/madrasa-suspends-teacher-after-sexual-abuse-allegations-surface-4182051,Madrasa suspends teacher after sexual abuse allegations surface,2026-06-12T08:00:00,Pirojpur,Mathbaria,22.28616,89.95882,suspicious_activity,15.0,3,8,4,pirojpur,1,zone_alias
Daily Star,https://www.thedailystar.net/news/crime-justice/news/madrasa-suspends-teacher-after-sexual-abuse-allegations-surface-4182051,Madrasa suspends teacher after sexual abuse allegations surface,2026-06-12T08:00:00,Pirojpur,Nazirpur,22.571721,89.97972,suspicious_activity,15.0,3,8,4,pirojpur,1,zone_alias
Daily Star,https://www.thedailystar.net/news/crime-justice/news/rab-personnel-killed-while-confronting-suspected-mugger-sylhet-4182046,Rab personnel killed while confronting suspected mugger in Sylhet,2026-06-12T08:00:00,Sylhet,Sylhet MAG Osmani Medical College,24.900577,91.853376,murder,15.0,5,8,4,sylhet mag osmani medical college,8,zone_alias
Daily Star,https://www.thedailystar.net/news/crime-justice/news/rab-personnel-killed-while-confronting-suspected-mugger-sylhet-4182046,Rab personnel killed while confronting suspected mugger in Sylhet,2026-06-12T08:00:00,Sylhet,Ambarkhana,24.897194,91.87024,murder,15.0,5,8,4,sylhet,1,zone_alias
Daily Star,https://www.thedailystar.net/news/crime-justice/news/rab-personnel-killed-while-confronting-suspected-mugger-sylhet-4182046,Rab personnel killed while confronting suspected mugger in Sylhet,2026-06-12T08:00:00,Sylhet,Tilagor,24.896191,91.899531,murder,15.0,5,8,4,sylhet,1,zone_alias
Daily Star,https://www.thedailystar.net/news/crime-justice/news/case-filed-over-attempted-rape-four-year-old-chattogram-4182011,Case filed over attempted rape of four-year-old in Chattogram,2026-06-12T08:00:00,Chattogram,GEC Circle,22.3597,91.8215,violence,15.0,5,8,4,Chattogram,0,district_fallback
Daily Star,https://www.thedailystar.net/news/crime-justice/news/were-living-fear-our-children-dhaka-protests-ramisas-killing-4182001,‘We're living in fear for our children’: Dhaka protests Ramisa’s killing,2026-06-12T08:00:00,Dhaka,Khilgaon,23.7509,90.4253,murder,15.0,5,8,4,khilgaon dhaka,4,zone_alias
Daily Star,https://www.thedailystar.net/news/crime-justice/news/were-living-fear-our-children-dhaka-protests-ramisas-killing-4182001,‘We're living in fear for our children’: Dhaka protests Ramisa’s killing,2026-06-12T08:00:00,Dhaka,Gulshan,23.7806,90.4167,murder,15.0,5,8,4,gulshan,2,zone_alias
Daily Star,https://www.thedailystar.net/news/crime-justice/news/were-living-fear-our-children-dhaka-protests-ramisas-killing-4182001,‘We're living in fear for our children’: Dhaka protests Ramisa’s killing,2026-06-12T08:00:00,Dhaka,Malibagh,23.7471,90.4146,murder,15.0,5,8,4,malibagh,2,zone_alias
Daily Star,https://www.thedailystar.net/news/crime-justice/news/23-al-leaders-activists-detained-dhakas-dhanmondi-4181981,"23 AL leaders, activists detained in Dhaka's Dhanmondi",2026-06-12T08:00:00,Dhaka,Dhanmondi,23.7461,90.3742,suspicious_activity,,2,8,4,dhanmondi 32,4,zone_alias
Daily Star,https://www.thedailystar.net/news/crime-justice/news/who-will-save-our-children-our-own-epsteins-4181976,Who will save our children from our own ‘Epsteins’?,2026-06-12T08:00:00,Netrokona,Mokterpara,24.871384,90.732886,sexual_violence,11.0,5,8,4,netrokona,1,zone_alias
Daily Star,https://www.thedailystar.net/news/crime-justice/news/who-will-save-our-children-our-own-epsteins-4181976,Who will save our children from our own ‘Epsteins’?,2026-06-12T08:00:00,Magura,Arpara,23.405385,89.416036,sexual_violence,11.0,5,8,4,magura,1,zone_alias
Daily Star,https://www.thedailystar.net/news/crime-justice/news/who-will-save-our-children-our-own-epsteins-4181976,Who will save our children from our own ‘Epsteins’?,2026-06-12T08:00:00,Magura,Langalbadh,23.666337,89.366377,sexual_violence,11.0,5,8,4,magura,1,zone_alias
Daily Star,https://www.thedailystar.net/news/crime-justice/news/elderly-man-arrested-over-attempted-rape-7-year-old-girl-savar-4181931,Elderly man arrested over attempted rape of 7-year-old girl in Savar,2026-06-12T08:00:00,Patuakhali,Bauphal,22.41593,90.55943,sexual_violence,7.0,5,8,4,bauphal,2,zone_alias
Daily Star,https://www.thedailystar.net/news/crime-justice/news/elderly-man-arrested-over-attempted-rape-7-year-old-girl-savar-4181931,Elderly man arrested over attempted rape of 7-year-old girl in Savar,2026-06-12T08:00:00,Patuakhali,Dumki,22.47022,90.38309,sexual_violence,7.0,5,8,4,patuakhali,1,zone_alias
Daily Star,https://www.thedailystar.net/news/crime-justice/news/elderly-man-arrested-over-attempted-rape-7-year-old-girl-savar-4181931,Elderly man arrested over attempted rape of 7-year-old girl in Savar,2026-06-12T08:00:00,Patuakhali,Galachipa,22.16858,90.41105,sexual_violence,7.0,5,8,4,patuakhali,1,zone_alias
Daily Star,https://www.thedailystar.net/news/crime-justice/news/dna-sample-collected-accused-netrokona-child-rape-case-4181896,DNA sample collected from accused in Netrokona child rape case,2026-06-12T08:00:00,Netrokona,Mokterpara,24.871384,90.732886,sexual_violence,11.0,5,8,4,netrokona,1,zone_alias
Daily Star,https://www.thedailystar.net/news/crime-justice/news/dna-sample-collected-accused-netrokona-child-rape-case-4181896,DNA sample collected from accused in Netrokona child rape case,2026-06-12T08:00:00,Sylhet,Ambarkhana,24.897194,91.87024,sexual_violence,11.0,5,8,4,sylhet,1,zone_alias
Daily Star,https://www.thedailystar.net/news/crime-justice/news/dna-sample-collected-accused-netrokona-child-rape-case-4181896,DNA sample collected from accused in Netrokona child rape case,2026-06-12T08:00:00,Sylhet,Tilagor,24.896191,91.899531,sexual_violence,11.0,5,8,4,sylhet,1,zone_alias
Daily Star,https://www.thedailystar.net/news/crime-justice/news/rab-arrests-jashore-top-terror-bhagne-emon-4181856,Rab arrests Jashore top terror 'Bhagne Emon',2026-06-12T08:00:00,Jashore,Chanchra,23.168306,89.210408,murder,,5,8,4,jashore,1,zone_alias
Daily Star,https://www.thedailystar.net/news/crime-justice/news/rab-arrests-jashore-top-terror-bhagne-emon-4181856,Rab arrests Jashore top terror 'Bhagne Emon',2026-06-12T08:00:00,Jashore,Bagharpara,24.045958,90.032723,murder,,5,8,4,jashore,1,zone_alias
Daily Star,https://www.thedailystar.net/news/crime-justice/news/rab-arrests-jashore-top-terror-bhagne-emon-4181856,Rab arrests Jashore top terror 'Bhagne Emon',2026-06-12T08:00:00,Jashore,Jhikargacha,23.11134,89.09061,murder,,5,8,4,jashore,1,zone_alias
Daily Star,https://www.thedailystar.net/news/crime-justice/news/sexual-abuse-child-clashes-erupt-crowd-tries-snatch-suspect-4181746,Sexual abuse of child: Clashes erupt as crowd tries to snatch suspect,2026-06-12T08:00:00,Chattogram,GEC Circle,22.3597,91.8215,violence,15.0,5,8,4,Chattogram,0,district_fallback
Daily Star,https://www.thedailystar.net/news/crime-justice/news/public-outrage-mounts-over-ramisa-murder-4181751,Public outrage mounts over Ramisa murder,2026-06-12T08:00:00,Dhaka,Sadarghat,23.7104,90.4074,sexual_violence,15.0,5,8,4,Dhaka,0,district_fallback
Daily Star,https://www.thedailystar.net/news/crime-justice/news/rape-madrasa-suspect-held-after-10-yr-old-dies-suicide-4181756,Rape in madrasa: Suspect held after 10-yr-old dies by suicide,2026-06-12T08:00:00,Dhaka,Rampura,23.7639,90.4217,sexual_violence,10.0,5,8,4,rampura,2,zone_alias
Daily Star,https://www.thedailystar.net/news/crime-justice/news/rape-madrasa-suspect-held-after-10-yr-old-dies-suicide-4181756,Rape in madrasa: Suspect held after 10-yr-old dies by suicide,2026-06-12T08:00:00,Dhaka,Motijheel,23.733,90.4172,sexual_violence,10.0,5,8,4,motijheel,2,zone_alias
Daily Star,https://www.thedailystar.net/news/crime-justice/news/rape-madrasa-suspect-held-after-10-yr-old-dies-suicide-4181756,Rape in madrasa: Suspect held after 10-yr-old dies by suicide,2026-06-12T08:00:00,Pabna,Bera,24.07821,89.63262,sexual_violence,10.0,5,8,4,bera,2,zone_alias
Daily Star,https://www.thedailystar.net/news/crime-justice/news/state-enterprises-bleed-tk-88200cr-every-year-wb-study-4181761,"State enterprises bleed Tk 88,200cr every year: WB study",2026-06-12T08:00:00,Khulna,Khalishpur,22.85308,89.54427,suspicious_activity,,2,8,4,khulna,1,zone_alias
Daily Star,https://www.thedailystar.net/news/crime-justice/news/state-enterprises-bleed-tk-88200cr-every-year-wb-study-4181761,"State enterprises bleed Tk 88,200cr every year: WB study",2026-06-12T08:00:00,Khulna,Boyra,22.82813,89.543382,suspicious_activity,,2,8,4,khulna,1,zone_alias
Daily Star,https://www.thedailystar.net/news/crime-justice/news/state-enterprises-bleed-tk-88200cr-every-year-wb-study-4181761,"State enterprises bleed Tk 88,200cr every year: WB study",2026-06-12T08:00:00,Khulna,Gollamari,22.837283,89.540056,suspicious_activity,,2,8,4,khulna,1,zone_alias
Daily Star,https://www.thedailystar.net/news/crime-justice/news/s-alam-group-chairman-among-11-sentenced-tk-845cr-islami-bank-loan-case-4181406,S Alam Group chairman among 11 sentenced in Tk 84.5cr Islami Bank loan case,2026-06-12T08:00:00,Chattogram,GEC Circle,22.3597,91.8215,suspicious_activity,,2,8,4,Chattogram,0,district_fallback
Daily Star,https://www.thedailystar.net/news/crime-justice/news/pm-tarique-rahman-set-visit-ramisas-pallabi-home-tonight-4181336,PM Tarique Rahman set to visit Ramisa’s Pallabi home tonight,2026-06-12T08:00:00,Narayanganj,Fatullah,23.63816,90.49097,suspicious_activity,,2,8,4,fatullah,2,zone_alias
Daily Star,https://www.thedailystar.net/news/crime-justice/news/pm-tarique-rahman-set-visit-ramisas-pallabi-home-tonight-4181336,PM Tarique Rahman set to visit Ramisa’s Pallabi home tonight,2026-06-12T08:00:00,Narayanganj,Chashara,23.62502,90.49684,suspicious_activity,,2,8,4,narayanganj,1,zone_alias
Daily Star,https://www.thedailystar.net/news/crime-justice/news/pm-tarique-rahman-set-visit-ramisas-pallabi-home-tonight-4181336,PM Tarique Rahman set to visit Ramisa’s Pallabi home tonight,2026-06-12T08:00:00,Narayanganj,Rupganj,23.61352,90.50298,suspicious_activity,,2,8,4,narayanganj,1,zone_alias
Daily Star,https://www.thedailystar.net/news/crime-justice/news/police-take-custody-man-accused-assaulting-child-ctgs-bakalia-4181326,Police take custody of man accused of assaulting child in Ctg’s Bakalia,2026-06-12T08:00:00,Chattogram,GEC Circle,22.3597,91.8215,violence,15.0,5,8,4,Chattogram,0,district_fallback
Daily Star,https://www.thedailystar.net/news/crime-justice/news/man-gets-life-term-rape-4-year-old-satkhira-4181311,Man gets life term for rape of 4‑year‑old in Satkhira,2026-06-12T08:00:00,Satkhira,Assasuni,22.70817,89.07185,sexual_violence,15.0,5,8,4,satkhira,1,zone_alias
Daily Star,https://www.thedailystar.net/news/crime-justice/news/man-gets-life-term-rape-4-year-old-satkhira-4181311,Man gets life term for rape of 4‑year‑old in Satkhira,2026-06-12T08:00:00,Satkhira,Debhata,22.70817,89.07185,sexual_violence,15.0,5,8,4,satkhira,1,zone_alias
Daily Star,https://www.thedailystar.net/news/crime-justice/news/man-gets-life-term-rape-4-year-old-satkhira-4181311,Man gets life term for rape of 4‑year‑old in Satkhira,2026-06-12T08:00:00,Satkhira,Shyamnagar,22.34083,89.11756,sexual_violence,15.0,5,8,4,satkhira,1,zone_alias
Daily Star,https://www.thedailystar.net/news/crime-justice/news/rape-murder-11-year-old-ctg-prime-accused-arrested-narsingdi-4181286,"Rape, murder of 11-year-old in Ctg: Prime accused arrested from Narsingdi",2026-06-12T08:00:00,Narsingdi,Raipura,23.92298,90.71768,sexual_violence,11.0,5,8,4,raipura,2,zone_alias
Daily Star,https://www.thedailystar.net/news/crime-justice/news/rape-murder-11-year-old-ctg-prime-accused-arrested-narsingdi-4181286,"Rape, murder of 11-year-old in Ctg: Prime accused arrested from Narsingdi",2026-06-12T08:00:00,Narsingdi,Belabo,24.1035,90.84581,sexual_violence,11.0,5,8,4,narsingdi,1,zone_alias
Daily Star,https://www.thedailystar.net/news/crime-justice/news/rape-murder-11-year-old-ctg-prime-accused-arrested-narsingdi-4181286,"Rape, murder of 11-year-old in Ctg: Prime accused arrested from Narsingdi",2026-06-12T08:00:00,Narsingdi,Monohardi,23.92298,90.71768,sexual_violence,11.0,5,8,4,narsingdi,1,zone_alias
Daily Star,https://www.thedailystar.net/news/crime-justice/news/madrasa-student-remanded-over-rape-abetment-suicide-10-year-old-dhakas-banasree-4181236,"Madrasa student remanded over rape, abetment to suicide of 10-year-old in Dhaka’s Banasree",2026-06-12T08:00:00,Dhaka,Rampura,23.7639,90.4217,sexual_violence,10.0,5,8,4,rampura,2,zone_alias
Daily Star,https://www.thedailystar.net/news/crime-justice/news/madrasa-student-remanded-over-rape-abetment-suicide-10-year-old-dhakas-banasree-4181236,"Madrasa student remanded over rape, abetment to suicide of 10-year-old in Dhaka’s Banasree",2026-06-12T08:00:00,Dhaka,Motijheel,23.733,90.4172,sexual_violence,10.0,5,8,4,motijheel,2,zone_alias
Daily Star,https://www.thedailystar.net/news/crime-justice/news/madrasa-student-remanded-over-rape-abetment-suicide-10-year-old-dhakas-banasree-4181236,"Madrasa student remanded over rape, abetment to suicide of 10-year-old in Dhaka’s Banasree",2026-06-12T08:00:00,Pabna,Bera,24.07821,89.63262,sexual_violence,10.0,5,8,4,bera,2,zone_alias
Daily Star,https://www.thedailystar.net/news/crime-justice/news/bnp-leader-killed-narayanganj-over-soil-cutting-dispute-4181096,BNP leader killed in Narayanganj over soil-cutting dispute,2026-06-12T08:00:00,Narayanganj,Chashara,23.62502,90.49684,violence,,5,8,4,narayanganj,1,zone_alias
Daily Star,https://www.thedailystar.net/news/crime-justice/news/bnp-leader-killed-narayanganj-over-soil-cutting-dispute-4181096,BNP leader killed in Narayanganj over soil-cutting dispute,2026-06-12T08:00:00,Narayanganj,Fatullah,23.63816,90.49097,violence,,5,8,4,narayanganj,1,zone_alias
Daily Star,https://www.thedailystar.net/news/crime-justice/news/bnp-leader-killed-narayanganj-over-soil-cutting-dispute-4181096,BNP leader killed in Narayanganj over soil-cutting dispute,2026-06-12T08:00:00,Narayanganj,Rupganj,23.61352,90.50298,violence,,5,8,4,narayanganj,1,zone_alias
Daily Star,https://www.thedailystar.net/news/crime-justice/news/rape-murder-8-year-old-pallabi-law-minister-orders-police-report-within-7-days-4181046,"Rape, murder of 8-year-old in Pallabi: Law minister directs police to submit report within 7 days",2026-06-12T08:00:00,Dhaka,Sadarghat,23.7104,90.4074,sexual_violence,8.0,5,8,4,Dhaka,0,district_fallback
Daily Star,https://www.thedailystar.net/news/crime-justice/news/brutality-laid-bare-4180876,Brutality laid bare,2026-06-12T08:00:00,Narayanganj,Fatullah,23.63816,90.49097,sexual_violence,34.0,5,8,4,fatullah,2,zone_alias
Daily Star,https://www.thedailystar.net/news/crime-justice/news/brutality-laid-bare-4180876,Brutality laid bare,2026-06-12T08:00:00,Narayanganj,Chashara,23.62502,90.49684,sexual_violence,34.0,5,8,4,narayanganj,1,zone_alias
Daily Star,https://www.thedailystar.net/news/crime-justice/news/brutality-laid-bare-4180876,Brutality laid bare,2026-06-12T08:00:00,Munshiganj,Tongibari,23.53395,90.484545,sexual_violence,34.0,5,8,4,munshiganj,1,zone_alias
Daily Star,https://www.thedailystar.net/news/crime-justice/news/woman-found-dead-laws-house-family-alleges-dowry-murder-4180521,Woman found dead at in-laws’ house; family alleges dowry murder,2026-06-12T08:00:00,Shariatpur,Shariatpur Sadar Hospital,23.211776,90.348444,murder,15.0,5,8,4,shariatpur sadar hospital,6,zone_alias
Daily Star,https://www.thedailystar.net/news/crime-justice/news/woman-found-dead-laws-house-family-alleges-dowry-murder-4180521,Woman found dead at in-laws’ house; family alleges dowry murder,2026-06-12T08:00:00,Shariatpur,Shariatpur Sadar,23.21,90.35,murder,15.0,5,8,4,shariatpur sadar,5,zone_alias
Daily Star,https://www.thedailystar.net/news/crime-justice/news/woman-found-dead-laws-house-family-alleges-dowry-murder-4180521,Woman found dead at in-laws’ house; family alleges dowry murder,2026-06-12T08:00:00,Shariatpur,Bhedarganj,23.267008,90.414774,murder,15.0,5,8,4,bhedarganj,2,zone_alias
Daily Star,https://www.thedailystar.net/news/crime-justice/news/prime-accused-arrested-over-murder-9-year-old-ramim-narsingdi-4180471,Prime accused arrested over murder of 9-year-old Ramim in Narsingdi,2026-06-12T08:00:00,Narsingdi,Narsingdi Sadar,23.920144,90.718454,murder,9.0,5,8,4,narsingdi sadar,5,zone_alias
Daily Star,https://www.thedailystar.net/news/crime-justice/news/prime-accused-arrested-over-murder-9-year-old-ramim-narsingdi-4180471,Prime accused arrested over murder of 9-year-old Ramim in Narsingdi,2026-06-12T08:00:00,Narsingdi,Palash,23.95,90.625,murder,9.0,5,8,4,palash narsingdi,4,zone_alias
Daily Star,https://www.thedailystar.net/news/crime-justice/news/prime-accused-arrested-over-murder-9-year-old-ramim-narsingdi-4180471,Prime accused arrested over murder of 9-year-old Ramim in Narsingdi,2026-06-12T08:00:00,Narsingdi,Belabo,24.1035,90.84581,murder,9.0,5,8,4,narsingdi,1,zone_alias
Daily Star,https://www.thedailystar.net/news/crime-justice/news/sc-upholds-ex-chief-justice-khairuls-hc-bail-no-bar-his-release-4180331,"SC upholds ex-chief justice Khairul's HC bail, no bar to his release",2026-06-12T08:00:00,Dhaka,Dhanmondi,23.7461,90.3742,murder,,5,8,4,dhanmondi,2,zone_alias
Daily Star,https://www.thedailystar.net/news/crime-justice/news/sc-upholds-ex-chief-justice-khairuls-hc-bail-no-bar-his-release-4180331,"SC upholds ex-chief justice Khairul's HC bail, no bar to his release",2026-06-12T08:00:00,Dhaka,Jatrabari,23.7104,90.4349,murder,,5,8,4,jatrabari,2,zone_alias
Daily Star,https://www.thedailystar.net/news/crime-justice/news/four-sentenced-death-nine-life-term-army-officer-lt-tanjim-murder-case-4180326,"Four sentenced to death, nine to life term in army officer Lt Tanjim murder case",2026-06-12T08:00:00,Tangail,Ghatail,24.46667,89.96667,murder,,5,8,4,tangail,1,zone_alias
Daily Star,https://www.thedailystar.net/news/crime-justice/news/four-sentenced-death-nine-life-term-army-officer-lt-tanjim-murder-case-4180326,"Four sentenced to death, nine to life term in army officer Lt Tanjim murder case",2026-06-12T08:00:00,Tangail,Kalihati,24.39246,89.99215,murder,,5,8,4,tangail,1,zone_alias
Daily Star,https://www.thedailystar.net/news/crime-justice/news/four-sentenced-death-nine-life-term-army-officer-lt-tanjim-murder-case-4180326,"Four sentenced to death, nine to life term in army officer Lt Tanjim murder case",2026-06-12T08:00:00,Tangail,Madhupur,24.61186,90.03149,murder,,5,8,4,tangail,1,zone_alias
Daily Star,https://www.thedailystar.net/news/crime-justice/news/neighbour-confesses-rape-murder-8-year-old-pallabi-police-4180301,"Neighbour confesses to rape, murder of 8-year-old in Pallabi: Police",2026-06-12T08:00:00,Narayanganj,Fatullah,23.63816,90.49097,sexual_violence,8.0,5,8,4,fatullah,2,zone_alias
Daily Star,https://www.thedailystar.net/news/crime-justice/news/neighbour-confesses-rape-murder-8-year-old-pallabi-police-4180301,"Neighbour confesses to rape, murder of 8-year-old in Pallabi: Police",2026-06-12T08:00:00,Narayanganj,Chashara,23.62502,90.49684,sexual_violence,8.0,5,8,4,narayanganj,1,zone_alias
Daily Star,https://www.thedailystar.net/news/crime-justice/news/neighbour-confesses-rape-murder-8-year-old-pallabi-police-4180301,"Neighbour confesses to rape, murder of 8-year-old in Pallabi: Police",2026-06-12T08:00:00,Narayanganj,Rupganj,23.61352,90.50298,sexual_violence,8.0,5,8,4,narayanganj,1,zone_alias
Daily Star,https://www.thedailystar.net/news/crime-justice/news/bidisha-ershad-sentenced-2-years-jail-fraud-case-4180271,Bidisha Ershad sentenced to 2 years in jail in fraud case,2026-06-12T08:00:00,Dhaka,Gulshan,23.7806,90.4167,suspicious_activity,,2,8,4,gulshan,2,zone_alias
Daily Star,https://www.thedailystar.net/news/crime-justice/news/prime-suspect-arrested-dhaka-murder-saudi-returnee-4180246,Prime suspect arrested in Dhaka murder of Saudi returnee,2026-06-12T08:00:00,Dhaka,Motijheel,23.733,90.4172,murder,13.0,5,8,4,motijheel,2,zone_alias
Daily Star,https://www.thedailystar.net/news/crime-justice/news/prime-suspect-arrested-dhaka-murder-saudi-returnee-4180246,Prime suspect arrested in Dhaka murder of Saudi returnee,2026-06-12T08:00:00,Narsingdi,Belabo,24.1035,90.84581,murder,13.0,5,8,4,narsingdi,1,zone_alias
Daily Star,https://www.thedailystar.net/news/crime-justice/news/prime-suspect-arrested-dhaka-murder-saudi-returnee-4180246,Prime suspect arrested in Dhaka murder of Saudi returnee,2026-06-12T08:00:00,Narsingdi,Monohardi,23.92298,90.71768,murder,13.0,5,8,4,narsingdi,1,zone_alias
Daily Star,https://www.thedailystar.net/news/crime-justice/news/pallabi-child-murder-her-shoes-were-outside-the-neighbours-door-inside-was-horror-4179926,Pallabi child murder: Her shoes were outside the neighbour’s door; inside was horror,2026-06-12T08:00:00,Narayanganj,Fatullah,23.63816,90.49097,murder,10.0,5,8,4,fatullah,2,zone_alias
Daily Star,https://www.thedailystar.net/news/crime-justice/news/pallabi-child-murder-her-shoes-were-outside-the-neighbours-door-inside-was-horror-4179926,Pallabi child murder: Her shoes were outside the neighbour’s door; inside was horror,2026-06-12T08:00:00,Narayanganj,Chashara,23.62502,90.49684,murder,10.0,5,8,4,narayanganj,1,zone_alias
Daily Star,https://www.thedailystar.net/news/crime-justice/news/pallabi-child-murder-her-shoes-were-outside-the-neighbours-door-inside-was-horror-4179926,Pallabi child murder: Her shoes were outside the neighbour’s door; inside was horror,2026-06-12T08:00:00,Narayanganj,Rupganj,23.61352,90.50298,murder,10.0,5,8,4,narayanganj,1,zone_alias
Daily Star,https://www.thedailystar.net/news/crime-justice/news/man-arrested-aug-5-2024-police-station-vandalism-case-dies-ctg-jail-custody-4179826,"Man arrested in Aug 5, 2024 police station vandalism case dies in Ctg jail custody",2026-06-12T08:00:00,Dhaka,Sadarghat,23.7104,90.4074,violence,15.0,5,8,4,sadarghat,2,zone_alias
Daily Star,https://www.thedailystar.net/news/crime-justice/news/man-arrested-aug-5-2024-police-station-vandalism-case-dies-ctg-jail-custody-4179826,"Man arrested in Aug 5, 2024 police station vandalism case dies in Ctg jail custody",2026-06-12T08:00:00,Chattogram,Kotwali,22.3371,91.8376,violence,15.0,5,8,4,kotwali,2,zone_alias
Daily Star,https://www.thedailystar.net/news/crime-justice/news/thai-crew-member-stabbed-death-scrap-ship-chattogram-port-4179811,Thai crew member stabbed to death on scrap ship at Chattogram port,2026-06-12T08:00:00,Chattogram,Patenga,22.2359,91.7918,violence,,5,8,4,patenga,2,zone_alias
Daily Star,https://www.thedailystar.net/news/crime-justice/news/pichchi-raja-arrested-dhaka-airport-police-say-4179706,"‘Pichchi Raja’ arrested at Dhaka airport, police say",2026-06-12T08:00:00,Dhaka,Mohammadpur,23.7657,90.3589,murder,,5,8,4,mohammadpur,2,zone_alias
Daily Star,https://www.thedailystar.net/news/crime-justice/news/al-men-instructed-doctors-kill-injured-protesters-4179921,‘AL men instructed doctors to kill injured protesters’,2026-06-12T08:00:00,Dhaka,Khilgaon,23.7509,90.4253,violence,,5,8,4,khilgaon,2,zone_alias
Daily Star,https://www.thedailystar.net/news/crime-justice/news/al-men-instructed-doctors-kill-injured-protesters-4179921,‘AL men instructed doctors to kill injured protesters’,2026-06-12T08:00:00,Dhaka,Rampura,23.7639,90.4217,violence,,5,8,4,rampura,2,zone_alias
Daily Star,https://www.thedailystar.net/news/crime-justice/news/8-year-old-girl-found-beheaded-4180006,8-year-old girl found beheaded,2026-06-12T08:00:00,Narayanganj,Fatullah,23.63816,90.49097,murder,8.0,5,8,4,fatullah,2,zone_alias
Daily Star,https://www.thedailystar.net/news/crime-justice/news/8-year-old-girl-found-beheaded-4180006,8-year-old girl found beheaded,2026-06-12T08:00:00,Narayanganj,Chashara,23.62502,90.49684,murder,8.0,5,8,4,narayanganj,1,zone_alias
Daily Star,https://www.thedailystar.net/news/crime-justice/news/8-year-old-girl-found-beheaded-4180006,8-year-old girl found beheaded,2026-06-12T08:00:00,Natore,Kanaikhali,24.412191,88.988952,murder,8.0,5,8,4,natore,1,zone_alias
Daily Star,https://www.thedailystar.net/news/crime-justice/news/murders-we-write-4179626,Murders we write,2026-06-12T08:00:00,Dhaka,Mohammadpur,23.7657,90.3589,murder,15.0,5,8,4,mohammadpur,2,zone_alias
Daily Star,https://www.thedailystar.net/news/crime-justice/news/murders-we-write-4179626,Murders we write,2026-06-12T08:00:00,Cumilla,Kandirpar,23.46186,91.18504,murder,15.0,5,8,4,cumilla,1,zone_alias
Daily Star,https://www.thedailystar.net/news/crime-justice/news/murders-we-write-4179626,Murders we write,2026-06-12T08:00:00,Netrokona,Mokterpara,24.871384,90.732886,murder,15.0,5,8,4,netrokona,1,zone_alias
Daily Star,https://www.thedailystar.net/news/crime-justice/news/man-hacked-death-protesting-drug-abuse-narayanganj-4179556,Man hacked to death for protesting drug abuse in Narayanganj,2026-06-12T08:00:00,Narayanganj,Chashara,23.62502,90.49684,violence,,5,8,4,narayanganj,1,zone_alias
Daily Star,https://www.thedailystar.net/news/crime-justice/news/man-hacked-death-protesting-drug-abuse-narayanganj-4179556,Man hacked to death for protesting drug abuse in Narayanganj,2026-06-12T08:00:00,Narayanganj,Fatullah,23.63816,90.49097,violence,,5,8,4,narayanganj,1,zone_alias
Daily Star,https://www.thedailystar.net/news/crime-justice/news/man-hacked-death-protesting-drug-abuse-narayanganj-4179556,Man hacked to death for protesting drug abuse in Narayanganj,2026-06-12T08:00:00,Narayanganj,Rupganj,23.61352,90.50298,violence,,5,8,4,narayanganj,1,zone_alias
Daily Star,https://www.thedailystar.net/news/crime-justice/news/killed-gold-earrings-chapainawabganj-private-tutors-body-found-sack-4179551,'Killed for gold earrings': Chapainawabganj private tutor's body found in sack,2026-06-12T08:00:00,Chapai Nawabganj,Chapai Nawabganj Sadar,24.59895,88.28339,murder,15.0,5,8,4,Chapai Nawabganj,0,district_fallback
Daily Star,https://www.thedailystar.net/news/crime-justice/news/pallabi-child-murder-suspect-arrested-4179546,Pallabi child murder suspect arrested,2026-06-12T08:00:00,Narayanganj,Fatullah,23.63816,90.49097,murder,15.0,5,8,4,fatullah,2,zone_alias
Daily Star,https://www.thedailystar.net/news/crime-justice/news/pallabi-child-murder-suspect-arrested-4179546,Pallabi child murder suspect arrested,2026-06-12T08:00:00,Narayanganj,Chashara,23.62502,90.49684,murder,15.0,5,8,4,narayanganj,1,zone_alias
Daily Star,https://www.thedailystar.net/news/crime-justice/news/pallabi-child-murder-suspect-arrested-4179546,Pallabi child murder suspect arrested,2026-06-12T08:00:00,Narayanganj,Rupganj,23.61352,90.50298,murder,15.0,5,8,4,narayanganj,1,zone_alias
Daily Star,https://www.thedailystar.net/news/crime-justice/news/mahi-murder-prime-accused-arrested-while-allegedly-trying-flee-india-4179456,Mahi murder prime accused arrested while allegedly trying to flee to India,2026-06-12T08:00:00,Cumilla,Cumilla Medical College,23.770271,90.36068,murder,,5,8,4,cumilla medical college,6,zone_alias
Daily Star,https://www.thedailystar.net/news/crime-justice/news/mahi-murder-prime-accused-arrested-while-allegedly-trying-flee-india-4179456,Mahi murder prime accused arrested while allegedly trying to flee to India,2026-06-12T08:00:00,Dhaka,Mohammadpur,23.7657,90.3589,murder,,5,8,4,mohammadpur,2,zone_alias
Daily Star,https://www.thedailystar.net/news/crime-justice/news/mahi-murder-prime-accused-arrested-while-allegedly-trying-flee-india-4179456,Mahi murder prime accused arrested while allegedly trying to flee to India,2026-06-12T08:00:00,Cumilla,Burichang,23.5534,91.12901,murder,,5,8,4,burichang,2,zone_alias
Daily Star,https://www.thedailystar.net/news/crime-justice/news/eight-year-old-girl-beheaded-dhakas-pallabi-neighbour-under-suspicion-4179401,Eight-year-old girl beheaded in Dhaka's Pallabi; neighbour under suspicion,2026-06-12T08:00:00,Dhaka,Sadarghat,23.7104,90.4074,murder,15.0,5,8,4,Dhaka,0,district_fallback
Daily Star,https://www.thedailystar.net/news/crime-justice/news/couple-infant-found-dead-madaripur-4179126,"Couple, infant found dead in Madaripur",2026-06-12T08:00:00,Madaripur,Madaripur Sadar Hospital,23.165413,90.211774,murder,15.0,5,8,4,madaripur sadar hospital,6,zone_alias
Daily Star,https://www.thedailystar.net/news/crime-justice/news/couple-infant-found-dead-madaripur-4179126,"Couple, infant found dead in Madaripur",2026-06-12T08:00:00,Madaripur,Madaripur Sadar,23.17097,90.20935,murder,15.0,5,8,4,madaripur sadar,5,zone_alias
Daily Star,https://www.thedailystar.net/news/crime-justice/news/couple-infant-found-dead-madaripur-4179126,"Couple, infant found dead in Madaripur",2026-06-12T08:00:00,Gopalganj,Muksudpur,23.01018,89.83278,murder,15.0,5,8,4,muksudpur,2,zone_alias
Daily Star,https://www.thedailystar.net/news/crime-justice/news/sundarbans-crab-fisherman-shot-dead-fellows-storm-forest-offices-4179171,"Sundarbans: Crab fisherman shot dead, fellows storm forest offices",2026-06-12T08:00:00,Satkhira,Shyamnagar,22.34083,89.11756,violence,,5,8,4,shyamnagar,2,zone_alias
Daily Star,https://www.thedailystar.net/news/crime-justice/news/sundarbans-crab-fisherman-shot-dead-fellows-storm-forest-offices-4179171,"Sundarbans: Crab fisherman shot dead, fellows storm forest offices",2026-06-12T08:00:00,Khulna,Khalishpur,22.85308,89.54427,violence,,5,8,4,khulna,1,zone_alias
Daily Star,https://www.thedailystar.net/news/crime-justice/news/sundarbans-crab-fisherman-shot-dead-fellows-storm-forest-offices-4179171,"Sundarbans: Crab fisherman shot dead, fellows storm forest offices",2026-06-12T08:00:00,Khulna,Boyra,22.82813,89.543382,violence,,5,8,4,khulna,1,zone_alias
Daily Star,https://www.thedailystar.net/news/crime-justice/news/man-held-over-attempted-rape-after-infant-snatched-mothers-lap-netrokona-4178766,Man held over attempted rape after infant snatched from mother’s lap in Netrokona,2026-06-12T08:00:00,Netrokona,Kendua,24.66209,90.84303,sexual_violence,15.0,5,8,4,kendua,2,zone_alias
Daily Star,https://www.thedailystar.net/news/crime-justice/news/man-held-over-attempted-rape-after-infant-snatched-mothers-lap-netrokona-4178766,Man held over attempted rape after infant snatched from mother’s lap in Netrokona,2026-06-12T08:00:00,Netrokona,Mokterpara,24.871384,90.732886,sexual_violence,15.0,5,8,4,netrokona,1,zone_alias
Daily Star,https://www.thedailystar.net/news/crime-justice/news/man-held-over-attempted-rape-after-infant-snatched-mothers-lap-netrokona-4178766,Man held over attempted rape after infant snatched from mother’s lap in Netrokona,2026-06-12T08:00:00,Netrokona,Kalmakanda,25.00108,90.80773,sexual_violence,15.0,5,8,4,netrokona,1,zone_alias
Daily Star,https://www.thedailystar.net/news/crime-justice/news/human-skull-bone-fragments-recovered-dhakas-mohammadpur-4178671,"Human skull, bone fragments recovered in Dhaka's Mohammadpur",2026-06-12T08:00:00,Dhaka,Mohammadpur,23.7657,90.3589,suspicious_activity,,2,8,4,mohammadpur,2,zone_alias
Daily Star,https://www.thedailystar.net/news/crime-justice/news/saudi-returnee-killed-body-dismembered-dhaka-woman-daughter-arrested-4178601,"Saudi returnee killed, body dismembered in Dhaka: Woman, daughter arrested",2026-06-12T08:00:00,Dhaka,Sadarghat,23.7104,90.4074,murder,13.0,5,8,4,Dhaka,0,district_fallback
Daily Star,https://www.thedailystar.net/news/crime-justice/news/man-killed-wife-injured-assailants-enter-khulna-house-through-tunnel-4178506,"Man killed, wife injured as assailants enter Khulna house through tunnel",2026-06-12T08:00:00,Khulna,Khulna Medical College,22.828592,89.537411,murder,,5,8,4,khulna medical college,6,zone_alias
Daily Star,https://www.thedailystar.net/news/crime-justice/news/man-killed-wife-injured-assailants-enter-khulna-house-through-tunnel-4178506,"Man killed, wife injured as assailants enter Khulna house through tunnel",2026-06-12T08:00:00,Khulna,Khalishpur,22.85308,89.54427,murder,,5,8,4,khulna,1,zone_alias
Daily Star,https://www.thedailystar.net/news/crime-justice/news/man-killed-wife-injured-assailants-enter-khulna-house-through-tunnel-4178506,"Man killed, wife injured as assailants enter Khulna house through tunnel",2026-06-12T08:00:00,Khulna,Boyra,22.82813,89.543382,murder,,5,8,4,khulna,1,zone_alias
Daily Star,https://www.thedailystar.net/news/crime-justice/news/couple-eight-month-old-child-found-dead-madaripur-4178456,"Couple, eight-month-old child found dead in Madaripur",2026-06-12T08:00:00,Madaripur,Madaripur Sadar Hospital,23.165413,90.211774,murder,15.0,5,8,4,madaripur sadar hospital,6,zone_alias
Daily Star,https://www.thedailystar.net/news/crime-justice/news/couple-eight-month-old-child-found-dead-madaripur-4178456,"Couple, eight-month-old child found dead in Madaripur",2026-06-12T08:00:00,Madaripur,Madaripur Sadar,23.17097,90.20935,murder,15.0,5,8,4,madaripur sadar,5,zone_alias
Daily Star,https://www.thedailystar.net/news/crime-justice/news/couple-eight-month-old-child-found-dead-madaripur-4178456,"Couple, eight-month-old child found dead in Madaripur",2026-06-12T08:00:00,Gopalganj,Muksudpur,23.01018,89.83278,murder,15.0,5,8,4,muksudpur,2,zone_alias
Daily Star,https://www.thedailystar.net/news/crime-justice/news/ccc-official-served-show-cause-notice-over-alleged-tk-8cr-deal-dc-post-4178426,CCC official served show-cause notice over alleged Tk 8cr deal for DC post,2026-06-12T08:00:00,Cumilla,Kandirpar,23.46186,91.18504,suspicious_activity,,2,8,4,cumilla,1,zone_alias
Daily Star,https://www.thedailystar.net/news/crime-justice/news/ccc-official-served-show-cause-notice-over-alleged-tk-8cr-deal-dc-post-4178426,CCC official served show-cause notice over alleged Tk 8cr deal for DC post,2026-06-12T08:00:00,Cumilla,Burichang,23.5534,91.12901,suspicious_activity,,2,8,4,cumilla,1,zone_alias
Daily Star,https://www.thedailystar.net/news/crime-justice/news/ccc-official-served-show-cause-notice-over-alleged-tk-8cr-deal-dc-post-4178426,CCC official served show-cause notice over alleged Tk 8cr deal for DC post,2026-06-12T08:00:00,Cumilla,Chandina,23.49067,91.01227,suspicious_activity,,2,8,4,cumilla,1,zone_alias
Daily Star,https://www.thedailystar.net/news/crime-justice/news/tonu-murder-pbi-confirms-fourth-persons-involvement-following-dna-test-4178351,Tonu murder: PBI confirms fourth person's involvement following DNA test,2026-06-12T08:00:00,Cumilla,Cumilla Medical College,23.770271,90.36068,murder,,5,8,4,cumilla medical college,6,zone_alias
Daily Star,https://www.thedailystar.net/news/crime-justice/news/tonu-murder-pbi-confirms-fourth-persons-involvement-following-dna-test-4178351,Tonu murder: PBI confirms fourth person's involvement following DNA test,2026-06-12T08:00:00,Cumilla,Cumilla Cantonment,23.4417,91.00987,murder,,5,8,4,cumilla cantonment,5,zone_alias
Daily Star,https://www.thedailystar.net/news/crime-justice/news/tonu-murder-pbi-confirms-fourth-persons-involvement-following-dna-test-4178351,Tonu murder: PBI confirms fourth person's involvement following DNA test,2026-06-12T08:00:00,Cumilla,Kandirpar,23.46186,91.18504,murder,,5,8,4,cumilla,1,zone_alias
Daily Star,https://www.thedailystar.net/news/crime-justice/news/attack-shrine-3-jamaat-men-placed-remand-4178276,Attack on shrine: 3 Jamaat men placed on remand,2026-06-12T08:00:00,Dhaka,Sadarghat,23.7104,90.4074,violence,,4,8,4,Dhaka,0,district_fallback
Daily Star,https://www.thedailystar.net/news/crime-justice/news/hijra-person-dies-after-being-torched-4178296,Hijra person dies after being torched,2026-06-12T08:00:00,Cumilla,Cumilla Medical College,23.770271,90.36068,murder,,5,8,4,cumilla medical college,6,zone_alias
Daily Star,https://www.thedailystar.net/news/crime-justice/news/hijra-person-dies-after-being-torched-4178296,Hijra person dies after being torched,2026-06-12T08:00:00,Cumilla,Burichang,23.5534,91.12901,murder,,5,8,4,burichang,2,zone_alias
Daily Star,https://www.thedailystar.net/news/crime-justice/news/hijra-person-dies-after-being-torched-4178296,Hijra person dies after being torched,2026-06-12T08:00:00,Cumilla,Kandirpar,23.46186,91.18504,murder,,5,8,4,cumilla,1,zone_alias
Daily Star,https://www.thedailystar.net/news/crime-justice/news/netrokona-labourer-beaten-death-after-son-demands-unpaid-wages-4178216,Netrokona labourer beaten to death after son demands unpaid wages,2026-06-12T08:00:00,Netrokona,Kalmakanda,25.00108,90.80773,violence,62.0,5,8,4,kalmakanda,2,zone_alias
Daily Star,https://www.thedailystar.net/news/crime-justice/news/netrokona-labourer-beaten-death-after-son-demands-unpaid-wages-4178216,Netrokona labourer beaten to death after son demands unpaid wages,2026-06-12T08:00:00,Netrokona,Mokterpara,24.871384,90.732886,violence,62.0,5,8,4,netrokona,1,zone_alias
Daily Star,https://www.thedailystar.net/news/crime-justice/news/netrokona-labourer-beaten-death-after-son-demands-unpaid-wages-4178216,Netrokona labourer beaten to death after son demands unpaid wages,2026-06-12T08:00:00,Netrokona,Kendua,24.66209,90.84303,violence,62.0,5,8,4,netrokona,1,zone_alias
Daily Star,https://www.thedailystar.net/news/crime-justice/news/murder-case-filed-after-hijra-individual-dies-burn-injuries-4177891,Murder case filed after hijra individual dies from burn injuries,2026-06-12T08:00:00,Cumilla,Cumilla Medical College,23.770271,90.36068,murder,,5,8,4,cumilla medical college,6,zone_alias
Daily Star,https://www.thedailystar.net/news/crime-justice/news/murder-case-filed-after-hijra-individual-dies-burn-injuries-4177891,Murder case filed after hijra individual dies from burn injuries,2026-06-12T08:00:00,Cumilla,Burichang,23.5534,91.12901,murder,,5,8,4,burichang,2,zone_alias
Daily Star,https://www.thedailystar.net/news/crime-justice/news/murder-case-filed-after-hijra-individual-dies-burn-injuries-4177891,Murder case filed after hijra individual dies from burn injuries,2026-06-12T08:00:00,Cumilla,Kandirpar,23.46186,91.18504,murder,,5,8,4,cumilla,1,zone_alias
Daily Star,https://www.thedailystar.net/news/crime-justice/news/beheaded-body-found-basement-house-dhakas-mugda-4177866,Beheaded body found in basement of house in Dhaka’s Mugda,2026-06-12T08:00:00,Dhaka,Sadarghat,23.7104,90.4074,murder,,5,8,4,Dhaka,0,district_fallback
Daily Star,https://www.thedailystar.net/news/crime-justice/news/cid-arrests-8-over-online-gambling-laundering-crores-abroad-4177846,"CID arrests 8 over online gambling, laundering crores abroad",2026-06-12T08:00:00,Dhaka,Dhanmondi,23.7461,90.3742,suspicious_activity,,2,8,4,dhanmondi,2,zone_alias
Daily Star,https://www.thedailystar.net/news/crime-justice/news/cid-arrests-8-over-online-gambling-laundering-crores-abroad-4177846,"CID arrests 8 over online gambling, laundering crores abroad",2026-06-12T08:00:00,Dhaka,Malibagh,23.7471,90.4146,suspicious_activity,,2,8,4,malibagh,2,zone_alias
Daily Star,https://www.thedailystar.net/news/crime-justice/news/cid-arrests-8-over-online-gambling-laundering-crores-abroad-4177846,"CID arrests 8 over online gambling, laundering crores abroad",2026-06-12T08:00:00,Dhaka,Paltan,23.7362,90.4142,suspicious_activity,,2,8,4,paltan,2,zone_alias
Daily Star,https://www.thedailystar.net/news/crime-justice/news/no-legal-bar-ivys-release-sc-upholds-hc-bail-orders-4177711,No legal bar to Ivy’s release as SC upholds HC bail orders,2026-06-12T08:00:00,Narayanganj,Siddhirganj,23.61352,90.50298,murder,,5,8,4,siddhirganj,2,zone_alias
Daily Star,https://www.thedailystar.net/news/crime-justice/news/no-legal-bar-ivys-release-sc-upholds-hc-bail-orders-4177711,No legal bar to Ivy’s release as SC upholds HC bail orders,2026-06-12T08:00:00,Narayanganj,Chashara,23.62502,90.49684,murder,,5,8,4,narayanganj,1,zone_alias
Daily Star,https://www.thedailystar.net/news/crime-justice/news/no-legal-bar-ivys-release-sc-upholds-hc-bail-orders-4177711,No legal bar to Ivy’s release as SC upholds HC bail orders,2026-06-12T08:00:00,Narayanganj,Fatullah,23.63816,90.49097,murder,,5,8,4,narayanganj,1,zone_alias
Daily Star,https://www.thedailystar.net/news/crime-justice/news/abu-sayed-killing-convicted-former-brur-vc-sent-jail-4177681,Abu Sayed killing: Convicted former BRUR VC sent to jail,2026-06-12T08:00:00,Rangpur,Paira Chattar,25.98605,88.64031,murder,,5,8,4,Rangpur,0,district_fallback
Daily Star,https://www.thedailystar.net/news/crime-justice/news/five-month-pregnant-woman-killed-allegedly-husband-satkhira-4177631,Five-month pregnant woman killed allegedly by husband in Satkhira,2026-06-12T08:00:00,Satkhira,Satkhira Sadar Hospital,22.73,89.03,murder,13.0,5,8,4,satkhira sadar hospital,6,zone_alias
Daily Star,https://www.thedailystar.net/news/crime-justice/news/five-month-pregnant-woman-killed-allegedly-husband-satkhira-4177631,Five-month pregnant woman killed allegedly by husband in Satkhira,2026-06-12T08:00:00,Satkhira,Satkhira Sadar,22.70817,89.07185,murder,13.0,5,8,4,satkhira sadar,5,zone_alias
Daily Star,https://www.thedailystar.net/news/crime-justice/news/five-month-pregnant-woman-killed-allegedly-husband-satkhira-4177631,Five-month pregnant woman killed allegedly by husband in Satkhira,2026-06-12T08:00:00,Satkhira,Assasuni,22.70817,89.07185,murder,13.0,5,8,4,satkhira,1,zone_alias
Daily Star,https://www.thedailystar.net/news/crime-justice/news/man-held-over-rape-murder-10-year-old-girl-munshiganj-4177416,"Man held over rape, murder of 10-year-old girl in Munshiganj",2026-06-12T08:00:00,Munshiganj,Munshiganj General Hospital,23.001406,91.405329,sexual_violence,10.0,5,8,4,munshiganj general hospital,6,zone_alias
Daily Star,https://www.thedailystar.net/news/crime-justice/news/man-held-over-rape-murder-10-year-old-girl-munshiganj-4177416,"Man held over rape, murder of 10-year-old girl in Munshiganj",2026-06-12T08:00:00,Munshiganj,Sirajdikhan,23.539816,90.337788,sexual_violence,10.0,5,8,4,sirajdikhan,2,zone_alias
Daily Star,https://www.thedailystar.net/news/crime-justice/news/man-held-over-rape-murder-10-year-old-girl-munshiganj-4177416,"Man held over rape, murder of 10-year-old girl in Munshiganj",2026-06-12T08:00:00,Khulna,Khalishpur,22.85308,89.54427,sexual_violence,10.0,5,8,4,khulna,1,zone_alias
Daily Star,https://www.thedailystar.net/news/crime-justice/news/two-held-two-more-sued-over-rape-minors-4-dists-4177446,"Two held, two more sued over rape of minors in 4 dists",2026-06-12T08:00:00,Faridpur,Faridpur Medical College,23.588129,89.835258,sexual_violence,10.0,5,8,4,faridpur medical college,6,zone_alias
Daily Star,https://www.thedailystar.net/news/crime-justice/news/two-held-two-more-sued-over-rape-minors-4-dists-4177446,"Two held, two more sued over rape of minors in 4 dists",2026-06-12T08:00:00,Munshiganj,Munshiganj General Hospital,23.001406,91.405329,sexual_violence,10.0,5,8,4,munshiganj general hospital,6,zone_alias
Daily Star,https://www.thedailystar.net/news/crime-justice/news/two-held-two-more-sued-over-rape-minors-4-dists-4177446,"Two held, two more sued over rape of minors in 4 dists",2026-06-12T08:00:00,Faridpur,Faridpur Sadar,23.60612,89.84064,sexual_violence,10.0,5,8,4,faridpur sadar,5,zone_alias
Daily Star,https://www.thedailystar.net/news/crime-justice/news/abu-sayed-killing-former-vc-begum-rokeya-univ-arrested-4177501,Abu Sayed killing: Former VC of Begum Rokeya univ arrested,2026-06-12T08:00:00,Dhaka,Mohammadpur,23.7657,90.3589,murder,,5,8,4,mohammadpur,2,zone_alias
Daily Star,https://www.thedailystar.net/news/crime-justice/news/elderly-man-arrested-over-rape-mentally-challenged-teen-jashore-4176951,Elderly man arrested over rape of mentally challenged teen in Jashore,2026-06-12T08:00:00,Jashore,Chanchra,23.168306,89.210408,sexual_violence,16.0,5,8,4,jashore,1,zone_alias
Daily Star,https://www.thedailystar.net/news/crime-justice/news/elderly-man-arrested-over-rape-mentally-challenged-teen-jashore-4176951,Elderly man arrested over rape of mentally challenged teen in Jashore,2026-06-12T08:00:00,Khulna,Khalishpur,22.85308,89.54427,sexual_violence,16.0,5,8,4,khulna,1,zone_alias
Daily Star,https://www.thedailystar.net/news/crime-justice/news/elderly-man-arrested-over-rape-mentally-challenged-teen-jashore-4176951,Elderly man arrested over rape of mentally challenged teen in Jashore,2026-06-12T08:00:00,Jashore,Bagharpara,24.045958,90.032723,sexual_violence,16.0,5,8,4,jashore,1,zone_alias
Daily Star,https://www.thedailystar.net/news/crime-justice/news/worker-found-dead-old-dhaka-warehouse-4176656,Worker found dead in Old Dhaka warehouse,2026-06-12T08:00:00,Barishal,Kashipur,22.85057,90.56703,murder,40.0,5,8,4,kashipur,2,zone_alias
Daily Star,https://www.thedailystar.net/news/crime-justice/news/worker-found-dead-old-dhaka-warehouse-4176656,Worker found dead in Old Dhaka warehouse,2026-06-12T08:00:00,Barishal,Chowmatha,22.70497,90.37013,murder,40.0,5,8,4,barishal,1,zone_alias
Daily Star,https://www.thedailystar.net/news/crime-justice/news/worker-found-dead-old-dhaka-warehouse-4176656,Worker found dead in Old Dhaka warehouse,2026-06-12T08:00:00,Barishal,Amanatganj,22.730897,90.377817,murder,40.0,5,8,4,barishal,1,zone_alias
Daily Star,https://www.thedailystar.net/news/crime-justice/news/man-hacked-death-barishal-two-arrested-4176791,"Man hacked to death in Barishal, two arrested",2026-06-12T08:00:00,Barishal,Chowmatha,22.70497,90.37013,violence,,5,8,4,barishal,1,zone_alias
Daily Star,https://www.thedailystar.net/news/crime-justice/news/man-hacked-death-barishal-two-arrested-4176791,"Man hacked to death in Barishal, two arrested",2026-06-12T08:00:00,Barishal,Amanatganj,22.730897,90.377817,violence,,5,8,4,barishal,1,zone_alias
Daily Star,https://www.thedailystar.net/news/crime-justice/news/man-hacked-death-barishal-two-arrested-4176791,"Man hacked to death in Barishal, two arrested",2026-06-12T08:00:00,Barishal,Kashipur,22.85057,90.56703,violence,,5,8,4,barishal,1,zone_alias
Daily Star,https://www.thedailystar.net/news/crime-justice/news/mirpur-shah-alis-shrine-attacked-4176821,Mirpur Shah Ali’s shrine attacked,2026-06-12T08:00:00,Dhaka,Sadarghat,23.7104,90.4074,violence,15.0,5,8,4,Dhaka,0,district_fallback
Daily Star,https://www.thedailystar.net/news/crime-justice/news/man-accused-terrorism-case-held-moulvibazar-4176861,Man accused in terrorism case held in Moulvibazar,2026-06-12T08:00:00,Moulvibazar,Barlekha,24.481265,91.858094,suspicious_activity,,2,8,4,barlekha,2,zone_alias
Daily Star,https://www.thedailystar.net/news/crime-justice/news/man-accused-terrorism-case-held-moulvibazar-4176861,Man accused in terrorism case held in Moulvibazar,2026-06-12T08:00:00,Sylhet,Ambarkhana,24.897194,91.87024,suspicious_activity,,2,8,4,sylhet,1,zone_alias
Daily Star,https://www.thedailystar.net/news/crime-justice/news/man-accused-terrorism-case-held-moulvibazar-4176861,Man accused in terrorism case held in Moulvibazar,2026-06-12T08:00:00,Sylhet,Tilagor,24.896191,91.899531,suspicious_activity,,2,8,4,sylhet,1,zone_alias
Daily Star,https://www.thedailystar.net/news/cross-border/news/indian-couple-held-illegal-entry-through-moulvibazar-border-4176481,Indian couple held for illegal entry through Moulvibazar border,2026-06-12T08:00:00,Moulvibazar,Barlekha,24.481265,91.858094,suspicious_activity,,2,8,4,moulvibazar,1,zone_alias
Daily Star,https://www.thedailystar.net/news/cross-border/news/indian-couple-held-illegal-entry-through-moulvibazar-border-4176481,Indian couple held for illegal entry through Moulvibazar border,2026-06-12T08:00:00,Moulvibazar,Juri,24.531019,92.230029,suspicious_activity,,2,8,4,moulvibazar,1,zone_alias
Daily Star,https://www.thedailystar.net/news/cross-border/news/indian-couple-held-illegal-entry-through-moulvibazar-border-4176481,Indian couple held for illegal entry through Moulvibazar border,2026-06-12T08:00:00,Moulvibazar,Kamalganj,24.481265,91.858094,suspicious_activity,,2,8,4,moulvibazar,1,zone_alias
Daily Star,https://www.thedailystar.net/news/crime-justice/news/terrorism-case-accused-arrested-moulvibazar-4176396,Terrorism case accused arrested in Moulvibazar,2026-06-12T08:00:00,Dhaka,Shahbagh,23.738,90.3958,suspicious_activity,,2,8,4,shahbagh,2,zone_alias
Daily Star,https://www.thedailystar.net/news/crime-justice/news/terrorism-case-accused-arrested-moulvibazar-4176396,Terrorism case accused arrested in Moulvibazar,2026-06-12T08:00:00,Moulvibazar,Barlekha,24.481265,91.858094,suspicious_activity,,2,8,4,barlekha,2,zone_alias
Daily Star,https://www.thedailystar.net/news/crime-justice/news/terrorism-case-accused-arrested-moulvibazar-4176396,Terrorism case accused arrested in Moulvibazar,2026-06-12T08:00:00,Moulvibazar,Juri,24.531019,92.230029,suspicious_activity,,2,8,4,moulvibazar,1,zone_alias
Daily Star,https://www.thedailystar.net/news/crime-justice/news/four-brothers-ctg-found-dead-inside-car-oman-4176211,Four brothers from Ctg found dead inside car in Oman,2026-06-12T08:00:00,Chattogram,GEC Circle,22.3597,91.8215,suspicious_activity,15.0,4,8,4,Chattogram,0,district_fallback
Daily Star,https://www.thedailystar.net/news/crime-justice/news/murder-five-prime-suspect-may-have-jumped-padma-bridge-4176226,Murder of five: Prime suspect may have jumped off Padma Bridge,2026-06-12T08:00:00,Gopalganj,Gopalganj Sadar,23.01018,89.83278,murder,15.0,5,8,4,gopalganj sadar,5,zone_alias
Daily Star,https://www.thedailystar.net/news/crime-justice/news/murder-five-prime-suspect-may-have-jumped-padma-bridge-4176226,Murder of five: Prime suspect may have jumped off Padma Bridge,2026-06-12T08:00:00,Meherpur,Meherpur Sadar,23.77687,88.63033,murder,15.0,5,8,4,meherpur sadar,5,zone_alias
Daily Star,https://www.thedailystar.net/news/crime-justice/news/murder-five-prime-suspect-may-have-jumped-padma-bridge-4176226,Murder of five: Prime suspect may have jumped off Padma Bridge,2026-06-12T08:00:00,Gazipur,Kapasia,24.11404,90.56148,murder,15.0,5,8,4,kapasia,2,zone_alias
Daily Star,https://www.thedailystar.net/news/crime-justice/news/ict-verdict-case-against-inu-expected-any-day-4176231,ICT verdict in case against Inu expected any day,2026-06-12T08:00:00,Kushtia,Bheramara,24.02452,88.99234,suspicious_activity,,2,8,4,kushtia,1,zone_alias
Daily Star,https://www.thedailystar.net/news/crime-justice/news/ict-verdict-case-against-inu-expected-any-day-4176231,ICT verdict in case against Inu expected any day,2026-06-12T08:00:00,Kushtia,Khoksa,23.9028,89.11943,suspicious_activity,,2,8,4,kushtia,1,zone_alias
Daily Star,https://www.thedailystar.net/news/crime-justice/news/ict-verdict-case-against-inu-expected-any-day-4176231,ICT verdict in case against Inu expected any day,2026-06-12T08:00:00,Kushtia,Kumarkhali,23.86132,89.24197,suspicious_activity,,2,8,4,kushtia,1,zone_alias
Daily Star,https://www.thedailystar.net/news/crime-justice/news/11-yr-old-reshmi-dies-week-after-being-caught-revenge-shooting-4176236,11-yr-old Reshmi dies a week after being caught in ‘revenge’ shooting,2026-06-12T08:00:00,Chattogram,Bayezid,22.3905,91.8225,murder,11.0,5,8,4,bayezid bostami,4,zone_alias
Daily Star,https://www.thedailystar.net/news/crime-justice/news/bsf-shoots-bangladeshi-man-dead-4176246,BSF shoots Bangladeshi man dead,2026-06-12T08:00:00,Lalmonirhat,Hatibandha,26.12494,89.14081,murder,,5,8,4,hatibandha,2,zone_alias
Daily Star,https://www.thedailystar.net/news/crime-justice/news/bsf-shoots-bangladeshi-man-dead-4176246,BSF shoots Bangladeshi man dead,2026-06-12T08:00:00,Kurigram,Bhurungamari,26.11982,89.6677,murder,,5,8,4,kurigram,1,zone_alias
Daily Star,https://www.thedailystar.net/news/crime-justice/news/bsf-shoots-bangladeshi-man-dead-4176246,BSF shoots Bangladeshi man dead,2026-06-12T08:00:00,Kurigram,Chilmari,25.55613,89.67097,murder,,5,8,4,kurigram,1,zone_alias
Daily Star,https://www.thedailystar.net/news/crime-justice/news/four-arrested-over-rape-class-9-student-chattogram-4175856,Four arrested over rape of class 9 student in Chattogram,2026-06-12T08:00:00,Chattogram,GEC Circle,22.3597,91.8215,sexual_violence,16.0,5,8,4,Chattogram,0,district_fallback
Daily Star,https://www.thedailystar.net/news/crime-justice/news/decomposed-bodies-woman-child-found-pond-faridpur-4175851,"Decomposed bodies of woman, child found by pond in Faridpur",2026-06-12T08:00:00,Faridpur,Faridpur Medical College,23.588129,89.835258,suspicious_activity,15.0,3,8,4,faridpur medical college,6,zone_alias
Daily Star,https://www.thedailystar.net/news/crime-justice/news/decomposed-bodies-woman-child-found-pond-faridpur-4175851,"Decomposed bodies of woman, child found by pond in Faridpur",2026-06-12T08:00:00,Faridpur,Goalchamot,23.5936,89.8201,suspicious_activity,15.0,3,8,4,faridpur,1,zone_alias
Daily Star,https://www.thedailystar.net/news/crime-justice/news/decomposed-bodies-woman-child-found-pond-faridpur-4175851,"Decomposed bodies of woman, child found by pond in Faridpur",2026-06-12T08:00:00,Faridpur,Bhanga,23.60612,89.84064,suspicious_activity,15.0,3,8,4,faridpur,1,zone_alias
Daily Star,https://www.thedailystar.net/news/crime-justice/news/gazipur-family-murder-suspect-may-have-jumped-padma-bridge-police-4175781,Gazipur family murder suspect may have jumped from Padma Bridge: Police,2026-06-12T08:00:00,Gopalganj,Gopalganj Sadar,23.01018,89.83278,murder,15.0,5,8,4,gopalganj sadar,5,zone_alias
Daily Star,https://www.thedailystar.net/news/crime-justice/news/gazipur-family-murder-suspect-may-have-jumped-padma-bridge-police-4175781,Gazipur family murder suspect may have jumped from Padma Bridge: Police,2026-06-12T08:00:00,Meherpur,Meherpur Sadar,23.77687,88.63033,murder,15.0,5,8,4,meherpur sadar,5,zone_alias
Daily Star,https://www.thedailystar.net/news/crime-justice/news/gazipur-family-murder-suspect-may-have-jumped-padma-bridge-police-4175781,Gazipur family murder suspect may have jumped from Padma Bridge: Police,2026-06-12T08:00:00,Gazipur,Kapasia,24.11404,90.56148,murder,15.0,5,8,4,kapasia,2,zone_alias
Daily Star,https://www.thedailystar.net/news/crime-justice/news/hc-again-defers-verdict-chinmoys-bail-petitions-three-weeks-4175776,HC again defers verdict on Chinmoy’s bail petitions for three weeks,2026-06-12T08:00:00,Chattogram,Kotwali,22.3371,91.8376,murder,,5,8,4,kotwali,2,zone_alias
Daily Star,https://www.thedailystar.net/news/crime-justice/news/journalist-anis-alamgir-secures-permanent-bail-graft-case-4175766,Journalist Anis Alamgir secures permanent bail in graft case,2026-06-12T08:00:00,Dhaka,Dhanmondi,23.7461,90.3742,suspicious_activity,,2,8,4,dhanmondi,2,zone_alias
Daily Star,https://www.thedailystar.net/news/crime-justice/news/bangladeshi-man-killed-bsf-firing-lalmonirhat-border-4175576,Bangladeshi man killed in BSF firing at Lalmonirhat border,2026-06-12T08:00:00,Lalmonirhat,Hatibandha,26.12494,89.14081,murder,,5,8,4,hatibandha,2,zone_alias
Daily Star,https://www.thedailystar.net/news/crime-justice/news/bangladeshi-man-killed-bsf-firing-lalmonirhat-border-4175576,Bangladeshi man killed in BSF firing at Lalmonirhat border,2026-06-12T08:00:00,Lalmonirhat,Aditmari,25.92537,89.35502,murder,,5,8,4,lalmonirhat,1,zone_alias
Daily Star,https://www.thedailystar.net/news/crime-justice/news/bangladeshi-man-killed-bsf-firing-lalmonirhat-border-4175576,Bangladeshi man killed in BSF firing at Lalmonirhat border,2026-06-12T08:00:00,Lalmonirhat,Patgram,26.34876,89.03518,murder,,5,8,4,lalmonirhat,1,zone_alias
Daily Star,https://www.thedailystar.net/news/crime-justice/news/election-results-aslam-and-sarowars-constituencies-not-june-9-lawyer-says-4175526,"Election results for Aslam and Sarowar’s constituencies not before June 9, lawyer says",2026-06-12T08:00:00,Chattogram,GEC Circle,22.3597,91.8215,suspicious_activity,,2,8,4,Chattogram,0,district_fallback
Daily Star,https://www.thedailystar.net/news/crime-justice/news/man-held-raping-impregnating-minor-daughter-4175326,"Man held for raping, impregnating minor daughter",2026-06-12T08:00:00,Netrokona,Purbadhala,24.94077,90.60025,sexual_violence,16.0,5,8,4,purbadhala,2,zone_alias
Daily Star,https://www.thedailystar.net/news/crime-justice/news/man-held-raping-impregnating-minor-daughter-4175326,"Man held for raping, impregnating minor daughter",2026-06-12T08:00:00,Netrokona,Mokterpara,24.871384,90.732886,sexual_violence,16.0,5,8,4,netrokona,1,zone_alias
Daily Star,https://www.thedailystar.net/news/crime-justice/news/man-held-raping-impregnating-minor-daughter-4175326,"Man held for raping, impregnating minor daughter",2026-06-12T08:00:00,Netrokona,Kalmakanda,25.00108,90.80773,sexual_violence,16.0,5,8,4,netrokona,1,zone_alias
Daily Star,https://www.thedailystar.net/news/crime-justice/news/six-rab-men-hurt-drug-peddlers-attack-4175376,Six Rab men hurt as ‘drug peddlers’ attack,2026-06-12T08:00:00,Natore,Lalpur,24.41112,88.98673,violence,,4,8,4,lalpur,2,zone_alias
Daily Star,https://www.thedailystar.net/news/crime-justice/news/six-rab-men-hurt-drug-peddlers-attack-4175376,Six Rab men hurt as ‘drug peddlers’ attack,2026-06-12T08:00:00,Natore,Kanaikhali,24.412191,88.988952,violence,,4,8,4,natore,1,zone_alias
Daily Star,https://www.thedailystar.net/news/crime-justice/news/six-rab-men-hurt-drug-peddlers-attack-4175376,Six Rab men hurt as ‘drug peddlers’ attack,2026-06-12T08:00:00,Natore,Bagatipara,24.41112,88.98673,violence,,4,8,4,natore,1,zone_alias
Daily Star,https://www.thedailystar.net/news/crime-justice/news/wife-detained-over-alleged-knife-attack-sleeping-husband-lalmonirhat-4174786,Wife detained over alleged knife attack on sleeping husband in Lalmonirhat,2026-06-12T08:00:00,Lalmonirhat,Lalmonirhat Sadar Hospital,25.89035,89.47849,violence,,5,8,4,lalmonirhat sadar hospital,6,zone_alias
Daily Star,https://www.thedailystar.net/news/crime-justice/news/wife-detained-over-alleged-knife-attack-sleeping-husband-lalmonirhat-4174786,Wife detained over alleged knife attack on sleeping husband in Lalmonirhat,2026-06-12T08:00:00,Rangpur,Rangpur Medical College,25.766614,89.234041,violence,,5,8,4,rangpur medical college,6,zone_alias
Daily Star,https://www.thedailystar.net/news/crime-justice/news/wife-detained-over-alleged-knife-attack-sleeping-husband-lalmonirhat-4174786,Wife detained over alleged knife attack on sleeping husband in Lalmonirhat,2026-06-12T08:00:00,Lalmonirhat,Lalmonirhat Sadar,25.91719,89.44595,violence,,5,8,4,lalmonirhat sadar,5,zone_alias
Daily Star,https://www.thedailystar.net/news/crime-justice/news/rab-team-attacked-during-operation-natore-one-injured-police-4174766,"Rab team attacked during operation in Natore, one injured: Police",2026-06-12T08:00:00,Natore,Lalpur,24.41112,88.98673,violence,,4,8,4,lalpur,2,zone_alias
Daily Star,https://www.thedailystar.net/news/crime-justice/news/rab-team-attacked-during-operation-natore-one-injured-police-4174766,"Rab team attacked during operation in Natore, one injured: Police",2026-06-12T08:00:00,Natore,Kanaikhali,24.412191,88.988952,violence,,4,8,4,natore,1,zone_alias
Daily Star,https://www.thedailystar.net/news/crime-justice/news/rab-team-attacked-during-operation-natore-one-injured-police-4174766,"Rab team attacked during operation in Natore, one injured: Police",2026-06-12T08:00:00,Natore,Bagatipara,24.41112,88.98673,violence,,4,8,4,natore,1,zone_alias
Daily Star,https://www.thedailystar.net/news/crime-justice/news/shapla-chattar-crackdown-try-those-behind-killings-ensure-justice-victims-4174456,"Shapla Chattar Crackdown: ‘Try those behind killings, ensure justice for victims’",2026-06-12T08:00:00,Dhaka,Motijheel,23.733,90.4172,murder,,5,8,4,motijheel,2,zone_alias
Daily Star,https://www.thedailystar.net/news/crime-justice/news/panic-grips-bangladeshis-lebanon-4174471,Panic grips Bangladeshis in Lebanon,2026-06-12T08:00:00,Faridpur,Goalchamot,23.5936,89.8201,murder,15.0,5,8,4,faridpur,1,zone_alias
Daily Star,https://www.thedailystar.net/news/crime-justice/news/panic-grips-bangladeshis-lebanon-4174471,Panic grips Bangladeshis in Lebanon,2026-06-12T08:00:00,Faridpur,Bhanga,23.60612,89.84064,murder,15.0,5,8,4,faridpur,1,zone_alias
Daily Star,https://www.thedailystar.net/news/crime-justice/news/panic-grips-bangladeshis-lebanon-4174471,Panic grips Bangladeshis in Lebanon,2026-06-12T08:00:00,Faridpur,Boalmari,23.39212,89.68308,murder,15.0,5,8,4,faridpur,1,zone_alias
Daily Star,https://www.thedailystar.net/news/crime-justice/news/man-sent-jail-over-rape-speech-impaired-woman-4174491,Man sent to jail over rape of speech-impaired woman,2026-06-12T08:00:00,Mymensingh,Mymensingh Medical College,24.7437,90.4075,sexual_violence,19.0,5,8,4,mymensingh medical college,6,zone_alias
Daily Star,https://www.thedailystar.net/news/crime-justice/news/suspect-joined-the-search-murdered-child-4174511,Suspect joined the search for murdered child,2026-06-12T08:00:00,Sylhet,Ambarkhana,24.897194,91.87024,sexual_violence,15.0,5,8,4,sylhet,1,zone_alias
Daily Star,https://www.thedailystar.net/news/crime-justice/news/suspect-joined-the-search-murdered-child-4174511,Suspect joined the search for murdered child,2026-06-12T08:00:00,Sylhet,Tilagor,24.896191,91.899531,sexual_violence,15.0,5,8,4,sylhet,1,zone_alias
Daily Star,https://www.thedailystar.net/news/crime-justice/news/suspect-joined-the-search-murdered-child-4174511,Suspect joined the search for murdered child,2026-06-12T08:00:00,Sylhet,Zindabazar,24.89904,91.87198,sexual_violence,15.0,5,8,4,sylhet,1,zone_alias
Daily Star,https://www.thedailystar.net/news/crime-justice/news/ask-visits-11-year-old-rape-victim-netrokona-4174216,ASK visits 11-year-old rape victim in Netrokona,2026-06-12T08:00:00,Netrokona,Mokterpara,24.871384,90.732886,sexual_violence,11.0,5,8,4,netrokona,1,zone_alias
Daily Star,https://www.thedailystar.net/news/crime-justice/news/ask-visits-11-year-old-rape-victim-netrokona-4174216,ASK visits 11-year-old rape victim in Netrokona,2026-06-12T08:00:00,Netrokona,Kalmakanda,25.00108,90.80773,sexual_violence,11.0,5,8,4,netrokona,1,zone_alias
Daily Star,https://www.thedailystar.net/news/crime-justice/news/ask-visits-11-year-old-rape-victim-netrokona-4174216,ASK visits 11-year-old rape victim in Netrokona,2026-06-12T08:00:00,Netrokona,Kendua,24.66209,90.84303,sexual_violence,11.0,5,8,4,netrokona,1,zone_alias
Daily Star,https://www.thedailystar.net/news/crime-justice/news/highway-police-attacked-following-road-accident-ctg-4174131,Highway police attacked following road accident in Ctg,2026-06-12T08:00:00,Chattogram,GEC Circle,22.3597,91.8215,violence,15.0,5,8,4,Chattogram,0,district_fallback
Daily Star,https://www.thedailystar.net/news/crime-justice/news/accused-joined-search-after-killing-4-year-old-sylhet-police-4174126,Accused joined search after killing 4-year-old in Sylhet: Police,2026-06-12T08:00:00,Sylhet,Ambarkhana,24.897194,91.87024,sexual_violence,4.0,5,8,4,sylhet,1,zone_alias
Daily Star,https://www.thedailystar.net/news/crime-justice/news/accused-joined-search-after-killing-4-year-old-sylhet-police-4174126,Accused joined search after killing 4-year-old in Sylhet: Police,2026-06-12T08:00:00,Sylhet,Tilagor,24.896191,91.899531,sexual_violence,4.0,5,8,4,sylhet,1,zone_alias
Daily Star,https://www.thedailystar.net/news/crime-justice/news/accused-joined-search-after-killing-4-year-old-sylhet-police-4174126,Accused joined search after killing 4-year-old in Sylhet: Police,2026-06-12T08:00:00,Sylhet,Zindabazar,24.89904,91.87198,sexual_violence,4.0,5,8,4,sylhet,1,zone_alias
Daily Star,https://www.thedailystar.net/news/crime-justice/news/trader-found-dead-hands-legs-tied-old-dhaka-flat-4174116,"Trader found dead with hands, legs tied in Old Dhaka flat",2026-06-12T08:00:00,Jashore,Chanchra,23.168306,89.210408,suspicious_activity,,3,8,4,jashore,1,zone_alias
Daily Star,https://www.thedailystar.net/news/crime-justice/news/trader-found-dead-hands-legs-tied-old-dhaka-flat-4174116,"Trader found dead with hands, legs tied in Old Dhaka flat",2026-06-12T08:00:00,Jashore,Bagharpara,24.045958,90.032723,suspicious_activity,,3,8,4,jashore,1,zone_alias
Daily Star,https://www.thedailystar.net/news/crime-justice/news/trader-found-dead-hands-legs-tied-old-dhaka-flat-4174116,"Trader found dead with hands, legs tied in Old Dhaka flat",2026-06-12T08:00:00,Jashore,Jhikargacha,23.11134,89.09061,suspicious_activity,,3,8,4,jashore,1,zone_alias
Daily Star,https://www.thedailystar.net/news/crime-justice/news/5-arrested-dhakas-jatrabari-firearms-explosives-police-4174081,"5 arrested in Dhaka's Jatrabari with firearms, explosives: Police",2026-06-12T08:00:00,Dhaka,Wari,23.7115,90.4177,robbery,,3,8,4,wari,2,zone_alias
Daily Star,https://www.thedailystar.net/news/crime-justice/news/5-arrested-dhakas-jatrabari-firearms-explosives-police-4174081,"5 arrested in Dhaka's Jatrabari with firearms, explosives: Police",2026-06-12T08:00:00,Dhaka,Jatrabari,23.7104,90.4349,robbery,,3,8,4,jatrabari,2,zone_alias
Daily Star,https://www.thedailystar.net/news/crime-justice/news/5-arrested-dhakas-jatrabari-firearms-explosives-police-4174081,"5 arrested in Dhaka's Jatrabari with firearms, explosives: Police",2026-06-12T08:00:00,Jashore,Chanchra,23.168306,89.210408,robbery,,3,8,4,jashore,1,zone_alias
Daily Star,https://www.thedailystar.net/news/crime-justice/news/chattogram-shooting-6-arrested-girl-hit-stray-bullet-fights-life-4174066,Chattogram shooting: 6 arrested as girl hit by stray bullet fights for life,2026-06-12T08:00:00,Chattogram,Bayezid,22.3905,91.8225,murder,15.0,5,8,4,bayezid bostami,4,zone_alias
Daily Star,https://www.thedailystar.net/news/crime-justice/news/father-son-murdered-two-other-sons-dinajpur-4173921,"Father, son murdered by two other sons in Dinajpur",2026-06-12T08:00:00,Dinajpur,Dinajpur Medical College,25.609708,88.657449,violence,,5,8,4,dinajpur medical college,6,zone_alias
Daily Star,https://www.thedailystar.net/news/crime-justice/news/father-son-murdered-two-other-sons-dinajpur-4173921,"Father, son murdered by two other sons in Dinajpur",2026-06-12T08:00:00,Dinajpur,Birampur,25.38909,88.99331,violence,,5,8,4,dinajpur,1,zone_alias
Daily Star,https://www.thedailystar.net/news/crime-justice/news/father-son-murdered-two-other-sons-dinajpur-4173921,"Father, son murdered by two other sons in Dinajpur",2026-06-12T08:00:00,Dinajpur,Kaharol,25.62745,88.63779,violence,,5,8,4,dinajpur,1,zone_alias
Daily Star,https://www.thedailystar.net/news/crime-justice/news/three-rab-members-assaulted-held-captive-4-hours-brahmanbaria-4173616,"Three Rab members assaulted, held captive for 4 hours in Brahmanbaria",2026-06-12T08:00:00,Brahmanbaria,Nabinagar,23.88791,90.96792,violence,,5,8,4,nabinagar,2,zone_alias
Daily Star,https://www.thedailystar.net/news/crime-justice/news/three-rab-members-assaulted-held-captive-4-hours-brahmanbaria-4173616,"Three Rab members assaulted, held captive for 4 hours in Brahmanbaria",2026-06-12T08:00:00,Brahmanbaria,Ashuganj,23.944546,91.106189,violence,,5,8,4,brahmanbaria,1,zone_alias
Daily Star,https://www.thedailystar.net/news/crime-justice/news/three-rab-members-assaulted-held-captive-4-hours-brahmanbaria-4173616,"Three Rab members assaulted, held captive for 4 hours in Brahmanbaria",2026-06-12T08:00:00,Brahmanbaria,Kasba,22.989113,90.220702,violence,,5,8,4,brahmanbaria,1,zone_alias
Daily Star,https://www.thedailystar.net/news/crime-justice/news/2-bangladeshis-killed-israeli-drone-strike-lebanon-4173671,2 Bangladeshis killed in Israeli drone strike in Lebanon,2026-06-12T08:00:00,Satkhira,Satkhira Sadar,22.70817,89.07185,murder,,5,8,4,satkhira sadar,5,zone_alias
Daily Star,https://www.thedailystar.net/news/crime-justice/news/2-bangladeshis-killed-israeli-drone-strike-lebanon-4173671,2 Bangladeshis killed in Israeli drone strike in Lebanon,2026-06-12T08:00:00,Chandpur,Faridganj,23.13559,90.7434,murder,,5,8,4,chandpur,1,zone_alias
Daily Star,https://www.thedailystar.net/news/crime-justice/news/2-bangladeshis-killed-israeli-drone-strike-lebanon-4173671,2 Bangladeshis killed in Israeli drone strike in Lebanon,2026-06-12T08:00:00,Chandpur,Hajiganj,23.25191,90.85508,murder,,5,8,4,chandpur,1,zone_alias
Daily Star,https://www.thedailystar.net/news/crime-justice/news/sc-regrets-upholding-azharuls-death-sentence-4173696,SC regrets upholding Azharul’s death sentence,2026-06-12T08:00:00,Rangpur,Paira Chattar,25.98605,88.64031,suspicious_activity,,2,8,4,Rangpur,0,district_fallback
Daily Star,https://www.thedailystar.net/news/crime-justice/news/man-arrested-over-rape-speech-impaired-teenage-girl-mymensingh-4173311,Man arrested over rape of speech-impaired teenage girl in Mymensingh,2026-06-12T08:00:00,Mymensingh,Mymensingh Medical College,24.7437,90.4075,sexual_violence,14.0,5,8,4,mymensingh medical college,6,zone_alias
Daily Star,https://www.thedailystar.net/news/crime-justice/news/cops-attacked-while-chasing-muggers-dhakas-mohammadpur-si-injured-4173296,Cops attacked while chasing muggers in Dhaka’s Mohammadpur; SI injured,2026-06-12T08:00:00,Dhaka,Mohammadpur,23.7657,90.3589,violence,,5,8,4,mohammadpur town hall,5,zone_alias
Daily Star,https://www.thedailystar.net/news/crime-justice/news/cops-attacked-while-chasing-muggers-dhakas-mohammadpur-si-injured-4173296,Cops attacked while chasing muggers in Dhaka’s Mohammadpur; SI injured,2026-06-12T08:00:00,Dhaka,Dhanmondi,23.7461,90.3742,violence,,5,8,4,dhanmondi 27,4,zone_alias
Daily Star,https://www.thedailystar.net/news/crime-justice/news/july-uprising-case-ex-sp-tanvir-salehin-emon-released-bail-4173246,July uprising case: Ex-SP Tanvir Salehin Emon released on bail,2026-06-12T08:00:00,Dhaka,New Market,23.7332,90.3857,murder,,5,8,4,new market,5,zone_alias
Daily Star,https://www.thedailystar.net/news/crime-justice/news/july-uprising-case-ex-sp-tanvir-salehin-emon-released-bail-4173246,July uprising case: Ex-SP Tanvir Salehin Emon released on bail,2026-06-12T08:00:00,Kishoreganj,Karimganj,24.46778,90.87045,murder,,5,8,4,karimganj,2,zone_alias
Daily Star,https://www.thedailystar.net/news/crime-justice/news/july-uprising-case-ex-sp-tanvir-salehin-emon-released-bail-4173246,July uprising case: Ex-SP Tanvir Salehin Emon released on bail,2026-06-12T08:00:00,Kishoreganj,Hossainpur,23.94328,90.7559,murder,,5,8,4,kishoreganj,1,zone_alias
Daily Star,https://www.thedailystar.net/news/crime-justice/news/four-kapasia-murder-victims-had-throats-slit-one-child-strangled-autopsy-4173106,"Four Kapasia murder victims had throats slit, one child strangled: Autopsy",2026-06-12T08:00:00,Gopalganj,Gopalganj Sadar,23.01018,89.83278,murder,15.0,5,8,4,gopalganj sadar,5,zone_alias
Daily Star,https://www.thedailystar.net/news/crime-justice/news/four-kapasia-murder-victims-had-throats-slit-one-child-strangled-autopsy-4173106,"Four Kapasia murder victims had throats slit, one child strangled: Autopsy",2026-06-12T08:00:00,Gazipur,Kapasia,24.11404,90.56148,murder,15.0,5,8,4,kapasia,2,zone_alias
Daily Star,https://www.thedailystar.net/news/crime-justice/news/four-kapasia-murder-victims-had-throats-slit-one-child-strangled-autopsy-4173106,"Four Kapasia murder victims had throats slit, one child strangled: Autopsy",2026-06-12T08:00:00,Gazipur,Konabari,24.126097,90.472114,murder,15.0,5,8,4,gazipur,1,zone_alias
Daily Star,https://www.thedailystar.net/news/crime-justice/news/absconding-rape-case-accused-arrested-rangpur-4173001,Absconding rape case accused arrested in Rangpur,2026-06-12T08:00:00,Rangpur,Rangpur Medical College,25.766614,89.234041,sexual_violence,,5,8,4,rangpur medical college,6,zone_alias
Daily Star,https://www.thedailystar.net/news/crime-justice/news/absconding-rape-case-accused-arrested-rangpur-4173001,Absconding rape case accused arrested in Rangpur,2026-06-12T08:00:00,Lalmonirhat,Hatibandha,26.12494,89.14081,sexual_violence,,5,8,4,hatibandha,2,zone_alias
Daily Star,https://www.thedailystar.net/news/crime-justice/news/absconding-rape-case-accused-arrested-rangpur-4173001,Absconding rape case accused arrested in Rangpur,2026-06-12T08:00:00,Lalmonirhat,Aditmari,25.92537,89.35502,sexual_violence,,5,8,4,lalmonirhat,1,zone_alias
Daily Star,https://www.thedailystar.net/news/crime-justice/news/hc-defers-verdict-chinmoy-krishna-dass-bail-petitions-till-may-14-4172941,HC defers verdict on Chinmoy Krishna Das’s bail petitions till May 14,2026-06-12T08:00:00,Chattogram,Kotwali,22.3371,91.8376,murder,,5,8,4,kotwali,2,zone_alias
Daily Star,https://www.thedailystar.net/news/crime-justice/news/hsc-student-arrested-over-gang-rape-14-year-old-rajbari-4172926,HSC student arrested over gang rape of 14-year-old in Rajbari,2026-06-12T08:00:00,Rajbari,Goalanda Ghat,23.725822,89.763305,sexual_violence,14.0,5,8,4,goalanda ghat,5,zone_alias
Daily Star,https://www.thedailystar.net/news/crime-justice/news/hsc-student-arrested-over-gang-rape-14-year-old-rajbari-4172926,HSC student arrested over gang rape of 14-year-old in Rajbari,2026-06-12T08:00:00,Rajbari,Baliakandi,23.7252,89.72012,sexual_violence,14.0,5,8,4,rajbari,1,zone_alias
Daily Star,https://www.thedailystar.net/news/crime-justice/news/hsc-student-arrested-over-gang-rape-14-year-old-rajbari-4172926,HSC student arrested over gang rape of 14-year-old in Rajbari,2026-06-12T08:00:00,Rajbari,Kalukhali,23.75726,89.64632,sexual_violence,14.0,5,8,4,rajbari,1,zone_alias
Daily Star,https://www.thedailystar.net/news/crime-justice/news/journalists-shakil-ahmed-farzana-rupa-get-hc-bail-multiple-cases-linked-july-uprising-4172896,"Journalists Shakil Ahmed, Farzana Rupa get HC bail in multiple cases linked to July uprising",2026-06-12T08:00:00,Dhaka,Uttara,23.8724,90.3953,murder,,5,8,4,uttara,2,zone_alias
Daily Star,https://www.thedailystar.net/news/crime-justice/news/gazipur-family-murder-five-laid-rest-gopalganj-4172666,Gazipur family murder: Five laid to rest in Gopalganj,2026-06-12T08:00:00,Gopalganj,Gopalganj Sadar,23.01018,89.83278,murder,15.0,5,8,4,gopalganj sadar,5,zone_alias
Daily Star,https://www.thedailystar.net/news/crime-justice/news/gazipur-family-murder-five-laid-rest-gopalganj-4172666,Gazipur family murder: Five laid to rest in Gopalganj,2026-06-12T08:00:00,Gazipur,Kapasia,24.11404,90.56148,murder,15.0,5,8,4,kapasia,2,zone_alias
Daily Star,https://www.thedailystar.net/news/crime-justice/news/gazipur-family-murder-five-laid-rest-gopalganj-4172666,Gazipur family murder: Five laid to rest in Gopalganj,2026-06-12T08:00:00,Gazipur,Konabari,24.126097,90.472114,murder,15.0,5,8,4,gazipur,1,zone_alias
Daily Star,https://www.thedailystar.net/news/crime-justice/news/sc-upholds-ivys-bail-10-cases-4172716,SC upholds Ivy’s bail in 10 cases,2026-06-12T08:00:00,Narayanganj,Siddhirganj,23.61352,90.50298,murder,,5,8,4,siddhirganj,2,zone_alias
Daily Star,https://www.thedailystar.net/news/crime-justice/news/sc-upholds-ivys-bail-10-cases-4172716,SC upholds Ivy’s bail in 10 cases,2026-06-12T08:00:00,Narayanganj,Chashara,23.62502,90.49684,murder,,5,8,4,narayanganj,1,zone_alias
Daily Star,https://www.thedailystar.net/news/crime-justice/news/sc-upholds-ivys-bail-10-cases-4172716,SC upholds Ivy’s bail in 10 cases,2026-06-12T08:00:00,Narayanganj,Fatullah,23.63816,90.49097,murder,,5,8,4,narayanganj,1,zone_alias
Daily Star,https://www.thedailystar.net/news/crime-justice/news/mob-beats-three-dead-kaliakair-4172751,Mob beats three dead in Kaliakair,2026-06-12T08:00:00,Gazipur,Kaliakair,24.126097,90.472114,violence,,5,8,4,kaliakair,2,zone_alias
Daily Star,https://www.thedailystar.net/news/crime-justice/news/mob-beats-three-dead-kaliakair-4172751,Mob beats three dead in Kaliakair,2026-06-12T08:00:00,Gazipur,Sreepur,24.126097,90.472114,violence,,5,8,4,sreepur,2,zone_alias
Daily Star,https://www.thedailystar.net/news/crime-justice/news/mob-beats-three-dead-kaliakair-4172751,Mob beats three dead in Kaliakair,2026-06-12T08:00:00,Gazipur,Konabari,24.126097,90.472114,violence,,5,8,4,gazipur,1,zone_alias
Daily Star,https://www.thedailystar.net/news/crime-justice/news/expat-shot-dead-south-africa-family-4172766,Expat shot dead in South Africa: family,2026-06-12T08:00:00,Tangail,Ghatail,24.46667,89.96667,murder,,5,8,4,tangail,1,zone_alias
Daily Star,https://www.thedailystar.net/news/crime-justice/news/expat-shot-dead-south-africa-family-4172766,Expat shot dead in South Africa: family,2026-06-12T08:00:00,Tangail,Kalihati,24.39246,89.99215,murder,,5,8,4,tangail,1,zone_alias
Daily Star,https://www.thedailystar.net/news/crime-justice/news/expat-shot-dead-south-africa-family-4172766,Expat shot dead in South Africa: family,2026-06-12T08:00:00,Tangail,Madhupur,24.61186,90.03149,murder,,5,8,4,tangail,1,zone_alias
Daily Star,https://www.thedailystar.net/news/crime-justice/news/tiktoker-sent-jail-over-harassment-russian-nationals-natore-4172451,TikToker sent to jail over harassment of Russian nationals in Natore,2026-06-12T08:00:00,Natore,Lalpur,24.41112,88.98673,suspicious_activity,,2,8,4,lalpur,2,zone_alias
Daily Star,https://www.thedailystar.net/news/crime-justice/news/tiktoker-sent-jail-over-harassment-russian-nationals-natore-4172451,TikToker sent to jail over harassment of Russian nationals in Natore,2026-06-12T08:00:00,Natore,Kanaikhali,24.412191,88.988952,suspicious_activity,,2,8,4,natore,1,zone_alias
Daily Star,https://www.thedailystar.net/news/crime-justice/news/tiktoker-sent-jail-over-harassment-russian-nationals-natore-4172451,TikToker sent to jail over harassment of Russian nationals in Natore,2026-06-12T08:00:00,Natore,Bagatipara,24.41112,88.98673,suspicious_activity,,2,8,4,natore,1,zone_alias
Daily Star,https://www.thedailystar.net/news/crime-justice/news/two-men-jailed-posing-journalists-extort-school-4172361,Two men jailed for posing as journalists to extort school,2026-06-12T08:00:00,Brahmanbaria,Ashuganj,23.944546,91.106189,suspicious_activity,,2,8,4,ashuganj,2,zone_alias
Daily Star,https://www.thedailystar.net/news/crime-justice/news/two-men-jailed-posing-journalists-extort-school-4172361,Two men jailed for posing as journalists to extort school,2026-06-12T08:00:00,Brahmanbaria,Kasba,22.989113,90.220702,suspicious_activity,,2,8,4,brahmanbaria,1,zone_alias
Daily Star,https://www.thedailystar.net/news/crime-justice/news/two-men-jailed-posing-journalists-extort-school-4172361,Two men jailed for posing as journalists to extort school,2026-06-12T08:00:00,Brahmanbaria,Nabinagar,23.88791,90.96792,suspicious_activity,,2,8,4,brahmanbaria,1,zone_alias
Daily Star,https://www.thedailystar.net/news/crime-justice/news/court-orders-dna-test-netrokona-child-rape-case-4172296,Court orders DNA test in Netrokona child rape case,2026-06-12T08:00:00,Netrokona,Mokterpara,24.871384,90.732886,sexual_violence,15.0,5,8,4,netrokona,1,zone_alias
Daily Star,https://www.thedailystar.net/news/crime-justice/news/court-orders-dna-test-netrokona-child-rape-case-4172296,Court orders DNA test in Netrokona child rape case,2026-06-12T08:00:00,Netrokona,Kalmakanda,25.00108,90.80773,sexual_violence,15.0,5,8,4,netrokona,1,zone_alias
Daily Star,https://www.thedailystar.net/news/crime-justice/news/court-orders-dna-test-netrokona-child-rape-case-4172296,Court orders DNA test in Netrokona child rape case,2026-06-12T08:00:00,Netrokona,Kendua,24.66209,90.84303,sexual_violence,15.0,5,8,4,netrokona,1,zone_alias
Daily Star,https://www.thedailystar.net/news/crime-justice/news/asaduzzaman-noor-gets-bail-2-cases-cannot-be-released-yet-4172276,"Asaduzzaman Noor gets bail in 2 cases, but cannot be released yet",2026-06-12T08:00:00,Dhaka,Sadarghat,23.7104,90.4074,suspicious_activity,,2,8,4,Dhaka,0,district_fallback
Daily Star,https://www.thedailystar.net/news/crime-justice/news/youth-arrested-rape-10-year-old-gopalganj-4172171,Youth arrested for rape of 10‑year‑old in Gopalganj,2026-06-12T08:00:00,Gopalganj,Gopalganj General Hospital,22.998509,89.819274,sexual_violence,10.0,5,8,4,gopalganj general hospital,6,zone_alias
Daily Star,https://www.thedailystar.net/news/crime-justice/news/youth-arrested-rape-10-year-old-gopalganj-4172171,Youth arrested for rape of 10‑year‑old in Gopalganj,2026-06-12T08:00:00,Gopalganj,Kashiani,23.01018,89.83278,sexual_violence,10.0,5,8,4,kashiani,2,zone_alias
Daily Star,https://www.thedailystar.net/news/crime-justice/news/youth-arrested-rape-10-year-old-gopalganj-4172171,Youth arrested for rape of 10‑year‑old in Gopalganj,2026-06-12T08:00:00,Gopalganj,Bhatiapara,23.01018,89.83278,sexual_violence,10.0,5,8,4,gopalganj,1,zone_alias
Daily Star,https://www.thedailystar.net/news/crime-justice/news/sc-upholds-ivys-bail-10-cases-no-bar-release-4172151,SC upholds Ivy’s bail in 10 cases; no bar on release,2026-06-12T08:00:00,Narayanganj,Siddhirganj,23.61352,90.50298,murder,,5,8,4,siddhirganj,2,zone_alias
Daily Star,https://www.thedailystar.net/news/crime-justice/news/sc-upholds-ivys-bail-10-cases-no-bar-release-4172151,SC upholds Ivy’s bail in 10 cases; no bar on release,2026-06-12T08:00:00,Narayanganj,Chashara,23.62502,90.49684,murder,,5,8,4,narayanganj,1,zone_alias
Daily Star,https://www.thedailystar.net/news/crime-justice/news/sc-upholds-ivys-bail-10-cases-no-bar-release-4172151,SC upholds Ivy’s bail in 10 cases; no bar on release,2026-06-12T08:00:00,Narayanganj,Fatullah,23.63816,90.49097,murder,,5,8,4,narayanganj,1,zone_alias
Daily Star,https://www.thedailystar.net/nrb/away-home/expat-death/news/bangladeshi-expat-shot-dead-south-africa-family-says-4172116,"Bangladeshi expat shot dead in South Africa, family says",2026-06-12T08:00:00,Tangail,Ghatail,24.46667,89.96667,murder,,5,8,4,tangail,1,zone_alias
Daily Star,https://www.thedailystar.net/nrb/away-home/expat-death/news/bangladeshi-expat-shot-dead-south-africa-family-says-4172116,"Bangladeshi expat shot dead in South Africa, family says",2026-06-12T08:00:00,Tangail,Kalihati,24.39246,89.99215,murder,,5,8,4,tangail,1,zone_alias
Daily Star,https://www.thedailystar.net/nrb/away-home/expat-death/news/bangladeshi-expat-shot-dead-south-africa-family-says-4172116,"Bangladeshi expat shot dead in South Africa, family says",2026-06-12T08:00:00,Tangail,Madhupur,24.61186,90.03149,murder,,5,8,4,tangail,1,zone_alias
Daily Star,https://www.thedailystar.net/news/crime-justice/news/missing-31-days-youths-body-found-buried-under-cowshed-floor-jashore-4172041,"Missing for 31 days, youth’s body found buried under cowshed floor in Jashore",2026-06-12T08:00:00,Jashore,Chanchra,23.168306,89.210408,murder,,5,8,4,jashore,1,zone_alias
Daily Star,https://www.thedailystar.net/news/crime-justice/news/missing-31-days-youths-body-found-buried-under-cowshed-floor-jashore-4172041,"Missing for 31 days, youth’s body found buried under cowshed floor in Jashore",2026-06-12T08:00:00,Jashore,Bagharpara,24.045958,90.032723,murder,,5,8,4,jashore,1,zone_alias
Daily Star,https://www.thedailystar.net/news/crime-justice/news/missing-31-days-youths-body-found-buried-under-cowshed-floor-jashore-4172041,"Missing for 31 days, youth’s body found buried under cowshed floor in Jashore",2026-06-12T08:00:00,Jashore,Jhikargacha,23.11134,89.09061,murder,,5,8,4,jashore,1,zone_alias
Daily Star,https://www.thedailystar.net/news/crime-justice/news/mob-beats-3-death-over-cattle-theft-allegation-gazipur-4171991,Mob beats 3 to death over cattle theft allegation in Gazipur,2026-06-12T08:00:00,Gazipur,Kaliakair,24.126097,90.472114,violence,,5,8,4,kaliakair,2,zone_alias
Daily Star,https://www.thedailystar.net/news/crime-justice/news/mob-beats-3-death-over-cattle-theft-allegation-gazipur-4171991,Mob beats 3 to death over cattle theft allegation in Gazipur,2026-06-12T08:00:00,Gazipur,Konabari,24.126097,90.472114,violence,,5,8,4,gazipur,1,zone_alias
Daily Star,https://www.thedailystar.net/news/crime-justice/news/mob-beats-3-death-over-cattle-theft-allegation-gazipur-4171991,Mob beats 3 to death over cattle theft allegation in Gazipur,2026-06-12T08:00:00,Gazipur,Kapasia,24.11404,90.56148,violence,,5,8,4,gazipur,1,zone_alias
Daily Star,https://www.thedailystar.net/news/crime-justice/news/youth-accused-raping-10-yr-old-child-gopalganj-4171741,Youth accused of raping 10-yr-old child in Gopalganj,2026-06-12T08:00:00,Gopalganj,Gopalganj General Hospital,22.998509,89.819274,sexual_violence,10.0,5,8,4,gopalganj general hospital,6,zone_alias
Daily Star,https://www.thedailystar.net/news/crime-justice/news/youth-accused-raping-10-yr-old-child-gopalganj-4171741,Youth accused of raping 10-yr-old child in Gopalganj,2026-06-12T08:00:00,Gopalganj,Kashiani,23.01018,89.83278,sexual_violence,10.0,5,8,4,kashiani,2,zone_alias
Daily Star,https://www.thedailystar.net/news/crime-justice/news/youth-accused-raping-10-yr-old-child-gopalganj-4171741,Youth accused of raping 10-yr-old child in Gopalganj,2026-06-12T08:00:00,Gopalganj,Bhatiapara,23.01018,89.83278,sexual_violence,10.0,5,8,4,gopalganj,1,zone_alias
Daily Star,https://www.thedailystar.net/news/crime-justice/news/2-killed-bsf-firing-along-bbaria-border-4171871,2 killed in BSF firing along B’baria border,2026-06-12T08:00:00,Lalmonirhat,Patgram,26.34876,89.03518,violence,,5,8,4,patgram lalmonirhat,4,zone_alias
Daily Star,https://www.thedailystar.net/news/crime-justice/news/2-killed-bsf-firing-along-bbaria-border-4171871,2 killed in BSF firing along B’baria border,2026-06-12T08:00:00,Brahmanbaria,Kasba,22.989113,90.220702,violence,,5,8,4,kasba,2,zone_alias
Daily Star,https://www.thedailystar.net/news/crime-justice/news/2-killed-bsf-firing-along-bbaria-border-4171871,2 killed in BSF firing along B’baria border,2026-06-12T08:00:00,Brahmanbaria,Ashuganj,23.944546,91.106189,violence,,5,8,4,brahmanbaria,1,zone_alias
Daily Star,https://www.thedailystar.net/news/crime-justice/news/updf-member-shot-dead-4171811,UPDF member shot dead,2026-06-12T08:00:00,Khagrachhari,Khagrachhari Sadar Hospital,23.117154,91.975216,murder,,5,8,4,khagrachhari sadar hospital,6,zone_alias
Daily Star,https://www.thedailystar.net/news/crime-justice/news/updf-member-shot-dead-4171811,UPDF member shot dead,2026-06-12T08:00:00,Khagrachhari,Khagrachhari Sadar,23.10787,91.97007,murder,,5,8,4,khagrachhari sadar,5,zone_alias
Daily Star,https://www.thedailystar.net/news/crime-justice/news/updf-member-shot-dead-4171811,UPDF member shot dead,2026-06-12T08:00:00,Khagrachhari,Dighinala,23.177845,91.962337,murder,,5,8,4,dighinala,2,zone_alias
Daily Star,https://www.thedailystar.net/news/crime-justice/news/one-held-over-torture-and-abetment-teens-suicide-4171816,One held over torture and abetment to teen’s suicide,2026-06-12T08:00:00,Pabna,Chatmohar,24.22962,89.29112,kidnapping,14.0,5,8,4,chatmohar,2,zone_alias
Daily Star,https://www.thedailystar.net/news/crime-justice/news/one-held-over-torture-and-abetment-teens-suicide-4171816,One held over torture and abetment to teen’s suicide,2026-06-12T08:00:00,Pabna,Atgharia,24.48515,89.53493,kidnapping,14.0,5,8,4,pabna,1,zone_alias
Daily Star,https://www.thedailystar.net/news/crime-justice/news/one-held-over-torture-and-abetment-teens-suicide-4171816,One held over torture and abetment to teen’s suicide,2026-06-12T08:00:00,Pabna,Bera,24.07821,89.63262,kidnapping,14.0,5,8,4,pabna,1,zone_alias
Daily Star,https://www.thedailystar.net/news/crime-justice/news/woman-three-daughters-among-five-murdered-4171856,"Woman, three daughters among five murdered",2026-06-12T08:00:00,Gopalganj,Gopalganj Sadar,23.01018,89.83278,murder,15.0,5,8,4,gopalganj sadar,5,zone_alias
Daily Star,https://www.thedailystar.net/news/crime-justice/news/woman-three-daughters-among-five-murdered-4171856,"Woman, three daughters among five murdered",2026-06-12T08:00:00,Gazipur,Kapasia,24.11404,90.56148,murder,15.0,5,8,4,kapasia,2,zone_alias
Daily Star,https://www.thedailystar.net/news/crime-justice/news/woman-three-daughters-among-five-murdered-4171856,"Woman, three daughters among five murdered",2026-06-12T08:00:00,Gazipur,Konabari,24.126097,90.472114,murder,15.0,5,8,4,gazipur,1,zone_alias
Daily Star,https://www.thedailystar.net/news/crime-justice/news/night-guard-held-over-attempted-rape-3-year-old-jamalpur-4171561,Night guard held over attempted rape of 3-year-old in Jamalpur,2026-06-12T08:00:00,Jamalpur,Dewanganj,25.14236,89.76215,sexual_violence,3.0,5,8,4,dewanganj,2,zone_alias
Daily Star,https://www.thedailystar.net/news/crime-justice/news/night-guard-held-over-attempted-rape-3-year-old-jamalpur-4171561,Night guard held over attempted rape of 3-year-old in Jamalpur,2026-06-12T08:00:00,Jamalpur,Madarganj,24.91965,89.94812,sexual_violence,3.0,5,8,4,jamalpur,1,zone_alias
Daily Star,https://www.thedailystar.net/news/crime-justice/news/night-guard-held-over-attempted-rape-3-year-old-jamalpur-4171561,Night guard held over attempted rape of 3-year-old in Jamalpur,2026-06-12T08:00:00,Jamalpur,Melandaha,24.91965,89.94812,sexual_violence,3.0,5,8,4,jamalpur,1,zone_alias
Daily Star,https://www.thedailystar.net/news/crime-justice/news/9-yr-old-murdered-mymensingh-4171556,9-yr-old murdered in Mymensingh,2026-06-12T08:00:00,Mymensingh,Sadar Upazila,24.7539,90.4073,murder,15.0,5,8,4,Mymensingh,0,district_fallback
Daily Star,https://www.thedailystar.net/news/crime-justice/news/case-filed-over-gazipur-family-murder-two-detained-4171551,"Case filed over Gazipur family murder, two detained",2026-06-12T08:00:00,Gopalganj,Gopalganj Sadar,23.01018,89.83278,murder,15.0,5,8,4,gopalganj sadar,5,zone_alias
Daily Star,https://www.thedailystar.net/news/crime-justice/news/case-filed-over-gazipur-family-murder-two-detained-4171551,"Case filed over Gazipur family murder, two detained",2026-06-12T08:00:00,Gazipur,Kapasia,24.11404,90.56148,murder,15.0,5,8,4,kapasia,2,zone_alias
Daily Star,https://www.thedailystar.net/news/crime-justice/news/case-filed-over-gazipur-family-murder-two-detained-4171551,"Case filed over Gazipur family murder, two detained",2026-06-12T08:00:00,Gazipur,Konabari,24.126097,90.472114,murder,15.0,5,8,4,gazipur,1,zone_alias
Daily Star,https://www.thedailystar.net/news/crime-justice/news/updf-member-shot-dead-rangamati-4171301,UPDF member shot dead in Rangamati,2026-06-12T08:00:00,Khagrachhari,Khagrachhari Sadar Hospital,23.117154,91.975216,murder,,5,8,4,khagrachhari sadar hospital,6,zone_alias
Daily Star,https://www.thedailystar.net/news/crime-justice/news/updf-member-shot-dead-rangamati-4171301,UPDF member shot dead in Rangamati,2026-06-12T08:00:00,Khagrachhari,Khagrachhari Sadar,23.10787,91.97007,murder,,5,8,4,khagrachhari sadar,5,zone_alias
Daily Star,https://www.thedailystar.net/news/crime-justice/news/updf-member-shot-dead-rangamati-4171301,UPDF member shot dead in Rangamati,2026-06-12T08:00:00,Khagrachhari,Dighinala,23.177845,91.962337,murder,,5,8,4,dighinala,2,zone_alias
Daily Star,https://www.thedailystar.net/news/crime-justice/news/bsf-pellet-fire-kills-two-alleged-bangladeshi-smugglers-brahmanbaria-bgb-4171231,Two Bangladeshis killed by BSF in Brahmanbaria: BGB,2026-06-12T08:00:00,Brahmanbaria,Kasba,22.989113,90.220702,violence,,5,8,4,kasba,2,zone_alias
Daily Star,https://www.thedailystar.net/news/crime-justice/news/bsf-pellet-fire-kills-two-alleged-bangladeshi-smugglers-brahmanbaria-bgb-4171231,Two Bangladeshis killed by BSF in Brahmanbaria: BGB,2026-06-12T08:00:00,Brahmanbaria,Ashuganj,23.944546,91.106189,violence,,5,8,4,brahmanbaria,1,zone_alias
Daily Star,https://www.thedailystar.net/news/crime-justice/news/bsf-pellet-fire-kills-two-alleged-bangladeshi-smugglers-brahmanbaria-bgb-4171231,Two Bangladeshis killed by BSF in Brahmanbaria: BGB,2026-06-12T08:00:00,Brahmanbaria,Nabinagar,23.88791,90.96792,violence,,5,8,4,brahmanbaria,1,zone_alias
Daily Star,https://www.thedailystar.net/news/crime-justice/news/mother-three-children-among-5-murdered-gazipur-4171196,"Mother, three children among 5 murdered over 'family dispute' in Gazipur",2026-06-12T08:00:00,Gopalganj,Gopalganj Sadar,23.01018,89.83278,murder,15.0,5,8,4,gopalganj sadar,5,zone_alias
Daily Star,https://www.thedailystar.net/news/crime-justice/news/mother-three-children-among-5-murdered-gazipur-4171196,"Mother, three children among 5 murdered over 'family dispute' in Gazipur",2026-06-12T08:00:00,Gazipur,Kapasia,24.11404,90.56148,murder,15.0,5,8,4,kapasia,2,zone_alias
Daily Star,https://www.thedailystar.net/news/crime-justice/news/mother-three-children-among-5-murdered-gazipur-4171196,"Mother, three children among 5 murdered over 'family dispute' in Gazipur",2026-06-12T08:00:00,Gazipur,Konabari,24.126097,90.472114,murder,15.0,5,8,4,gazipur,1,zone_alias
Daily Star,https://www.thedailystar.net/news/crime-justice/news/asi-arrested-over-personal-use-seized-car-gazipur-4170926,ASI arrested over personal use of seized car in Gazipur,2026-06-12T08:00:00,Gazipur,Konabari,24.126097,90.472114,robbery,,3,8,4,gazipur,1,zone_alias
Daily Star,https://www.thedailystar.net/news/crime-justice/news/asi-arrested-over-personal-use-seized-car-gazipur-4170926,ASI arrested over personal use of seized car in Gazipur,2026-06-12T08:00:00,Gazipur,Kaliakair,24.126097,90.472114,robbery,,3,8,4,gazipur,1,zone_alias
Daily Star,https://www.thedailystar.net/news/crime-justice/news/asi-arrested-over-personal-use-seized-car-gazipur-4170926,ASI arrested over personal use of seized car in Gazipur,2026-06-12T08:00:00,Gazipur,Kapasia,24.11404,90.56148,robbery,,3,8,4,gazipur,1,zone_alias
Daily Star,https://www.thedailystar.net/news/crime-justice/news/noor-ali-firm-sued-over-laundering-tk-115cr-4171061,"Noor Ali, firm sued over laundering of Tk 115cr",2026-06-12T08:00:00,Dhaka,Banani,23.7937,90.4043,sexual_violence,,5,8,4,banani,2,zone_alias
Daily Star,https://www.thedailystar.net/news/crime-justice/news/man-beaten-death-theft-suspicion-4171066,Man beaten to death on theft suspicion,2026-06-12T08:00:00,Bogura,Satmatha,25.733988,89.286492,robbery,15.0,5,8,4,bogura,1,zone_alias
Daily Star,https://www.thedailystar.net/news/crime-justice/news/man-beaten-death-theft-suspicion-4171066,Man beaten to death on theft suspicion,2026-06-12T08:00:00,Bogura,Charmatha,24.85098,89.37108,robbery,15.0,5,8,4,bogura,1,zone_alias
Daily Star,https://www.thedailystar.net/news/crime-justice/news/man-beaten-death-theft-suspicion-4171066,Man beaten to death on theft suspicion,2026-06-12T08:00:00,Bogura,Dhunat,24.85098,89.37108,robbery,15.0,5,8,4,bogura,1,zone_alias
Daily Star,https://www.thedailystar.net/news/crime-justice/news/member-missing-over-three-days-4171156,UP member missing for over three days,2026-06-12T08:00:00,Patuakhali,Patuakhali Sadar,22.25914,90.31838,kidnapping,,5,8,4,patuakhali sadar,5,zone_alias
Daily Star,https://www.thedailystar.net/news/crime-justice/news/member-missing-over-three-days-4171156,UP member missing for over three days,2026-06-12T08:00:00,Patuakhali,Bauphal,22.41593,90.55943,kidnapping,,5,8,4,patuakhali,1,zone_alias
Daily Star,https://www.thedailystar.net/news/crime-justice/news/member-missing-over-three-days-4171156,UP member missing for over three days,2026-06-12T08:00:00,Patuakhali,Dumki,22.47022,90.38309,kidnapping,,5,8,4,patuakhali,1,zone_alias
Daily Star,https://www.thedailystar.net/news/crime-justice/news/journo-arrested-5-cases-over-clash-attack-students-4171161,"Journo arrested in 5 cases over clash, attack on students",2026-06-12T08:00:00,Khagrachhari,Khagrachhari Sadar,23.10787,91.97007,violence,,4,8,4,khagrachhari sadar,5,zone_alias
Daily Star,https://www.thedailystar.net/news/crime-justice/news/journo-arrested-5-cases-over-clash-attack-students-4171161,"Journo arrested in 5 cases over clash, attack on students",2026-06-12T08:00:00,Khagrachhari,Dighinala,23.177845,91.962337,violence,,4,8,4,dighinala,2,zone_alias
Daily Star,https://www.thedailystar.net/news/crime-justice/news/journo-arrested-5-cases-over-clash-attack-students-4171161,"Journo arrested in 5 cases over clash, attack on students",2026-06-12T08:00:00,Khagrachhari,Matiranga,23.12194,91.87667,violence,,4,8,4,matiranga,2,zone_alias
Daily Star,https://www.thedailystar.net/news/crime-justice/news/man-beaten-death-mob-after-alleged-burglary-bogura-4170726,Man beaten to death by mob after alleged burglary in Bogura,2026-06-12T08:00:00,Bogura,Satmatha,25.733988,89.286492,robbery,15.0,5,8,4,bogura,1,zone_alias
Daily Star,https://www.thedailystar.net/news/crime-justice/news/man-beaten-death-mob-after-alleged-burglary-bogura-4170726,Man beaten to death by mob after alleged burglary in Bogura,2026-06-12T08:00:00,Bogura,Charmatha,24.85098,89.37108,robbery,15.0,5,8,4,bogura,1,zone_alias
Daily Star,https://www.thedailystar.net/news/crime-justice/news/man-beaten-death-mob-after-alleged-burglary-bogura-4170726,Man beaten to death by mob after alleged burglary in Bogura,2026-06-12T08:00:00,Bogura,Dhunat,24.85098,89.37108,robbery,15.0,5,8,4,bogura,1,zone_alias
Daily Star,https://www.thedailystar.net/news/crime-justice/news/young-man-shot-dead-chattogram-city-11-year-old-girl-injured-4170446,Young man shot dead in Chattogram city; 11-year-old girl injured,2026-06-12T08:00:00,Chattogram,Bayezid,22.3905,91.8225,murder,11.0,5,8,4,bayezid bostami,4,zone_alias
Daily Star,https://www.thedailystar.net/news/crime-justice/news/man-shot-dead-11-year-old-girl-injured-ctg-4170506,"Man shot dead, 11-year-old girl injured in Ctg",2026-06-12T08:00:00,Chattogram,Bayezid,22.3905,91.8225,murder,11.0,5,8,4,bayezid bostami,4,zone_alias
Daily Star,https://www.thedailystar.net/news/crime-justice/news/9-yr-old-boy-dies-after-air-pumped-his-rectum-4170546,9-yr-old boy dies after air pumped into his rectum,2026-06-12T08:00:00,Narsingdi,Palash,23.95,90.625,murder,15.0,5,8,4,palash,2,zone_alias
Daily Star,https://www.thedailystar.net/news/crime-justice/news/9-yr-old-boy-dies-after-air-pumped-his-rectum-4170546,9-yr-old boy dies after air pumped into his rectum,2026-06-12T08:00:00,Narsingdi,Belabo,24.1035,90.84581,murder,15.0,5,8,4,narsingdi,1,zone_alias
Daily Star,https://www.thedailystar.net/news/crime-justice/news/9-yr-old-boy-dies-after-air-pumped-his-rectum-4170546,9-yr-old boy dies after air pumped into his rectum,2026-06-12T08:00:00,Narsingdi,Monohardi,23.92298,90.71768,murder,15.0,5,8,4,narsingdi,1,zone_alias
Daily Star,https://www.thedailystar.net/news/crime-justice/news/madrasa-superintendent-arrested-over-attempted-rape-student-noakhali-4170181,Madrasa superintendent arrested over attempted rape of student in Noakhali,2026-06-12T08:00:00,Noakhali,Subarnachar,22.81764,91.08945,violence,14.0,5,8,4,subarnachar,2,zone_alias
Daily Star,https://www.thedailystar.net/news/crime-justice/news/madrasa-superintendent-arrested-over-attempted-rape-student-noakhali-4170181,Madrasa superintendent arrested over attempted rape of student in Noakhali,2026-06-12T08:00:00,Noakhali,Chowmuhani,22.816467,91.121505,violence,14.0,5,8,4,noakhali,1,zone_alias
Daily Star,https://www.thedailystar.net/news/crime-justice/news/madrasa-superintendent-arrested-over-attempted-rape-student-noakhali-4170181,Madrasa superintendent arrested over attempted rape of student in Noakhali,2026-06-12T08:00:00,Noakhali,Begumganj,23.0225,91.07472,violence,14.0,5,8,4,noakhali,1,zone_alias
Daily Star,https://www.thedailystar.net/news/crime-justice/news/narsingdi-freedom-fighter-murder-accused-extradited-dubai-interpol-4170076,Narsingdi freedom fighter murder: Accused extradited from Dubai via Interpol,2026-06-12T08:00:00,Narsingdi,Shibpur,24.0394,90.73917,murder,,5,8,4,shibpur,2,zone_alias
Daily Star,https://www.thedailystar.net/news/crime-justice/news/narsingdi-freedom-fighter-murder-accused-extradited-dubai-interpol-4170076,Narsingdi freedom fighter murder: Accused extradited from Dubai via Interpol,2026-06-12T08:00:00,Narsingdi,Belabo,24.1035,90.84581,murder,,5,8,4,narsingdi,1,zone_alias
Daily Star,https://www.thedailystar.net/news/crime-justice/news/narsingdi-freedom-fighter-murder-accused-extradited-dubai-interpol-4170076,Narsingdi freedom fighter murder: Accused extradited from Dubai via Interpol,2026-06-12T08:00:00,Narsingdi,Monohardi,23.92298,90.71768,murder,,5,8,4,narsingdi,1,zone_alias
Daily Star,https://www.thedailystar.net/news/crime-justice/news/ex-du-hall-union-vp-emi-released-kashimpur-jail-4170036,Ex-DU hall union VP Emi released from Kashimpur jail,2026-06-12T08:00:00,Dhaka,Shahbagh,23.738,90.3958,suspicious_activity,,2,8,4,shahbagh,2,zone_alias
Daily Star,https://www.thedailystar.net/news/crime-justice/news/ex-du-hall-union-vp-emi-released-kashimpur-jail-4170036,Ex-DU hall union VP Emi released from Kashimpur jail,2026-06-12T08:00:00,Gazipur,Konabari,24.126097,90.472114,suspicious_activity,,2,8,4,gazipur,1,zone_alias
Daily Star,https://www.thedailystar.net/news/crime-justice/news/ex-du-hall-union-vp-emi-released-kashimpur-jail-4170036,Ex-DU hall union VP Emi released from Kashimpur jail,2026-06-12T08:00:00,Gazipur,Kaliakair,24.126097,90.472114,suspicious_activity,,2,8,4,gazipur,1,zone_alias
Daily Star,https://www.thedailystar.net/news/crime-justice/news/my-body-can-no-longer-cope-key-111-figure-masud-uddin-breaks-down-ict-4169981,‘My body can no longer cope’: Key 1/11 figure Masud Uddin breaks down at ICT,2026-06-12T08:00:00,Feni,Chhagalnaiya,23.02475,91.51092,suspicious_activity,72.0,2,8,4,feni,1,zone_alias
Daily Star,https://www.thedailystar.net/news/crime-justice/news/my-body-can-no-longer-cope-key-111-figure-masud-uddin-breaks-down-ict-4169981,‘My body can no longer cope’: Key 1/11 figure Masud Uddin breaks down at ICT,2026-06-12T08:00:00,Feni,Dagonbhuiyan,23.01134,91.4013,suspicious_activity,72.0,2,8,4,feni,1,zone_alias
Daily Star,https://www.thedailystar.net/news/crime-justice/news/my-body-can-no-longer-cope-key-111-figure-masud-uddin-breaks-down-ict-4169981,‘My body can no longer cope’: Key 1/11 figure Masud Uddin breaks down at ICT,2026-06-12T08:00:00,Feni,Parshuram,23.21138,91.46864,suspicious_activity,72.0,2,8,4,feni,1,zone_alias
Daily Star,https://www.thedailystar.net/news/crime-justice/news/netrokona-madrasa-teacher-3-day-remand-over-rape-11-year-old-girl-4169871,Netrokona madrasa teacher on 3-day remand over rape of 11-year-old girl,2026-06-12T08:00:00,Netrokona,Mokterpara,24.871384,90.732886,sexual_violence,11.0,5,8,4,netrokona,1,zone_alias
Daily Star,https://www.thedailystar.net/news/crime-justice/news/netrokona-madrasa-teacher-3-day-remand-over-rape-11-year-old-girl-4169871,Netrokona madrasa teacher on 3-day remand over rape of 11-year-old girl,2026-06-12T08:00:00,Netrokona,Kalmakanda,25.00108,90.80773,sexual_violence,11.0,5,8,4,netrokona,1,zone_alias
Daily Star,https://www.thedailystar.net/news/crime-justice/news/netrokona-madrasa-teacher-3-day-remand-over-rape-11-year-old-girl-4169871,Netrokona madrasa teacher on 3-day remand over rape of 11-year-old girl,2026-06-12T08:00:00,Netrokona,Kendua,24.66209,90.84303,sexual_violence,11.0,5,8,4,netrokona,1,zone_alias
Daily Star,https://www.thedailystar.net/news/crime-justice/news/human-trafficking-russia-uk-slaps-sanctions-bangladeshi-travel-agency-4169846,‘Human trafficking’ to Russia: UK slaps sanctions on Bangladeshi travel agency,2026-06-12T08:00:00,Dhaka,Sadarghat,23.7104,90.4074,violence,,5,8,4,Dhaka,0,district_fallback
Daily Star,https://www.thedailystar.net/news/crime-justice/news/fertiliser-trader-murdered-over-house-rent-dispute-jashore-4169816,Fertiliser trader murdered over house rent dispute in Jashore,2026-06-12T08:00:00,Jashore,Chanchra,23.168306,89.210408,violence,62.0,5,8,4,jashore,1,zone_alias
Daily Star,https://www.thedailystar.net/news/crime-justice/news/fertiliser-trader-murdered-over-house-rent-dispute-jashore-4169816,Fertiliser trader murdered over house rent dispute in Jashore,2026-06-12T08:00:00,Khulna,Khalishpur,22.85308,89.54427,violence,62.0,5,8,4,khulna,1,zone_alias
Daily Star,https://www.thedailystar.net/news/crime-justice/news/fertiliser-trader-murdered-over-house-rent-dispute-jashore-4169816,Fertiliser trader murdered over house rent dispute in Jashore,2026-06-12T08:00:00,Jashore,Bagharpara,24.045958,90.032723,violence,62.0,5,8,4,jashore,1,zone_alias
Daily Star,https://www.thedailystar.net/news/crime-justice/news/nine-year-old-boy-dies-after-air-pumped-through-rectum-narsingdi-4169801,Nine-year-old boy dies after air pumped through rectum in Narsingdi,2026-06-12T08:00:00,Narsingdi,Palash,23.95,90.625,murder,15.0,5,8,4,palash,2,zone_alias
Daily Star,https://www.thedailystar.net/news/crime-justice/news/nine-year-old-boy-dies-after-air-pumped-through-rectum-narsingdi-4169801,Nine-year-old boy dies after air pumped through rectum in Narsingdi,2026-06-12T08:00:00,Narsingdi,Belabo,24.1035,90.84581,murder,15.0,5,8,4,narsingdi,1,zone_alias
Daily Star,https://www.thedailystar.net/news/crime-justice/news/nine-year-old-boy-dies-after-air-pumped-through-rectum-narsingdi-4169801,Nine-year-old boy dies after air pumped through rectum in Narsingdi,2026-06-12T08:00:00,Narsingdi,Monohardi,23.92298,90.71768,murder,15.0,5,8,4,narsingdi,1,zone_alias
Daily Star,https://www.thedailystar.net/news/crime-justice/news/teacher-accused-child-rape-sent-jail-4169651,Teacher accused of child rape sent to jail,2026-06-12T08:00:00,Netrokona,Mokterpara,24.871384,90.732886,sexual_violence,11.0,5,8,4,netrokona,1,zone_alias
Daily Star,https://www.thedailystar.net/news/crime-justice/news/teacher-accused-child-rape-sent-jail-4169651,Teacher accused of child rape sent to jail,2026-06-12T08:00:00,Netrokona,Kalmakanda,25.00108,90.80773,sexual_violence,11.0,5,8,4,netrokona,1,zone_alias
Daily Star,https://www.thedailystar.net/news/crime-justice/news/teacher-accused-child-rape-sent-jail-4169651,Teacher accused of child rape sent to jail,2026-06-12T08:00:00,Netrokona,Kendua,24.66209,90.84303,sexual_violence,11.0,5,8,4,netrokona,1,zone_alias
Daily Star,https://www.thedailystar.net/news/crime-justice/news/rape-11-year-old-netrokona-accused-madrasa-teacher-sent-jail-4169211,Rape of 11-year-old in Netrokona: Accused madrasa teacher sent to jail,2026-06-12T08:00:00,Netrokona,Mokterpara,24.871384,90.732886,sexual_violence,11.0,5,8,4,netrokona,1,zone_alias
Daily Star,https://www.thedailystar.net/news/crime-justice/news/rape-11-year-old-netrokona-accused-madrasa-teacher-sent-jail-4169211,Rape of 11-year-old in Netrokona: Accused madrasa teacher sent to jail,2026-06-12T08:00:00,Netrokona,Kalmakanda,25.00108,90.80773,sexual_violence,11.0,5,8,4,netrokona,1,zone_alias
Daily Star,https://www.thedailystar.net/news/crime-justice/news/rape-11-year-old-netrokona-accused-madrasa-teacher-sent-jail-4169211,Rape of 11-year-old in Netrokona: Accused madrasa teacher sent to jail,2026-06-12T08:00:00,Netrokona,Kendua,24.66209,90.84303,sexual_violence,11.0,5,8,4,netrokona,1,zone_alias
Daily Star,https://www.thedailystar.net/news/crime-justice/news/looting-suspects-snatched-away-police-custody-narayanganj-4169186,Looting suspects snatched away from police custody in Narayanganj,2026-06-12T08:00:00,Narayanganj,Fatullah,23.63816,90.49097,violence,,4,8,4,fatullah,2,zone_alias
Daily Star,https://www.thedailystar.net/news/crime-justice/news/looting-suspects-snatched-away-police-custody-narayanganj-4169186,Looting suspects snatched away from police custody in Narayanganj,2026-06-12T08:00:00,Narayanganj,Chashara,23.62502,90.49684,violence,,4,8,4,narayanganj,1,zone_alias
Daily Star,https://www.thedailystar.net/news/crime-justice/news/looting-suspects-snatched-away-police-custody-narayanganj-4169186,Looting suspects snatched away from police custody in Narayanganj,2026-06-12T08:00:00,Narayanganj,Rupganj,23.61352,90.50298,violence,,4,8,4,narayanganj,1,zone_alias
Daily Star,https://www.thedailystar.net/news/crime-justice/news/woman-arrested-over-attempted-abduction-class-4-student-netrokona-4169176,Woman arrested over attempted abduction of class 4 student in Netrokona,2026-06-12T08:00:00,Netrokona,Mohanganj,24.87564,90.97773,kidnapping,15.0,5,8,4,mohanganj,2,zone_alias
Daily Star,https://www.thedailystar.net/news/crime-justice/news/woman-arrested-over-attempted-abduction-class-4-student-netrokona-4169176,Woman arrested over attempted abduction of class 4 student in Netrokona,2026-06-12T08:00:00,Netrokona,Mokterpara,24.871384,90.732886,kidnapping,15.0,5,8,4,netrokona,1,zone_alias
Daily Star,https://www.thedailystar.net/news/crime-justice/news/woman-arrested-over-attempted-abduction-class-4-student-netrokona-4169176,Woman arrested over attempted abduction of class 4 student in Netrokona,2026-06-12T08:00:00,Netrokona,Kalmakanda,25.00108,90.80773,kidnapping,15.0,5,8,4,netrokona,1,zone_alias
Daily Star,https://www.thedailystar.net/news/crime-justice/news/missing-6-yr-olds-body-recovered-netrokona-paddy-field-4168991,Missing 6-yr-old’s body recovered from Netrokona paddy field,2026-06-12T08:00:00,Netrokona,Kalmakanda,25.00108,90.80773,murder,6.0,5,8,4,kalmakanda,2,zone_alias
Daily Star,https://www.thedailystar.net/news/crime-justice/news/missing-6-yr-olds-body-recovered-netrokona-paddy-field-4168991,Missing 6-yr-old’s body recovered from Netrokona paddy field,2026-06-12T08:00:00,Netrokona,Mokterpara,24.871384,90.732886,murder,6.0,5,8,4,netrokona,1,zone_alias
Daily Star,https://www.thedailystar.net/news/crime-justice/news/missing-6-yr-olds-body-recovered-netrokona-paddy-field-4168991,Missing 6-yr-old’s body recovered from Netrokona paddy field,2026-06-12T08:00:00,Netrokona,Kendua,24.66209,90.84303,murder,6.0,5,8,4,netrokona,1,zone_alias
Daily Star,https://www.thedailystar.net/news/crime-justice/news/man-hacks-wife-death-narail-4168956,Man hacks wife to death in Narail,2026-06-12T08:00:00,Narail,Narail Sadar,23.15509,89.49515,murder,25.0,5,8,4,narail sadar,5,zone_alias
Daily Star,https://www.thedailystar.net/news/crime-justice/news/man-hacks-wife-death-narail-4168956,Man hacks wife to death in Narail,2026-06-12T08:00:00,Narail,Lakshmipasha,23.15509,89.49515,murder,25.0,5,8,4,narail,1,zone_alias
Daily Star,https://www.thedailystar.net/news/crime-justice/news/man-hacks-wife-death-narail-4168956,Man hacks wife to death in Narail,2026-06-12T08:00:00,Khulna,Khalishpur,22.85308,89.54427,murder,25.0,5,8,4,khulna,1,zone_alias
Daily Star,https://www.thedailystar.net/news/crime-justice/news/madrasa-teacher-accused-rape-11-year-old-held-4168876,Madrasa teacher accused in rape of 11‑year‑old held,2026-06-12T08:00:00,Netrokona,Mokterpara,24.871384,90.732886,sexual_violence,11.0,5,8,4,netrokona,1,zone_alias
Daily Star,https://www.thedailystar.net/news/crime-justice/news/madrasa-teacher-accused-rape-11-year-old-held-4168876,Madrasa teacher accused in rape of 11‑year‑old held,2026-06-12T08:00:00,Netrokona,Kalmakanda,25.00108,90.80773,sexual_violence,11.0,5,8,4,netrokona,1,zone_alias
Daily Star,https://www.thedailystar.net/news/crime-justice/news/madrasa-teacher-accused-rape-11-year-old-held-4168876,Madrasa teacher accused in rape of 11‑year‑old held,2026-06-12T08:00:00,Netrokona,Kendua,24.66209,90.84303,sexual_violence,11.0,5,8,4,netrokona,1,zone_alias
Daily Star,https://www.thedailystar.net/news/crime-justice/news/ambulance-carrying-injured-man-fired-upon-khulna-4168691,Ambulance carrying injured man fired upon in Khulna,2026-06-12T08:00:00,Khulna,Khulna Medical College,22.828592,89.537411,violence,,5,8,4,khulna medical college,6,zone_alias
Daily Star,https://www.thedailystar.net/news/crime-justice/news/ambulance-carrying-injured-man-fired-upon-khulna-4168691,Ambulance carrying injured man fired upon in Khulna,2026-06-12T08:00:00,Khulna,Rupsha,22.801856,89.579403,violence,,5,8,4,rupsha,2,zone_alias
Daily Star,https://www.thedailystar.net/news/crime-justice/news/ambulance-carrying-injured-man-fired-upon-khulna-4168691,Ambulance carrying injured man fired upon in Khulna,2026-06-12T08:00:00,Khulna,Khalishpur,22.85308,89.54427,violence,,5,8,4,khulna,1,zone_alias
Daily Star,https://www.thedailystar.net/news/crime-justice/news/sujan-noor-get-bail-hc-multiple-cases-4168696,"Sujan, Noor get bail from HC in multiple cases",2026-06-12T08:00:00,Dhaka,Banani,23.7937,90.4043,murder,,5,8,4,banani,2,zone_alias
Daily Star,https://www.thedailystar.net/news/crime-justice/news/sujan-noor-get-bail-hc-multiple-cases-4168696,"Sujan, Noor get bail from HC in multiple cases",2026-06-12T08:00:00,Dhaka,Jatrabari,23.7104,90.4349,murder,,5,8,4,jatrabari,2,zone_alias
Daily Star,https://www.thedailystar.net/news/crime-justice/news/sujan-noor-get-bail-hc-multiple-cases-4168696,"Sujan, Noor get bail from HC in multiple cases",2026-06-12T08:00:00,Panchagarh,Atwari,26.30832,88.39939,murder,,5,8,4,panchagarh,1,zone_alias
Daily Star,https://www.thedailystar.net/news/crime-justice/news/drug-dealers-hack-rab-men-narayanganj-4168746,‘Drug dealers’ hack Rab men in Narayanganj,2026-06-12T08:00:00,Narayanganj,Rupganj,23.61352,90.50298,violence,,5,8,4,rupganj,2,zone_alias
Daily Star,https://www.thedailystar.net/news/crime-justice/news/drug-dealers-hack-rab-men-narayanganj-4168746,‘Drug dealers’ hack Rab men in Narayanganj,2026-06-12T08:00:00,Narayanganj,Chashara,23.62502,90.49684,violence,,5,8,4,narayanganj,1,zone_alias
Daily Star,https://www.thedailystar.net/news/crime-justice/news/drug-dealers-hack-rab-men-narayanganj-4168746,‘Drug dealers’ hack Rab men in Narayanganj,2026-06-12T08:00:00,Gaibandha,Fulchhari,25.3293,89.5438,violence,,5,8,4,gaibandha,1,zone_alias
Daily Star,https://www.thedailystar.net/news/crime-justice/news/58-killings-tied-shapla-chattar-crackdown-4168751,58 killings tied to Shapla Chattar crackdown,2026-06-12T08:00:00,Dhaka,Mohammadpur,23.7657,90.3589,violence,,4,8,4,mohammadpur,2,zone_alias
Daily Star,https://www.thedailystar.net/news/crime-justice/news/58-killings-tied-shapla-chattar-crackdown-4168751,58 killings tied to Shapla Chattar crackdown,2026-06-12T08:00:00,Cumilla,Kandirpar,23.46186,91.18504,violence,,4,8,4,cumilla,1,zone_alias
Daily Star,https://www.thedailystar.net/news/crime-justice/news/58-killings-tied-shapla-chattar-crackdown-4168751,58 killings tied to Shapla Chattar crackdown,2026-06-12T08:00:00,Narayanganj,Chashara,23.62502,90.49684,violence,,4,8,4,narayanganj,1,zone_alias
Daily Star,https://www.thedailystar.net/news/crime-justice/news/rape-11-yr-old-2-weeks-accused-still-large-goes-live-fb-4168761,"Rape of 11-yr-old: 2 weeks on, accused still at large, goes live on FB",2026-06-12T08:00:00,Netrokona,Mokterpara,24.871384,90.732886,sexual_violence,11.0,5,8,4,netrokona,1,zone_alias
Daily Star,https://www.thedailystar.net/news/crime-justice/news/rape-11-yr-old-2-weeks-accused-still-large-goes-live-fb-4168761,"Rape of 11-yr-old: 2 weeks on, accused still at large, goes live on FB",2026-06-12T08:00:00,Netrokona,Kalmakanda,25.00108,90.80773,sexual_violence,11.0,5,8,4,netrokona,1,zone_alias
Daily Star,https://www.thedailystar.net/news/crime-justice/news/rape-11-yr-old-2-weeks-accused-still-large-goes-live-fb-4168761,"Rape of 11-yr-old: 2 weeks on, accused still at large, goes live on FB",2026-06-12T08:00:00,Netrokona,Kendua,24.66209,90.84303,sexual_violence,11.0,5,8,4,netrokona,1,zone_alias
Daily Star,https://www.thedailystar.net/news/crime-justice/news/man-arrested-over-rape-teenager-4168626,Man arrested over rape of teenager,2026-06-12T08:00:00,Jhenaidah,Kotchandpur,23.502088,89.122619,sexual_violence,17.0,5,8,4,kotchandpur,2,zone_alias
Daily Star,https://www.thedailystar.net/news/crime-justice/news/man-arrested-over-rape-teenager-4168626,Man arrested over rape of teenager,2026-06-12T08:00:00,Jhenaidah,Maheshpur,23.35291,88.91222,sexual_violence,17.0,5,8,4,jhenaidah,1,zone_alias
Daily Star,https://www.thedailystar.net/news/crime-justice/news/man-arrested-over-rape-teenager-4168626,Man arrested over rape of teenager,2026-06-12T08:00:00,Jhenaidah,Shailkupa,23.68395,89.2422,sexual_violence,17.0,5,8,4,jhenaidah,1,zone_alias
Daily Star,https://www.thedailystar.net/news/crime-justice/news/rohingya-youth-arrested-over-alleged-tehrik-i-taliban-pakistan-links-4168251,Rohingya youth arrested over alleged Tehrik-i-Taliban Pakistan links,2026-06-12T08:00:00,Cox's Bazar,Kolatoli,21.420776,91.983256,suspicious_activity,19.0,2,8,4,cox's bazar,4,zone_alias
Daily Star,https://www.thedailystar.net/news/crime-justice/news/rohingya-youth-arrested-over-alleged-tehrik-i-taliban-pakistan-links-4168251,Rohingya youth arrested over alleged Tehrik-i-Taliban Pakistan links,2026-06-12T08:00:00,Cox's Bazar,Chakaria,21.76459,92.07612,suspicious_activity,19.0,2,8,4,cox's bazar,4,zone_alias
Daily Star,https://www.thedailystar.net/news/crime-justice/news/rohingya-youth-arrested-over-alleged-tehrik-i-taliban-pakistan-links-4168251,Rohingya youth arrested over alleged Tehrik-i-Taliban Pakistan links,2026-06-12T08:00:00,Cox's Bazar,Maheshkhali,21.55411,91.97067,suspicious_activity,19.0,2,8,4,cox's bazar,4,zone_alias
Daily Star,https://www.thedailystar.net/news/crime-justice/news/rab-men-hacked-police-attacked-separate-narayanganj-incidents-4168201,"Rab men hacked, police attacked in separate Narayanganj incidents",2026-06-12T08:00:00,Narayanganj,Rupganj,23.61352,90.50298,violence,,5,8,4,rupganj,2,zone_alias
Daily Star,https://www.thedailystar.net/news/crime-justice/news/rab-men-hacked-police-attacked-separate-narayanganj-incidents-4168201,"Rab men hacked, police attacked in separate Narayanganj incidents",2026-06-12T08:00:00,Narayanganj,Chashara,23.62502,90.49684,violence,,5,8,4,narayanganj,1,zone_alias
Daily Star,https://www.thedailystar.net/news/crime-justice/news/rab-men-hacked-police-attacked-separate-narayanganj-incidents-4168201,"Rab men hacked, police attacked in separate Narayanganj incidents",2026-06-12T08:00:00,Gaibandha,Fulchhari,25.3293,89.5438,violence,,5,8,4,gaibandha,1,zone_alias
Daily Star,https://www.thedailystar.net/news/crime-justice/news/woman-abducted-raped-4167896,"Woman abducted, raped",2026-06-12T08:00:00,Cumilla,Chandina,23.49067,91.01227,sexual_violence,27.0,5,8,4,chandina,2,zone_alias
Daily Star,https://www.thedailystar.net/news/crime-justice/news/woman-abducted-raped-4167896,"Woman abducted, raped",2026-06-12T08:00:00,Cumilla,Kandirpar,23.46186,91.18504,sexual_violence,27.0,5,8,4,cumilla,1,zone_alias
Daily Star,https://www.thedailystar.net/news/crime-justice/news/woman-abducted-raped-4167896,"Woman abducted, raped",2026-06-12T08:00:00,Cumilla,Burichang,23.5534,91.12901,sexual_violence,27.0,5,8,4,cumilla,1,zone_alias
Daily Star,https://www.thedailystar.net/news/crime-justice/news/madrasa-teacher-arrested-over-attempted-rape-8-year-old-jamalpur-4167471,Madrasa teacher arrested over attempted rape of 8-year-old in Jamalpur,2026-06-12T08:00:00,Jamalpur,Dewanganj,25.14236,89.76215,sexual_violence,8.0,5,8,4,dewanganj,2,zone_alias
Daily Star,https://www.thedailystar.net/news/crime-justice/news/madrasa-teacher-arrested-over-attempted-rape-8-year-old-jamalpur-4167471,Madrasa teacher arrested over attempted rape of 8-year-old in Jamalpur,2026-06-12T08:00:00,Jamalpur,Madarganj,24.91965,89.94812,sexual_violence,8.0,5,8,4,jamalpur,1,zone_alias
Daily Star,https://www.thedailystar.net/news/crime-justice/news/madrasa-teacher-arrested-over-attempted-rape-8-year-old-jamalpur-4167471,Madrasa teacher arrested over attempted rape of 8-year-old in Jamalpur,2026-06-12T08:00:00,Jamalpur,Melandaha,24.91965,89.94812,sexual_violence,8.0,5,8,4,jamalpur,1,zone_alias
Daily Star,https://www.thedailystar.net/news/crime-justice/news/hc-bench-officer-suspended-over-bail-order-forgery-knf-uniforms-case-4167466,HC bench officer suspended over bail order forgery in KNF uniforms case,2026-06-12T08:00:00,Chattogram,Bayezid,22.3905,91.8225,suspicious_activity,,2,8,4,bayezid bostami,4,zone_alias
Daily Star,https://www.thedailystar.net/news/crime-justice/news/cumilla-bnp-leader-rezaul-kaiyum-released-after-12-hr-police-detention-4167231,Cumilla BNP leader Rezaul Kaiyum released after 12-hr police detention,2026-06-12T08:00:00,Cumilla,Kandirpar,23.46186,91.18504,suspicious_activity,,2,8,4,cumilla,1,zone_alias
Daily Star,https://www.thedailystar.net/news/crime-justice/news/cumilla-bnp-leader-rezaul-kaiyum-released-after-12-hr-police-detention-4167231,Cumilla BNP leader Rezaul Kaiyum released after 12-hr police detention,2026-06-12T08:00:00,Cumilla,Burichang,23.5534,91.12901,suspicious_activity,,2,8,4,cumilla,1,zone_alias
Daily Star,https://www.thedailystar.net/news/crime-justice/news/cumilla-bnp-leader-rezaul-kaiyum-released-after-12-hr-police-detention-4167231,Cumilla BNP leader Rezaul Kaiyum released after 12-hr police detention,2026-06-12T08:00:00,Cumilla,Chandina,23.49067,91.01227,suspicious_activity,,2,8,4,cumilla,1,zone_alias
Daily Star,https://www.thedailystar.net/news/crime-justice/news/8-labourers-killed-truck-rear-ends-pickup-4167071,8 labourers killed as truck rear-ends pickup,2026-06-12T08:00:00,Sylhet,Sylhet MAG Osmani Medical College,24.900577,91.853376,murder,15.0,5,8,4,sylhet mag osmani medical college,8,zone_alias
Daily Star,https://www.thedailystar.net/news/crime-justice/news/8-labourers-killed-truck-rear-ends-pickup-4167071,8 labourers killed as truck rear-ends pickup,2026-06-12T08:00:00,Sunamganj,Dharampasha,24.98,91.0,murder,15.0,5,8,4,dharampasha,2,zone_alias
Daily Star,https://www.thedailystar.net/news/crime-justice/news/8-labourers-killed-truck-rear-ends-pickup-4167071,8 labourers killed as truck rear-ends pickup,2026-06-12T08:00:00,Sunamganj,Jagannathpur,24.77493,91.55216,murder,15.0,5,8,4,jagannathpur,2,zone_alias
Daily Star,https://www.thedailystar.net/news/crime-justice/news/90-year-old-killed-inside-mosque-4166936,90-year-old killed inside mosque,2026-06-12T08:00:00,Moulvibazar,Sreemangal,24.30734,91.733739,violence,90.0,5,8,4,sreemangal,2,zone_alias
Daily Star,https://www.thedailystar.net/news/crime-justice/news/90-year-old-killed-inside-mosque-4166936,90-year-old killed inside mosque,2026-06-12T08:00:00,Moulvibazar,Barlekha,24.481265,91.858094,violence,90.0,5,8,4,moulvibazar,1,zone_alias
Daily Star,https://www.thedailystar.net/news/crime-justice/news/90-year-old-killed-inside-mosque-4166936,90-year-old killed inside mosque,2026-06-12T08:00:00,Moulvibazar,Juri,24.531019,92.230029,violence,90.0,5,8,4,moulvibazar,1,zone_alias
Daily Star,https://www.thedailystar.net/news/bangladesh/transport/news/bnp-leaders-detention-disrupts-bus-services-cumilla-4166746,BNP leader’s detention disrupts bus services from Cumilla,2026-06-12T08:00:00,Cumilla,Kandirpar,23.46186,91.18504,suspicious_activity,,2,8,4,cumilla,1,zone_alias
Daily Star,https://www.thedailystar.net/news/bangladesh/transport/news/bnp-leaders-detention-disrupts-bus-services-cumilla-4166746,BNP leader’s detention disrupts bus services from Cumilla,2026-06-12T08:00:00,Sylhet,Ambarkhana,24.897194,91.87024,suspicious_activity,,2,8,4,sylhet,1,zone_alias
Daily Star,https://www.thedailystar.net/news/bangladesh/transport/news/bnp-leaders-detention-disrupts-bus-services-cumilla-4166746,BNP leader’s detention disrupts bus services from Cumilla,2026-06-12T08:00:00,Sylhet,Tilagor,24.896191,91.899531,suspicious_activity,,2,8,4,sylhet,1,zone_alias
Daily Star,https://www.thedailystar.net/news/crime-justice/news/dmp-arrests-152-extortionists-48-hour-drive-4166466,DMP arrests 152 extortionists in 48-hour drive,2026-06-12T08:00:00,Dhaka,Sadarghat,23.7104,90.4074,suspicious_activity,,2,8,4,Dhaka,0,district_fallback
Daily Star,https://www.thedailystar.net/news/crime-justice/news/killings-bangladeshi-phd-students-us-flight-carrying-limons-body-leaves-florida-4166351,Killings of Bangladeshi PhD students in US: Flight carrying Limon’s body leaves Florida,2026-06-12T08:00:00,Dhaka,Sadarghat,23.7104,90.4074,murder,27.0,5,8,4,Dhaka,0,district_fallback
Daily Star,https://www.thedailystar.net/news/crime-justice/news/primary-edu-office-fire-cleaner-set-fire-storeroom-tk-5-lakh-deal-claim-police-4166041,"Primary edu office fire: Cleaner ‘set fire’ to storeroom for Tk 5 lakh deal, claim police",2026-06-12T08:00:00,Dhaka,Sadarghat,23.7104,90.4074,suspicious_activity,29.0,2,8,4,Dhaka,0,district_fallback
Daily Star,https://www.thedailystar.net/news/crime-justice/news/mirpur-oc-withdrawn-over-tk-5-lakh-bribery-allegation-4166031,Mirpur OC withdrawn over Tk 5 lakh bribery allegation,2026-06-12T08:00:00,Dhaka,Sadarghat,23.7104,90.4074,suspicious_activity,,2,8,4,Dhaka,0,district_fallback
Daily Star,https://www.thedailystar.net/news/crime-justice/news/journalists-held-without-trial-620-days-4166221,Journalists held without trial for up to 620 days,2026-06-12T08:00:00,Dhaka,Jatrabari,23.7104,90.4349,violence,21.0,5,8,4,jatrabari,2,zone_alias
Daily Star,https://www.thedailystar.net/news/crime-justice/news/journalists-held-without-trial-620-days-4166221,Journalists held without trial for up to 620 days,2026-06-12T08:00:00,Naogaon,Atrai,24.915542,88.727758,violence,21.0,5,8,4,naogaon,1,zone_alias
Daily Star,https://www.thedailystar.net/news/crime-justice/news/journalists-held-without-trial-620-days-4166221,Journalists held without trial for up to 620 days,2026-06-12T08:00:00,Naogaon,Badalgachhi,24.96777,88.90737,violence,21.0,5,8,4,naogaon,1,zone_alias
Daily Star,https://www.thedailystar.net/news/crime-justice/news/phd-students-murder-florida-police-finally-identify-bristys-body-4166276,PhD Students’ Murder: Florida police finally identify Bristy’s body,2026-06-12T08:00:00,Dhaka,Sadarghat,23.7104,90.4074,murder,27.0,5,8,4,Dhaka,0,district_fallback
Daily Star,https://www.thedailystar.net/news/crime-justice/news/schoolgirl-abducted-front-father-rescued-after-9-days-mastermind-arrested-4165811,"Schoolgirl abducted in front of father, rescued after 9 days; ‘mastermind’ arrested",2026-06-12T08:00:00,Gazipur,Kaliganj Gazipur,23.79762,90.64354,kidnapping,15.0,5,8,4,kaliganj gazipur,5,zone_alias
Daily Star,https://www.thedailystar.net/news/crime-justice/news/schoolgirl-abducted-front-father-rescued-after-9-days-mastermind-arrested-4165811,"Schoolgirl abducted in front of father, rescued after 9 days; ‘mastermind’ arrested",2026-06-12T08:00:00,Gazipur,Konabari,24.126097,90.472114,kidnapping,15.0,5,8,4,gazipur,1,zone_alias
Daily Star,https://www.thedailystar.net/news/crime-justice/news/schoolgirl-abducted-front-father-rescued-after-9-days-mastermind-arrested-4165811,"Schoolgirl abducted in front of father, rescued after 9 days; ‘mastermind’ arrested",2026-06-12T08:00:00,Gazipur,Kaliakair,24.126097,90.472114,kidnapping,15.0,5,8,4,gazipur,1,zone_alias
Daily Star,https://www.thedailystar.net/news/crime-justice/news/written-complaint-filed-over-attack-two-journalists-lalmonirhat-4165746,Written complaint filed over attack on two journalists in Lalmonirhat,2026-06-12T08:00:00,Lalmonirhat,Hatibandha,26.12494,89.14081,violence,,4,8,4,hatibandha,2,zone_alias
Daily Star,https://www.thedailystar.net/news/crime-justice/news/written-complaint-filed-over-attack-two-journalists-lalmonirhat-4165746,Written complaint filed over attack on two journalists in Lalmonirhat,2026-06-12T08:00:00,Lalmonirhat,Aditmari,25.92537,89.35502,violence,,4,8,4,lalmonirhat,1,zone_alias
Daily Star,https://www.thedailystar.net/news/crime-justice/news/written-complaint-filed-over-attack-two-journalists-lalmonirhat-4165746,Written complaint filed over attack on two journalists in Lalmonirhat,2026-06-12T08:00:00,Lalmonirhat,Patgram,26.34876,89.03518,violence,,4,8,4,lalmonirhat,1,zone_alias
Daily Star,https://www.thedailystar.net/news/crime-justice/news/truck-driver-beaten-death-mob-after-injuring-pedestrians-faridpur-4165721,Truck driver beaten to death by mob after 'injuring pedestrians' in Faridpur,2026-06-12T08:00:00,Faridpur,Faridpur Medical College,23.588129,89.835258,violence,,5,8,4,faridpur medical college,6,zone_alias
Daily Star,https://www.thedailystar.net/news/crime-justice/news/truck-driver-beaten-death-mob-after-injuring-pedestrians-faridpur-4165721,Truck driver beaten to death by mob after 'injuring pedestrians' in Faridpur,2026-06-12T08:00:00,Faridpur,Boalmari,23.39212,89.68308,violence,,5,8,4,boalmari,2,zone_alias
Daily Star,https://www.thedailystar.net/news/crime-justice/news/truck-driver-beaten-death-mob-after-injuring-pedestrians-faridpur-4165721,Truck driver beaten to death by mob after 'injuring pedestrians' in Faridpur,2026-06-12T08:00:00,Faridpur,Nagarkanda,23.60612,89.84064,violence,,5,8,4,nagarkanda,2,zone_alias
Daily Star,https://www.thedailystar.net/news/crime-justice/news/bangladeshi-expatriate-killed-younger-brother-italy-family-says-4165566,"Bangladeshi expatriate killed younger brother in Italy, family says",2026-06-12T08:00:00,Munshiganj,Tongibari,23.53395,90.484545,murder,,5,8,4,tongibari,2,zone_alias
Daily Star,https://www.thedailystar.net/news/crime-justice/news/bangladeshi-expatriate-killed-younger-brother-italy-family-says-4165566,"Bangladeshi expatriate killed younger brother in Italy, family says",2026-06-12T08:00:00,Munshiganj,Gazaria,23.17886,89.97853,murder,,5,8,4,munshiganj,1,zone_alias
Daily Star,https://www.thedailystar.net/news/crime-justice/news/bangladeshi-expatriate-killed-younger-brother-italy-family-says-4165566,"Bangladeshi expatriate killed younger brother in Italy, family says",2026-06-12T08:00:00,Munshiganj,Lohajang,23.45,90.35,murder,,5,8,4,munshiganj,1,zone_alias
Daily Star,https://www.thedailystar.net/news/crime-justice/news/schoolboy-beaten-death-during-clash-between-teenagers-mymensingh-4165501,Schoolboy beaten to death during clash between teenagers in Mymensingh,2026-06-12T08:00:00,Mymensingh,Mymensingh Medical College,24.7437,90.4075,violence,16.0,5,8,4,mymensingh medical college,6,zone_alias
Daily Star,https://www.thedailystar.net/news/crime-justice/news/suspects-targeted-baridharas-de-mazenod-church-after-easter-celebrations-police-4165441,Suspects targeted Baridhara's De Mazenod Church after Easter celebrations: police,2026-06-12T08:00:00,Dhaka,Gulshan,23.7806,90.4167,robbery,,3,8,4,gulshan,2,zone_alias
Daily Star,https://www.thedailystar.net/news/crime-justice/news/suspects-targeted-baridharas-de-mazenod-church-after-easter-celebrations-police-4165441,Suspects targeted Baridhara's De Mazenod Church after Easter celebrations: police,2026-06-12T08:00:00,Cumilla,Kandirpar,23.46186,91.18504,robbery,,3,8,4,cumilla,1,zone_alias
Daily Star,https://www.thedailystar.net/news/crime-justice/news/suspects-targeted-baridharas-de-mazenod-church-after-easter-celebrations-police-4165441,Suspects targeted Baridhara's De Mazenod Church after Easter celebrations: police,2026-06-12T08:00:00,Cumilla,Burichang,23.5534,91.12901,robbery,,3,8,4,cumilla,1,zone_alias
Daily Star,https://www.thedailystar.net/news/crime-justice/news/police-team-attacked-while-probing-mugging-incident-narayanganj-4165421,Police team attacked while probing mugging incident in Narayanganj,2026-06-12T08:00:00,Narayanganj,Chashara,23.62502,90.49684,violence,,5,8,4,narayanganj,1,zone_alias
Daily Star,https://www.thedailystar.net/news/crime-justice/news/police-team-attacked-while-probing-mugging-incident-narayanganj-4165421,Police team attacked while probing mugging incident in Narayanganj,2026-06-12T08:00:00,Narayanganj,Fatullah,23.63816,90.49097,violence,,5,8,4,narayanganj,1,zone_alias
Daily Star,https://www.thedailystar.net/news/crime-justice/news/police-team-attacked-while-probing-mugging-incident-narayanganj-4165421,Police team attacked while probing mugging incident in Narayanganj,2026-06-12T08:00:00,Narayanganj,Rupganj,23.61352,90.50298,violence,,5,8,4,narayanganj,1,zone_alias
Daily Star,https://www.thedailystar.net/news/crime-justice/news/named-accused-kushtia-pir-killing-case-arrested-rajshahi-4165341,Named accused in Kushtia pir killing case arrested in Rajshahi,2026-06-12T08:00:00,Kushtia,Bheramara,24.02452,88.99234,violence,,5,8,4,kushtia,1,zone_alias
Daily Star,https://www.thedailystar.net/news/crime-justice/news/named-accused-kushtia-pir-killing-case-arrested-rajshahi-4165341,Named accused in Kushtia pir killing case arrested in Rajshahi,2026-06-12T08:00:00,Kushtia,Khoksa,23.9028,89.11943,violence,,5,8,4,kushtia,1,zone_alias
Daily Star,https://www.thedailystar.net/news/crime-justice/news/named-accused-kushtia-pir-killing-case-arrested-rajshahi-4165341,Named accused in Kushtia pir killing case arrested in Rajshahi,2026-06-12T08:00:00,Kushtia,Kumarkhali,23.86132,89.24197,violence,,5,8,4,kushtia,1,zone_alias
Daily Star,https://www.thedailystar.net/news/crime-justice/news/21-killed-mob-violence-april-msf-4165246,21 killed in mob violence in April: MSF,2026-06-12T08:00:00,Brahmanbaria,Ashuganj,23.944546,91.106189,sexual_violence,52.0,5,8,4,brahmanbaria,1,zone_alias
Daily Star,https://www.thedailystar.net/news/crime-justice/news/21-killed-mob-violence-april-msf-4165246,21 killed in mob violence in April: MSF,2026-06-12T08:00:00,Brahmanbaria,Kasba,22.989113,90.220702,sexual_violence,52.0,5,8,4,brahmanbaria,1,zone_alias
Daily Star,https://www.thedailystar.net/news/crime-justice/news/21-killed-mob-violence-april-msf-4165246,21 killed in mob violence in April: MSF,2026-06-12T08:00:00,Brahmanbaria,Nabinagar,23.88791,90.96792,sexual_violence,52.0,5,8,4,brahmanbaria,1,zone_alias
Daily Star,https://www.thedailystar.net/news/crime-justice/news/ict-asks-how-qamrul-got-foreign-report-4165256,ICT asks how Qamrul got foreign report,2026-06-12T08:00:00,Dhaka,Sadarghat,23.7104,90.4074,suspicious_activity,,3,8,4,Dhaka,0,district_fallback
Daily Star,https://www.thedailystar.net/news/crime-justice/news/db-raid-nets-8kg-heroin-and-one-its-own-4164901,DB raid nets 8kg heroin and one of its own,2026-06-12T08:00:00,Dhaka,Khilgaon,23.7509,90.4253,suspicious_activity,,2,8,4,khilgaon,2,zone_alias
Daily Star,https://www.thedailystar.net/news/crime-justice/news/db-raid-nets-8kg-heroin-and-one-its-own-4164901,DB raid nets 8kg heroin and one of its own,2026-06-12T08:00:00,Dhaka,Motijheel,23.733,90.4172,suspicious_activity,,2,8,4,motijheel,2,zone_alias
Daily Star,https://www.thedailystar.net/news/crime-justice/news/law-reporters-forum-condemns-assault-journalist-habibul-4164791,Law Reporters Forum condemns assault on journalist Habibul,2026-06-12T08:00:00,Dhaka,Sadarghat,23.7104,90.4074,violence,,4,8,4,Dhaka,0,district_fallback
Daily Star,https://www.thedailystar.net/news/crime-justice/news/db-team-attacked-during-tongi-drug-raid-4-cops-injured-7-suspects-held-4164626,"DB team attacked during Tongi drug raid; 4 cops injured, 7 suspects held",2026-06-12T08:00:00,Gazipur,Konabari,24.126097,90.472114,violence,,5,8,4,gazipur,1,zone_alias
Daily Star,https://www.thedailystar.net/news/crime-justice/news/db-team-attacked-during-tongi-drug-raid-4-cops-injured-7-suspects-held-4164626,"DB team attacked during Tongi drug raid; 4 cops injured, 7 suspects held",2026-06-12T08:00:00,Gazipur,Kaliakair,24.126097,90.472114,violence,,5,8,4,gazipur,1,zone_alias
Daily Star,https://www.thedailystar.net/news/crime-justice/news/db-team-attacked-during-tongi-drug-raid-4-cops-injured-7-suspects-held-4164626,"DB team attacked during Tongi drug raid; 4 cops injured, 7 suspects held",2026-06-12T08:00:00,Gazipur,Kapasia,24.11404,90.56148,violence,,5,8,4,gazipur,1,zone_alias
Daily Star,https://www.thedailystar.net/news/crime-justice/news/4-arrested-over-links-ttp-4164341,4 arrested over ‘links with TTP’,2026-06-12T08:00:00,Dhaka,Sadarghat,23.7104,90.4074,suspicious_activity,,2,8,4,Dhaka,0,district_fallback
Daily Star,https://www.thedailystar.net/news/crime-justice/news/titon-killing-control-over-cattle-market-likely-motive-4164346,Titon killing: Control over cattle market likely motive,2026-06-12T08:00:00,Dhaka,New Market,23.7332,90.3857,murder,,5,8,4,new market,5,zone_alias
Daily Star,https://www.thedailystar.net/news/crime-justice/news/titon-killing-control-over-cattle-market-likely-motive-4164346,Titon killing: Control over cattle market likely motive,2026-06-12T08:00:00,Dhaka,Elephant Road,23.7389,90.3865,murder,,5,8,4,elephant road,5,zone_alias
Daily Star,https://www.thedailystar.net/news/crime-justice/news/titon-killing-control-over-cattle-market-likely-motive-4164346,Titon killing: Control over cattle market likely motive,2026-06-12T08:00:00,Dhaka,Dhanmondi,23.7461,90.3742,murder,,5,8,4,dhanmondi,2,zone_alias
Daily Star,https://www.thedailystar.net/news/crime-justice/news/db-arrests-four-over-alleged-links-pakistani-militant-outfit-ttp-4164086,DB arrests four over alleged links to Pakistani militant outfit TTP,2026-06-12T08:00:00,Dhaka,Sadarghat,23.7104,90.4074,suspicious_activity,,2,8,4,Dhaka,0,district_fallback
Daily Star,https://www.thedailystar.net/news/crime-justice/news/no-proof-inu-ordered-kushtia-killings-defence-tells-ict-4164006,"No proof Inu ordered Kushtia killings, defence tells ICT",2026-06-12T08:00:00,Dhaka,Jatrabari,23.7104,90.4349,murder,,5,8,4,jatrabari,2,zone_alias
Daily Star,https://www.thedailystar.net/news/crime-justice/news/no-proof-inu-ordered-kushtia-killings-defence-tells-ict-4164006,"No proof Inu ordered Kushtia killings, defence tells ICT",2026-06-12T08:00:00,Kushtia,Bheramara,24.02452,88.99234,murder,,5,8,4,kushtia,1,zone_alias
Daily Star,https://www.thedailystar.net/news/crime-justice/news/no-proof-inu-ordered-kushtia-killings-defence-tells-ict-4164006,"No proof Inu ordered Kushtia killings, defence tells ICT",2026-06-12T08:00:00,Kushtia,Khoksa,23.9028,89.11943,murder,,5,8,4,kushtia,1,zone_alias
Daily Star,https://www.thedailystar.net/news/crime-justice/news/db-seizes-8-kg-heroin-16-lakh-yaba-pills-dhaka-raids-4163946,"DB seizes 8 kg heroin, 1.6 lakh yaba pills in Dhaka raids",2026-06-12T08:00:00,Dhaka,Motijheel,23.733,90.4172,suspicious_activity,,2,8,4,motijheel,2,zone_alias
Daily Star,https://www.thedailystar.net/news/crime-justice/news/db-seizes-8-kg-heroin-16-lakh-yaba-pills-dhaka-raids-4163946,"DB seizes 8 kg heroin, 1.6 lakh yaba pills in Dhaka raids",2026-06-12T08:00:00,Dhaka,Wari,23.7115,90.4177,suspicious_activity,,2,8,4,wari,2,zone_alias
Daily Star,https://www.thedailystar.net/news/crime-justice/news/db-seizes-8-kg-heroin-16-lakh-yaba-pills-dhaka-raids-4163946,"DB seizes 8 kg heroin, 1.6 lakh yaba pills in Dhaka raids",2026-06-12T08:00:00,Dhaka,Jatrabari,23.7104,90.4349,suspicious_activity,,2,8,4,jatrabari,2,zone_alias
Daily Star,https://www.thedailystar.net/news/crime-justice/news/hosaf-group-chairman-cleared-barapukuria-coalmine-corruption-case-4163931,Hosaf Group chairman cleared in Barapukuria coalmine corruption case,2026-06-12T08:00:00,Dhaka,Shahbagh,23.738,90.3958,suspicious_activity,,2,8,4,shahbagh,2,zone_alias
Daily Star,https://www.thedailystar.net/news/crime-justice/news/hosaf-group-chairman-cleared-barapukuria-coalmine-corruption-case-4163931,Hosaf Group chairman cleared in Barapukuria coalmine corruption case,2026-06-12T08:00:00,Dinajpur,Birampur,25.38909,88.99331,suspicious_activity,,2,8,4,dinajpur,1,zone_alias
Daily Star,https://www.thedailystar.net/news/crime-justice/news/hosaf-group-chairman-cleared-barapukuria-coalmine-corruption-case-4163931,Hosaf Group chairman cleared in Barapukuria coalmine corruption case,2026-06-12T08:00:00,Dinajpur,Kaharol,25.62745,88.63779,suspicious_activity,,2,8,4,dinajpur,1,zone_alias
Daily Star,https://www.thedailystar.net/news/crime-justice/news/case-filed-over-killing-top-criminal-titon-dhakas-new-market-area-4163876,Case filed over killing of ‘top criminal’ Titon in Dhaka’s New Market area,2026-06-12T08:00:00,Dhaka,New Market,23.7332,90.3857,violence,,5,8,4,new market,5,zone_alias
Daily Star,https://www.thedailystar.net/news/crime-justice/news/ex-bcl-man-detained-tsc-handed-over-shahbagh-police-4163696,"Ex-BCL man detained at TSC, handed over to Shahbagh police",2026-06-12T08:00:00,Dhaka,Shahbagh,23.738,90.3958,violence,,4,8,4,shahbagh,2,zone_alias
Daily Star,https://www.thedailystar.net/news/crime-justice/news/robbery-st-eugene-de-mazenod-catholic-church-dhaka-leaves-priest-injured-4163446,Robbery at St Eugene De Mazenod Catholic Church in Dhaka leaves priest injured,2026-06-12T08:00:00,Dhaka,Sadarghat,23.7104,90.4074,robbery,,4,8,4,Dhaka,0,district_fallback
Daily Star,https://www.thedailystar.net/news/crime-justice/news/top-gangster-shot-dead-new-market-4163481,Top gangster shot dead in New Market,2026-06-12T08:00:00,Dhaka,New Market,23.7332,90.3857,murder,,5,8,4,new market,5,zone_alias
Daily Star,https://www.thedailystar.net/news/crime-justice/news/top-gangster-shot-dead-new-market-4163481,Top gangster shot dead in New Market,2026-06-12T08:00:00,Dhaka,Mohammadpur,23.7657,90.3589,murder,,5,8,4,mohammadpur,2,zone_alias
Daily Star,https://www.thedailystar.net/news/crime-justice/news/law-minister-proposes-mandatory-pro-bono-work-lawyers-4163081,Law minister proposes mandatory pro bono work for lawyers,2026-06-12T08:00:00,Dhaka,Sadarghat,23.7104,90.4074,suspicious_activity,,2,8,4,Dhaka,0,district_fallback
Daily Star,https://www.thedailystar.net/news/crime-justice/news/man-shot-dead-dhakas-new-market-area-4163041,"New Market area shooting victim was ‘top criminal’ who secured bail after Aug 2024, police say",2026-06-12T08:00:00,Dhaka,New Market,23.7332,90.3857,murder,,5,8,4,new market,5,zone_alias
Daily Star,https://www.thedailystar.net/news/crime-justice/news/man-shot-dead-dhakas-new-market-area-4163041,"New Market area shooting victim was ‘top criminal’ who secured bail after Aug 2024, police say",2026-06-12T08:00:00,Dhaka,Gulshan,23.7806,90.4167,murder,,5,8,4,gulshan,2,zone_alias
Daily Star,https://www.thedailystar.net/news/crime-justice/news/man-shot-dead-dhakas-new-market-area-4163041,"New Market area shooting victim was ‘top criminal’ who secured bail after Aug 2024, police say",2026-06-12T08:00:00,Dhaka,Mohammadpur,23.7657,90.3589,murder,,5,8,4,mohammadpur,2,zone_alias
Daily Star,https://www.thedailystar.net/news/crime-justice/news/hc-defers-bail-order-journalist-couple-shakil-rupa-until-may-11-4162846,"HC defers bail order for journalist couple Shakil, Rupa until May 11",2026-06-12T08:00:00,Dhaka,Uttara,23.8724,90.3953,murder,,5,8,4,uttara,2,zone_alias
Daily Star,https://www.thedailystar.net/news/crime-justice/news/two-arrested-over-attack-journalists-khulna-press-club-4162801,Two arrested over attack on journalists at Khulna Press Club,2026-06-12T08:00:00,Khulna,Khalishpur,22.85308,89.54427,violence,,4,8,4,khulna,1,zone_alias
Daily Star,https://www.thedailystar.net/news/crime-justice/news/two-arrested-over-attack-journalists-khulna-press-club-4162801,Two arrested over attack on journalists at Khulna Press Club,2026-06-12T08:00:00,Khulna,Boyra,22.82813,89.543382,violence,,4,8,4,khulna,1,zone_alias
Daily Star,https://www.thedailystar.net/news/crime-justice/news/two-arrested-over-attack-journalists-khulna-press-club-4162801,Two arrested over attack on journalists at Khulna Press Club,2026-06-12T08:00:00,Khulna,Gollamari,22.837283,89.540056,violence,,4,8,4,khulna,1,zone_alias
Daily Star,https://www.thedailystar.net/news/crime-justice/news/mysterious-parcel-blast-leaves-van-driver-injured-kushtia-4162796,Mysterious parcel blast leaves van driver injured in Kushtia,2026-06-12T08:00:00,Kushtia,Bheramara,24.02452,88.99234,violence,,5,8,4,kushtia,1,zone_alias
Daily Star,https://www.thedailystar.net/news/crime-justice/news/mysterious-parcel-blast-leaves-van-driver-injured-kushtia-4162796,Mysterious parcel blast leaves van driver injured in Kushtia,2026-06-12T08:00:00,Kushtia,Khoksa,23.9028,89.11943,violence,,5,8,4,kushtia,1,zone_alias
Daily Star,https://www.thedailystar.net/news/crime-justice/news/mysterious-parcel-blast-leaves-van-driver-injured-kushtia-4162796,Mysterious parcel blast leaves van driver injured in Kushtia,2026-06-12T08:00:00,Kushtia,Kumarkhali,23.86132,89.24197,violence,,5,8,4,kushtia,1,zone_alias
Daily Star,https://www.thedailystar.net/news/crime-justice/news/sc-upholds-bail-ex-chief-justice-khairul-haque-five-cases-4162761,SC upholds bail for ex-chief justice Khairul Haque in five cases,2026-06-12T08:00:00,Narayanganj,Fatullah,23.63816,90.49097,suspicious_activity,,2,8,4,fatullah,2,zone_alias
Daily Star,https://www.thedailystar.net/news/crime-justice/news/sc-upholds-bail-ex-chief-justice-khairul-haque-five-cases-4162761,SC upholds bail for ex-chief justice Khairul Haque in five cases,2026-06-12T08:00:00,Narayanganj,Chashara,23.62502,90.49684,suspicious_activity,,2,8,4,narayanganj,1,zone_alias
Daily Star,https://www.thedailystar.net/news/crime-justice/news/sc-upholds-bail-ex-chief-justice-khairul-haque-five-cases-4162761,SC upholds bail for ex-chief justice Khairul Haque in five cases,2026-06-12T08:00:00,Narayanganj,Rupganj,23.61352,90.50298,suspicious_activity,,2,8,4,narayanganj,1,zone_alias
Daily Star,https://www.thedailystar.net/news/crime-justice/news/man-arrested-charge-killing-grandmother-aunt-and-neighbour-faridpur-4162661,"Man arrested on charge of killing grandmother, aunt and neighbour in Faridpur",2026-06-12T08:00:00,Faridpur,Faridpur Medical College,23.588129,89.835258,violence,,5,8,4,faridpur medical college,6,zone_alias
Daily Star,https://www.thedailystar.net/news/crime-justice/news/man-arrested-charge-killing-grandmother-aunt-and-neighbour-faridpur-4162661,"Man arrested on charge of killing grandmother, aunt and neighbour in Faridpur",2026-06-12T08:00:00,Faridpur,Goalchamot,23.5936,89.8201,violence,,5,8,4,faridpur,1,zone_alias
Daily Star,https://www.thedailystar.net/news/crime-justice/news/man-arrested-charge-killing-grandmother-aunt-and-neighbour-faridpur-4162661,"Man arrested on charge of killing grandmother, aunt and neighbour in Faridpur",2026-06-12T08:00:00,Faridpur,Bhanga,23.60612,89.84064,violence,,5,8,4,faridpur,1,zone_alias
Daily Star,https://www.thedailystar.net/news/crime-justice/news/faridpur-man-beats-and-hacks-grandmother-aunt-and-neighbour-death-4162401,"Faridpur man beats and hacks grandmother, aunt and neighbour to death",2026-06-12T08:00:00,Faridpur,Faridpur Medical College,23.588129,89.835258,violence,,5,8,4,faridpur medical college,6,zone_alias
Daily Star,https://www.thedailystar.net/news/crime-justice/news/faridpur-man-beats-and-hacks-grandmother-aunt-and-neighbour-death-4162401,"Faridpur man beats and hacks grandmother, aunt and neighbour to death",2026-06-12T08:00:00,Faridpur,Faridpur Sadar,23.60612,89.84064,violence,,5,8,4,faridpur sadar,5,zone_alias
Daily Star,https://www.thedailystar.net/news/crime-justice/news/faridpur-man-beats-and-hacks-grandmother-aunt-and-neighbour-death-4162401,"Faridpur man beats and hacks grandmother, aunt and neighbour to death",2026-06-12T08:00:00,Faridpur,Goalchamot,23.5936,89.8201,violence,,5,8,4,faridpur,1,zone_alias
Daily Star,https://www.thedailystar.net/news/crime-justice/news/muggers-disguise-killed-the-customs-official-says-rab-4162511,"Muggers in disguise killed the customs official, says Rab",2026-06-12T08:00:00,Gopalganj,Tungipara,22.89983,89.90326,murder,,5,8,4,tungipara gopalganj,4,zone_alias
Daily Star,https://www.thedailystar.net/news/crime-justice/news/muggers-disguise-killed-the-customs-official-says-rab-4162511,"Muggers in disguise killed the customs official, says Rab",2026-06-12T08:00:00,Cumilla,Kandirpar,23.46186,91.18504,murder,,5,8,4,cumilla,1,zone_alias
Daily Star,https://www.thedailystar.net/news/crime-justice/news/muggers-disguise-killed-the-customs-official-says-rab-4162511,"Muggers in disguise killed the customs official, says Rab",2026-06-12T08:00:00,Cumilla,Burichang,23.5534,91.12901,murder,,5,8,4,cumilla,1,zone_alias
Daily Star,https://www.thedailystar.net/news/crime-justice/news/police-make-first-arrests-kushtia-pir-killing-case-4162191,Police make first arrests in Kushtia pir killing case,2026-06-12T08:00:00,Kushtia,Bheramara,24.02452,88.99234,violence,,4,8,4,kushtia,1,zone_alias
Daily Star,https://www.thedailystar.net/news/crime-justice/news/police-make-first-arrests-kushtia-pir-killing-case-4162191,Police make first arrests in Kushtia pir killing case,2026-06-12T08:00:00,Kushtia,Khoksa,23.9028,89.11943,violence,,4,8,4,kushtia,1,zone_alias
Daily Star,https://www.thedailystar.net/news/crime-justice/news/police-make-first-arrests-kushtia-pir-killing-case-4162191,Police make first arrests in Kushtia pir killing case,2026-06-12T08:00:00,Kushtia,Kumarkhali,23.86132,89.24197,violence,,4,8,4,kushtia,1,zone_alias
Daily Star,https://www.thedailystar.net/news/crime-justice/news/four-give-confessional-statements-cumilla-customs-officer-murder-case-4162161,Four give confessional statements in Cumilla customs officer murder case,2026-06-12T08:00:00,Cumilla,Kandirpar,23.46186,91.18504,murder,,5,8,4,cumilla,1,zone_alias
Daily Star,https://www.thedailystar.net/news/crime-justice/news/four-give-confessional-statements-cumilla-customs-officer-murder-case-4162161,Four give confessional statements in Cumilla customs officer murder case,2026-06-12T08:00:00,Cumilla,Burichang,23.5534,91.12901,murder,,5,8,4,cumilla,1,zone_alias
Daily Star,https://www.thedailystar.net/news/crime-justice/news/four-give-confessional-statements-cumilla-customs-officer-murder-case-4162161,Four give confessional statements in Cumilla customs officer murder case,2026-06-12T08:00:00,Cumilla,Chandina,23.49067,91.01227,murder,,5,8,4,cumilla,1,zone_alias
Daily Star,https://www.thedailystar.net/news/crime-justice/news/indian-citizen-held-24600-banglabandha-border-4162146,"Indian citizen held with $24,600 at Banglabandha border",2026-06-12T08:00:00,Panchagarh,Banglabandha Land Port,26.472204,88.457326,suspicious_activity,,2,8,4,banglabandha land port,6,zone_alias
Daily Star,https://www.thedailystar.net/news/crime-justice/news/indian-citizen-held-24600-banglabandha-border-4162146,"Indian citizen held with $24,600 at Banglabandha border",2026-06-12T08:00:00,Panchagarh,Tetulia,26.49166,88.33969,suspicious_activity,,2,8,4,tetulia,2,zone_alias
Daily Star,https://www.thedailystar.net/news/crime-justice/news/indian-citizen-held-24600-banglabandha-border-4162146,"Indian citizen held with $24,600 at Banglabandha border",2026-06-12T08:00:00,Panchagarh,Atwari,26.30832,88.39939,suspicious_activity,,2,8,4,panchagarh,1,zone_alias
Daily Star,https://www.thedailystar.net/news/crime-justice/news/man-arrested-over-rape-woman-mymensingh-4162081,Man arrested over rape of woman in Mymensingh,2026-06-12T08:00:00,Mymensingh,Mymensingh Medical College,24.7437,90.4075,sexual_violence,26.0,5,8,4,mymensingh medical college,6,zone_alias
Daily Star,https://www.thedailystar.net/news/crime-justice/news/man-arrested-over-rape-woman-mymensingh-4162081,Man arrested over rape of woman in Mymensingh,2026-06-12T08:00:00,Sunamganj,Chhatak,25.06889,91.40243,sexual_violence,26.0,5,8,4,sunamganj,1,zone_alias
Daily Star,https://www.thedailystar.net/news/crime-justice/news/man-arrested-over-rape-woman-mymensingh-4162081,Man arrested over rape of woman in Mymensingh,2026-06-12T08:00:00,Sunamganj,Derai,24.78644,91.36003,sexual_violence,26.0,5,8,4,sunamganj,1,zone_alias
Daily Star,https://www.thedailystar.net/news/crime-justice/news/protest-held-jhenaidah-over-journalists-arrest-murder-case-4161896,Protest held in Jhenaidah over journalist’s arrest in murder case,2026-06-12T08:00:00,Jhenaidah,Shailkupa,23.68395,89.2422,murder,,5,8,4,shailkupa,2,zone_alias
Daily Star,https://www.thedailystar.net/news/crime-justice/news/protest-held-jhenaidah-over-journalists-arrest-murder-case-4161896,Protest held in Jhenaidah over journalist’s arrest in murder case,2026-06-12T08:00:00,Jhenaidah,Kotchandpur,23.502088,89.122619,murder,,5,8,4,jhenaidah,1,zone_alias
Daily Star,https://www.thedailystar.net/news/crime-justice/news/protest-held-jhenaidah-over-journalists-arrest-murder-case-4161896,Protest held in Jhenaidah over journalist’s arrest in murder case,2026-06-12T08:00:00,Jhenaidah,Maheshpur,23.35291,88.91222,murder,,5,8,4,jhenaidah,1,zone_alias
Daily Star,https://www.thedailystar.net/news/crime-justice/news/man-beaten-death-chattogram-over-suspected-drug-link-4161826,Man beaten to death in Chattogram over suspected drug link,2026-06-12T08:00:00,Chattogram,GEC Circle,22.3597,91.8215,violence,,5,8,4,Chattogram,0,district_fallback
Daily Star,https://www.thedailystar.net/news/crime-justice/news/customs-official-killed-mugger-gang-cumilla-rab-4161806,Customs official killed by mugger gang in Cumilla: Rab,2026-06-12T08:00:00,Cumilla,Kandirpar,23.46186,91.18504,murder,,5,8,4,cumilla,1,zone_alias
Daily Star,https://www.thedailystar.net/news/crime-justice/news/customs-official-killed-mugger-gang-cumilla-rab-4161806,Customs official killed by mugger gang in Cumilla: Rab,2026-06-12T08:00:00,Cumilla,Burichang,23.5534,91.12901,murder,,5,8,4,cumilla,1,zone_alias
Daily Star,https://www.thedailystar.net/news/crime-justice/news/customs-official-killed-mugger-gang-cumilla-rab-4161806,Customs official killed by mugger gang in Cumilla: Rab,2026-06-12T08:00:00,Cumilla,Chandina,23.49067,91.01227,murder,,5,8,4,cumilla,1,zone_alias
Daily Star,https://www.thedailystar.net/news/crime-justice/news/five-arrested-cumilla-customs-officer-murder-case-4161786,Five arrested in Cumilla customs officer murder case,2026-06-12T08:00:00,Gopalganj,Tungipara,22.89983,89.90326,murder,,5,8,4,tungipara gopalganj,4,zone_alias
Daily Star,https://www.thedailystar.net/news/crime-justice/news/five-arrested-cumilla-customs-officer-murder-case-4161786,Five arrested in Cumilla customs officer murder case,2026-06-12T08:00:00,Cumilla,Kandirpar,23.46186,91.18504,murder,,5,8,4,cumilla,1,zone_alias
Daily Star,https://www.thedailystar.net/news/crime-justice/news/five-arrested-cumilla-customs-officer-murder-case-4161786,Five arrested in Cumilla customs officer murder case,2026-06-12T08:00:00,Cumilla,Burichang,23.5534,91.12901,murder,,5,8,4,cumilla,1,zone_alias
Daily Star,https://www.thedailystar.net/news/crime-justice/news/ict-1-allows-one-day-interrogation-ex-justice-manik-du-professor-4161766,"ICT-1 allows one-day interrogation of ex-justice Manik, DU professor",2026-06-12T08:00:00,Dhaka,Dhanmondi,23.7461,90.3742,suspicious_activity,,2,8,4,dhanmondi,2,zone_alias
Daily Star,https://www.thedailystar.net/news/crime-justice/news/ict-1-allows-one-day-interrogation-ex-justice-manik-du-professor-4161766,"ICT-1 allows one-day interrogation of ex-justice Manik, DU professor",2026-06-12T08:00:00,Madaripur,Kalkini,23.1,90.26667,suspicious_activity,,2,8,4,madaripur,1,zone_alias
Daily Star,https://www.thedailystar.net/news/crime-justice/news/ict-1-allows-one-day-interrogation-ex-justice-manik-du-professor-4161766,"ICT-1 allows one-day interrogation of ex-justice Manik, DU professor",2026-06-12T08:00:00,Madaripur,Mostafapur,23.17097,90.20935,suspicious_activity,,2,8,4,madaripur,1,zone_alias
Daily Star,https://www.thedailystar.net/news/crime-justice/news/two-shot-dead-ctgs-raozan-two-days-4161641,Two shot dead in Ctg’s Raozan in two days,2026-06-12T08:00:00,Chattogram,GEC Circle,22.3597,91.8215,murder,,5,8,4,Chattogram,0,district_fallback
Daily Star,https://www.thedailystar.net/news/crime-justice/news/bullet-bairagis-last-rites-performed-tungipara-4161536,Bullet Bairagi’s last rites performed in Tungipara,2026-06-12T08:00:00,Gopalganj,Tungipara,22.89983,89.90326,suspicious_activity,,2,8,4,tungipara,2,zone_alias
Daily Star,https://www.thedailystar.net/news/crime-justice/news/bullet-bairagis-last-rites-performed-tungipara-4161536,Bullet Bairagi’s last rites performed in Tungipara,2026-06-12T08:00:00,Cumilla,Kandirpar,23.46186,91.18504,suspicious_activity,,2,8,4,cumilla,1,zone_alias
Daily Star,https://www.thedailystar.net/news/crime-justice/news/bullet-bairagis-last-rites-performed-tungipara-4161536,Bullet Bairagi’s last rites performed in Tungipara,2026-06-12T08:00:00,Cumilla,Burichang,23.5534,91.12901,suspicious_activity,,2,8,4,cumilla,1,zone_alias
Daily Star,https://www.thedailystar.net/news/crime-justice/news/i-just-want-see-her-face-one-last-time-4161556,‘I just want to see her face one last time’,2026-06-12T08:00:00,Noakhali,Noakhali Science and Technology University,22.650711,92.196229,murder,26.0,5,8,4,noakhali science and technology university,8,zone_alias
Daily Star,https://www.thedailystar.net/news/crime-justice/news/i-just-want-see-her-face-one-last-time-4161556,‘I just want to see her face one last time’,2026-06-12T08:00:00,Noakhali,Chowmuhani,22.816467,91.121505,murder,26.0,5,8,4,noakhali,1,zone_alias
Daily Star,https://www.thedailystar.net/news/crime-justice/news/i-just-want-see-her-face-one-last-time-4161556,‘I just want to see her face one last time’,2026-06-12T08:00:00,Madaripur,Kalkini,23.1,90.26667,murder,26.0,5,8,4,madaripur,1,zone_alias
Daily Star,https://www.thedailystar.net/news/crime-justice/news/du-student-found-dead-home-4161561,DU student found dead at home,2026-06-12T08:00:00,Dhaka,Gulshan,23.7806,90.4167,suspicious_activity,,3,8,4,gulshan,2,zone_alias
Daily Star,https://www.thedailystar.net/news/crime-justice/news/du-student-found-dead-home-4161561,DU student found dead at home,2026-06-12T08:00:00,Dhaka,Badda,23.7801,90.426,suspicious_activity,,3,8,4,badda,2,zone_alias
Daily Star,https://www.thedailystar.net/news/crime-justice/news/the-woman-found-dead-riverbank-was-strangled-4161606,The woman found dead on riverbank was strangled,2026-06-12T08:00:00,Tangail,Tangail General Hospital,24.26397,89.925263,sexual_violence,,5,8,4,tangail general hospital,6,zone_alias
Daily Star,https://www.thedailystar.net/news/crime-justice/news/the-woman-found-dead-riverbank-was-strangled-4161606,The woman found dead on riverbank was strangled,2026-06-12T08:00:00,Tangail,Ghatail,24.46667,89.96667,sexual_violence,,5,8,4,tangail,1,zone_alias
Daily Star,https://www.thedailystar.net/news/crime-justice/news/the-woman-found-dead-riverbank-was-strangled-4161606,The woman found dead on riverbank was strangled,2026-06-12T08:00:00,Tangail,Kalihati,24.39246,89.99215,sexual_violence,,5,8,4,tangail,1,zone_alias
Daily Star,https://www.thedailystar.net/news/crime-justice/news/never-imagined-teachers-friends-mourn-usf-student-limons-death-4161286,"'Never imagined this': Teachers, friends mourn USF student Limon's death",2026-06-12T08:00:00,Jamalpur,Madarganj,24.91965,89.94812,murder,15.0,5,8,4,madarganj jamalpur,4,zone_alias
Daily Star,https://www.thedailystar.net/news/crime-justice/news/never-imagined-teachers-friends-mourn-usf-student-limons-death-4161286,"'Never imagined this': Teachers, friends mourn USF student Limon's death",2026-06-12T08:00:00,Gazipur,Sreepur,24.126097,90.472114,murder,15.0,5,8,4,sreepur,2,zone_alias
Daily Star,https://www.thedailystar.net/news/crime-justice/news/never-imagined-teachers-friends-mourn-usf-student-limons-death-4161286,"'Never imagined this': Teachers, friends mourn USF student Limon's death",2026-06-12T08:00:00,Gazipur,Konabari,24.126097,90.472114,murder,15.0,5,8,4,gazipur,1,zone_alias
Daily Star,https://www.thedailystar.net/news/crime-justice/news/hc-questions-legality-showing-salina-hayat-ivy-arrested-fresh-case-4161261,HC questions legality of showing Salina Hayat Ivy arrested in fresh case,2026-06-12T08:00:00,Narayanganj,Chashara,23.62502,90.49684,suspicious_activity,,2,8,4,narayanganj,1,zone_alias
Daily Star,https://www.thedailystar.net/news/crime-justice/news/hc-questions-legality-showing-salina-hayat-ivy-arrested-fresh-case-4161261,HC questions legality of showing Salina Hayat Ivy arrested in fresh case,2026-06-12T08:00:00,Narayanganj,Fatullah,23.63816,90.49097,suspicious_activity,,2,8,4,narayanganj,1,zone_alias
Daily Star,https://www.thedailystar.net/news/crime-justice/news/hc-questions-legality-showing-salina-hayat-ivy-arrested-fresh-case-4161261,HC questions legality of showing Salina Hayat Ivy arrested in fresh case,2026-06-12T08:00:00,Narayanganj,Rupganj,23.61352,90.50298,suspicious_activity,,2,8,4,narayanganj,1,zone_alias
Daily Star,https://www.thedailystar.net/news/crime-justice/news/i-just-want-know-what-happened-my-husband-4161231,'I just want to know what happened to my husband',2026-06-12T08:00:00,Cumilla,Cumilla Medical College,23.770271,90.36068,murder,,5,8,4,cumilla medical college,6,zone_alias
Daily Star,https://www.thedailystar.net/news/crime-justice/news/i-just-want-know-what-happened-my-husband-4161231,'I just want to know what happened to my husband',2026-06-12T08:00:00,Gopalganj,Tungipara,22.89983,89.90326,murder,,5,8,4,tungipara gopalganj,4,zone_alias
Daily Star,https://www.thedailystar.net/news/crime-justice/news/i-just-want-know-what-happened-my-husband-4161231,'I just want to know what happened to my husband',2026-06-12T08:00:00,Cumilla,Kandirpar,23.46186,91.18504,murder,,5,8,4,cumilla,1,zone_alias
Daily Star,https://www.thedailystar.net/news/crime-justice/news/rab-arrests-fugitive-accused-ctg-student-murder-case-4161191,Rab arrests fugitive accused in Ctg student murder case,2026-06-12T08:00:00,Chattogram,GEC Circle,22.3597,91.8215,murder,,5,8,4,Chattogram,0,district_fallback
Daily Star,https://www.thedailystar.net/news/crime-justice/news/woman-rescued-after-alleged-gang-rape-mymensingh-4161076,Woman rescued after alleged gang rape in Mymensingh,2026-06-12T08:00:00,Mymensingh,Mymensingh Medical College,24.7437,90.4075,sexual_violence,26.0,5,8,4,mymensingh medical college,6,zone_alias
Daily Star,https://www.thedailystar.net/news/crime-justice/news/woman-rescued-after-alleged-gang-rape-mymensingh-4161076,Woman rescued after alleged gang rape in Mymensingh,2026-06-12T08:00:00,Sunamganj,Chhatak,25.06889,91.40243,sexual_violence,26.0,5,8,4,sunamganj,1,zone_alias
Daily Star,https://www.thedailystar.net/news/crime-justice/news/woman-rescued-after-alleged-gang-rape-mymensingh-4161076,Woman rescued after alleged gang rape in Mymensingh,2026-06-12T08:00:00,Sunamganj,Derai,24.78644,91.36003,sexual_violence,26.0,5,8,4,sunamganj,1,zone_alias
Daily Star,https://www.thedailystar.net/news/crime-justice/news/no-signs-rape-tangail-womans-death-say-doctors-4161031,"No signs of rape in Tangail woman’s death, say doctors",2026-06-12T08:00:00,Tangail,Tangail General Hospital,24.26397,89.925263,sexual_violence,,5,8,4,tangail general hospital,6,zone_alias
Daily Star,https://www.thedailystar.net/news/crime-justice/news/no-signs-rape-tangail-womans-death-say-doctors-4161031,"No signs of rape in Tangail woman’s death, say doctors",2026-06-12T08:00:00,Tangail,Ghatail,24.46667,89.96667,sexual_violence,,5,8,4,tangail,1,zone_alias
Daily Star,https://www.thedailystar.net/news/crime-justice/news/no-signs-rape-tangail-womans-death-say-doctors-4161031,"No signs of rape in Tangail woman’s death, say doctors",2026-06-12T08:00:00,Tangail,Kalihati,24.39246,89.99215,sexual_violence,,5,8,4,tangail,1,zone_alias
Daily Star,https://www.thedailystar.net/news/crime-justice/news/sagar-runi-murder-hc-gives-taskforce-six-more-months-complete-probe-4160976,Sagar-Runi murder: HC gives taskforce six more months to complete probe,2026-06-12T08:00:00,Dhaka,Sadarghat,23.7104,90.4074,murder,,5,8,4,Dhaka,0,district_fallback
Daily Star,https://www.thedailystar.net/news/crime-justice/news/father-son-found-dead-tongi-4160956,"Father, son found dead in Tongi",2026-06-12T08:00:00,Gazipur,Konabari,24.126097,90.472114,murder,,5,8,4,gazipur,1,zone_alias
Daily Star,https://www.thedailystar.net/news/crime-justice/news/father-son-found-dead-tongi-4160956,"Father, son found dead in Tongi",2026-06-12T08:00:00,Gazipur,Kaliakair,24.126097,90.472114,murder,,5,8,4,gazipur,1,zone_alias
Daily Star,https://www.thedailystar.net/news/crime-justice/news/father-son-found-dead-tongi-4160956,"Father, son found dead in Tongi",2026-06-12T08:00:00,Gazipur,Kapasia,24.11404,90.56148,murder,,5,8,4,gazipur,1,zone_alias
Daily Star,https://www.thedailystar.net/news/crime-justice/news/customs-officer-found-dead-beside-highway-4160786,Customs officer found dead beside highway,2026-06-12T08:00:00,Cumilla,Cumilla Medical College,23.770271,90.36068,kidnapping,,5,8,4,cumilla medical college,6,zone_alias
Daily Star,https://www.thedailystar.net/news/crime-justice/news/customs-officer-found-dead-beside-highway-4160786,Customs officer found dead beside highway,2026-06-12T08:00:00,Cumilla,Tomchom Bridge,23.46186,91.18504,kidnapping,,5,8,4,tomchom bridge,5,zone_alias
Daily Star,https://www.thedailystar.net/news/crime-justice/news/customs-officer-found-dead-beside-highway-4160786,Customs officer found dead beside highway,2026-06-12T08:00:00,Chattogram,Kotwali,22.3371,91.8376,kidnapping,,5,8,4,kotwali,2,zone_alias
Daily Star,https://www.thedailystar.net/news/crime-justice/news/tonu-murder-former-army-man-hafizur-sent-jail-after-remand-4160801,Tonu murder: Former army man Hafizur sent to jail after remand,2026-06-12T08:00:00,Cumilla,Kandirpar,23.46186,91.18504,murder,,5,8,4,cumilla,1,zone_alias
Daily Star,https://www.thedailystar.net/news/crime-justice/news/tonu-murder-former-army-man-hafizur-sent-jail-after-remand-4160801,Tonu murder: Former army man Hafizur sent to jail after remand,2026-06-12T08:00:00,Cumilla,Burichang,23.5534,91.12901,murder,,5,8,4,cumilla,1,zone_alias
Daily Star,https://www.thedailystar.net/news/crime-justice/news/tonu-murder-former-army-man-hafizur-sent-jail-after-remand-4160801,Tonu murder: Former army man Hafizur sent to jail after remand,2026-06-12T08:00:00,Cumilla,Chandina,23.49067,91.01227,murder,,5,8,4,cumilla,1,zone_alias
Daily Star,https://www.thedailystar.net/news/crime-justice/news/duja-demands-justice-over-attack-journos-4160811,DUJA demands justice over attack on journos,2026-06-12T08:00:00,Dhaka,Shahbagh,23.738,90.3958,violence,,4,8,4,shahbagh,2,zone_alias
Daily Star,https://www.thedailystar.net/news/crime-justice/news/1-killed-5-hurt-khulna-bnp-factional-clash-4160836,"1 killed, 5 hurt in Khulna BNP factional clash",2026-06-12T08:00:00,Khulna,Khulna Medical College,22.828592,89.537411,violence,,5,8,4,khulna medical college,6,zone_alias
Daily Star,https://www.thedailystar.net/news/crime-justice/news/1-killed-5-hurt-khulna-bnp-factional-clash-4160836,"1 killed, 5 hurt in Khulna BNP factional clash",2026-06-12T08:00:00,Khulna,Khalishpur,22.85308,89.54427,violence,,5,8,4,khulna,1,zone_alias
Daily Star,https://www.thedailystar.net/news/crime-justice/news/1-killed-5-hurt-khulna-bnp-factional-clash-4160836,"1 killed, 5 hurt in Khulna BNP factional clash",2026-06-12T08:00:00,Khulna,Boyra,22.82813,89.543382,violence,,5,8,4,khulna,1,zone_alias
Daily Star,https://www.thedailystar.net/news/crime-justice/news/nine-held-over-attack-jamaat-mps-vehicle-4160841,Nine held over attack on Jamaat MP’s vehicle,2026-06-12T08:00:00,Dhaka,Sadarghat,23.7104,90.4074,violence,,4,8,4,Dhaka,0,district_fallback
Daily Star,https://www.thedailystar.net/news/crime-justice/news/cumilla-customs-officer-found-dead-dhaka-ctg-highway-hours-after-going-missing-4160486,Cumilla customs officer found dead by Dhaka-Ctg highway hours after going missing,2026-06-12T08:00:00,Cumilla,Cumilla Medical College,23.770271,90.36068,kidnapping,,5,8,4,cumilla medical college,6,zone_alias
Daily Star,https://www.thedailystar.net/news/crime-justice/news/cumilla-customs-officer-found-dead-dhaka-ctg-highway-hours-after-going-missing-4160486,Cumilla customs officer found dead by Dhaka-Ctg highway hours after going missing,2026-06-12T08:00:00,Cumilla,Tomchom Bridge,23.46186,91.18504,kidnapping,,5,8,4,tomchom bridge,5,zone_alias
Daily Star,https://www.thedailystar.net/news/crime-justice/news/cumilla-customs-officer-found-dead-dhaka-ctg-highway-hours-after-going-missing-4160486,Cumilla customs officer found dead by Dhaka-Ctg highway hours after going missing,2026-06-12T08:00:00,Chattogram,Kotwali,22.3371,91.8376,kidnapping,,5,8,4,kotwali,2,zone_alias
Daily Star,https://www.thedailystar.net/news/crime-justice/news/bnp-supporter-shot-dead-ctgs-raozan-protesters-block-road-his-body-4160431,BNP supporter shot dead in Ctg’s Raozan; protesters block road with his body,2026-06-12T08:00:00,Chattogram,GEC Circle,22.3597,91.8215,murder,,5,8,4,Chattogram,0,district_fallback
Daily Star,https://www.thedailystar.net/news/crime-justice/news/hsc-student-panchagarh-sent-jail-over-facebook-post-state-minister-4160426,HSC student in Panchagarh sent to jail over Facebook post on state minister,2026-06-12T08:00:00,Panchagarh,Debiganj,26.11845,88.75948,violence,,4,8,4,debiganj,2,zone_alias
Daily Star,https://www.thedailystar.net/news/crime-justice/news/hsc-student-panchagarh-sent-jail-over-facebook-post-state-minister-4160426,HSC student in Panchagarh sent to jail over Facebook post on state minister,2026-06-12T08:00:00,Panchagarh,Atwari,26.30832,88.39939,violence,,4,8,4,panchagarh,1,zone_alias
Daily Star,https://www.thedailystar.net/news/crime-justice/news/hsc-student-panchagarh-sent-jail-over-facebook-post-state-minister-4160426,HSC student in Panchagarh sent to jail over Facebook post on state minister,2026-06-12T08:00:00,Panchagarh,Boda,26.33338,88.55777,violence,,4,8,4,panchagarh,1,zone_alias
Daily Star,https://www.thedailystar.net/news/crime-justice/news/fake-ssc-question-paper-leak-racket-busted-four-arrested-4160281,Fake SSC question paper leak racket busted; four arrested,2026-06-12T08:00:00,Bogura,Dhunat,24.85098,89.37108,suspicious_activity,,2,8,4,dhunat,2,zone_alias
Daily Star,https://www.thedailystar.net/news/crime-justice/news/fake-ssc-question-paper-leak-racket-busted-four-arrested-4160281,Fake SSC question paper leak racket busted; four arrested,2026-06-12T08:00:00,Bogura,Satmatha,25.733988,89.286492,suspicious_activity,,2,8,4,bogura,1,zone_alias
Daily Star,https://www.thedailystar.net/news/crime-justice/news/fake-ssc-question-paper-leak-racket-busted-four-arrested-4160281,Fake SSC question paper leak racket busted; four arrested,2026-06-12T08:00:00,Bogura,Charmatha,24.85098,89.37108,suspicious_activity,,2,8,4,bogura,1,zone_alias
Daily Star,https://www.thedailystar.net/news/crime-justice/news/tonu-murder-ex-army-man-hafizur-rahman-sent-jail-after-remand-4160271,Tonu murder: Ex-army man Hafizur Rahman sent to jail after remand,2026-06-12T08:00:00,Cumilla,Kandirpar,23.46186,91.18504,murder,,5,8,4,cumilla,1,zone_alias
Daily Star,https://www.thedailystar.net/news/crime-justice/news/tonu-murder-ex-army-man-hafizur-rahman-sent-jail-after-remand-4160271,Tonu murder: Ex-army man Hafizur Rahman sent to jail after remand,2026-06-12T08:00:00,Cumilla,Burichang,23.5534,91.12901,murder,,5,8,4,cumilla,1,zone_alias
Daily Star,https://www.thedailystar.net/news/crime-justice/news/tonu-murder-ex-army-man-hafizur-rahman-sent-jail-after-remand-4160271,Tonu murder: Ex-army man Hafizur Rahman sent to jail after remand,2026-06-12T08:00:00,Cumilla,Chandina,23.49067,91.01227,murder,,5,8,4,cumilla,1,zone_alias
Daily Star,https://www.thedailystar.net/news/crime-justice/news/jamaat-mp-attacked-netrokona-vehicle-vandalised-4159821,"Jamaat MP attacked in Netrokona, vehicle vandalised",2026-06-12T08:00:00,Netrokona,Purbadhala,24.94077,90.60025,violence,,4,8,4,purbadhala,2,zone_alias
Daily Star,https://www.thedailystar.net/news/crime-justice/news/jamaat-mp-attacked-netrokona-vehicle-vandalised-4159821,"Jamaat MP attacked in Netrokona, vehicle vandalised",2026-06-12T08:00:00,Netrokona,Mokterpara,24.871384,90.732886,violence,,4,8,4,netrokona,1,zone_alias
Daily Star,https://www.thedailystar.net/news/crime-justice/news/jamaat-mp-attacked-netrokona-vehicle-vandalised-4159821,"Jamaat MP attacked in Netrokona, vehicle vandalised",2026-06-12T08:00:00,Netrokona,Kalmakanda,25.00108,90.80773,violence,,4,8,4,netrokona,1,zone_alias
Daily Star,https://www.thedailystar.net/news/crime-justice/news/newborns-body-recovered-roadside-jashore-4159961,Newborn’s body recovered from roadside in Jashore,2026-06-12T08:00:00,Jashore,Chanchra,23.168306,89.210408,murder,15.0,5,8,4,jashore,1,zone_alias
Daily Star,https://www.thedailystar.net/news/crime-justice/news/newborns-body-recovered-roadside-jashore-4159961,Newborn’s body recovered from roadside in Jashore,2026-06-12T08:00:00,Jashore,Bagharpara,24.045958,90.032723,murder,15.0,5,8,4,jashore,1,zone_alias
Daily Star,https://www.thedailystar.net/news/crime-justice/news/newborns-body-recovered-roadside-jashore-4159961,Newborn’s body recovered from roadside in Jashore,2026-06-12T08:00:00,Jashore,Jhikargacha,23.11134,89.09061,murder,15.0,5,8,4,jashore,1,zone_alias
Daily Star,https://www.thedailystar.net/news/crime-justice/news/bnp-men-assault-female-teacher-principal-inside-rajshahi-college-4159966,"BNP men assault female teacher, principal inside Rajshahi college",2026-06-12T08:00:00,Rajshahi,Binodpur,24.37443,88.603999,violence,,4,8,4,rajshahi,1,zone_alias
Daily Star,https://www.thedailystar.net/news/crime-justice/news/bnp-men-assault-female-teacher-principal-inside-rajshahi-college-4159966,"BNP men assault female teacher, principal inside Rajshahi college",2026-06-12T08:00:00,Rajshahi,Kazla,24.364265,88.632816,violence,,4,8,4,rajshahi,1,zone_alias
Daily Star,https://www.thedailystar.net/news/crime-justice/news/youth-hacked-death-kishoreganj-4159971,Youth hacked to death in Kishoreganj,2026-06-12T08:00:00,Kishoreganj,Pakundia,24.43944,90.78291,violence,,5,8,4,pakundia,2,zone_alias
Daily Star,https://www.thedailystar.net/news/crime-justice/news/youth-hacked-death-kishoreganj-4159971,Youth hacked to death in Kishoreganj,2026-06-12T08:00:00,Kishoreganj,Hossainpur,23.94328,90.7559,violence,,5,8,4,kishoreganj,1,zone_alias
Daily Star,https://www.thedailystar.net/news/crime-justice/news/youth-hacked-death-kishoreganj-4159971,Youth hacked to death in Kishoreganj,2026-06-12T08:00:00,Kishoreganj,Karimganj,24.46778,90.87045,violence,,5,8,4,kishoreganj,1,zone_alias
Daily Star,https://www.thedailystar.net/news/crime-justice/news/jamaat-mps-car-vandalised-netrokona-4159976,Jamaat MP’s car vandalised in Netrokona,2026-06-12T08:00:00,Netrokona,Purbadhala,24.94077,90.60025,suspicious_activity,,2,8,4,purbadhala,2,zone_alias
Daily Star,https://www.thedailystar.net/news/crime-justice/news/jamaat-mps-car-vandalised-netrokona-4159976,Jamaat MP’s car vandalised in Netrokona,2026-06-12T08:00:00,Netrokona,Mokterpara,24.871384,90.732886,suspicious_activity,,2,8,4,netrokona,1,zone_alias
Daily Star,https://www.thedailystar.net/news/crime-justice/news/jamaat-mps-car-vandalised-netrokona-4159976,Jamaat MP’s car vandalised in Netrokona,2026-06-12T08:00:00,Netrokona,Kalmakanda,25.00108,90.80773,suspicious_activity,,2,8,4,netrokona,1,zone_alias
Daily Star,https://www.thedailystar.net/news/crime-justice/news/phq-warns-possible-extremist-attacks-4160076,PHQ warns of possible extremist attacks,2026-06-12T08:00:00,Dhaka,Shahbagh,23.738,90.3958,suspicious_activity,,2,8,4,shahbagh intersection,4,zone_alias
Daily Star,https://www.thedailystar.net/news/crime-justice/news/phq-warns-possible-extremist-attacks-4160076,PHQ warns of possible extremist attacks,2026-06-12T08:00:00,Sylhet,Ambarkhana,24.897194,91.87024,suspicious_activity,,2,8,4,sylhet,1,zone_alias
Daily Star,https://www.thedailystar.net/news/crime-justice/news/phq-warns-possible-extremist-attacks-4160076,PHQ warns of possible extremist attacks,2026-06-12T08:00:00,Sylhet,Tilagor,24.896191,91.899531,suspicious_activity,,2,8,4,sylhet,1,zone_alias
Daily Star,https://www.thedailystar.net/news/crime-justice/news/human-trafficking-when-cases-end-compromise-not-conviction-4160096,"Human trafficking: When cases end in compromise, not conviction",2026-06-12T08:00:00,Dhaka,Paltan,23.7362,90.4142,violence,,4,8,4,paltan,2,zone_alias
Daily Star,https://www.thedailystar.net/news/crime-justice/news/human-trafficking-when-cases-end-compromise-not-conviction-4160096,"Human trafficking: When cases end in compromise, not conviction",2026-06-12T08:00:00,Shariatpur,Bhedarganj,23.267008,90.414774,violence,,4,8,4,shariatpur,1,zone_alias
Daily Star,https://www.thedailystar.net/news/crime-justice/news/human-trafficking-when-cases-end-compromise-not-conviction-4160096,"Human trafficking: When cases end in compromise, not conviction",2026-06-12T08:00:00,Chandpur,Faridganj,23.13559,90.7434,violence,,4,8,4,chandpur,1,zone_alias
Daily Star,https://www.thedailystar.net/news/crime-justice/news/woman-among-four-held-over-rape-ctgs-epz-area-4159776,Woman among four held over rape in Ctg’s EPZ area,2026-06-12T08:00:00,Rangamati,Tabalchhari,22.758512,92.240249,sexual_violence,22.0,5,8,4,rangamati,1,zone_alias
Daily Star,https://www.thedailystar.net/news/crime-justice/news/woman-among-four-held-over-rape-ctgs-epz-area-4159776,Woman among four held over rape in Ctg’s EPZ area,2026-06-12T08:00:00,Chattogram,EPZ Chattogram,22.2922,91.7814,sexual_violence,22.0,5,8,4,epz,1,zone_alias
Daily Star,https://www.thedailystar.net/news/crime-justice/news/woman-among-four-held-over-rape-ctgs-epz-area-4159776,Woman among four held over rape in Ctg’s EPZ area,2026-06-12T08:00:00,Feni,Chhagalnaiya,23.02475,91.51092,sexual_violence,22.0,5,8,4,feni,1,zone_alias
Daily Star,https://www.thedailystar.net/news/crime-justice/news/jcd-men-assault-two-ducsu-leaders-inside-police-station-4159346,JCD men assault two Ducsu leaders inside police station,2026-06-12T08:00:00,Dhaka,Shahbagh,23.738,90.3958,violence,,5,8,4,shahbagh,2,zone_alias
Daily Star,https://www.thedailystar.net/news/crime-justice/news/tonu-murder-pbi-sends-dna-sample-accused-hafizur-lab-4159071,Tonu murder: PBI sends DNA sample of accused Hafizur to lab,2026-06-12T08:00:00,Cumilla,Cumilla Cantonment,23.4417,91.00987,murder,,5,8,4,cumilla cantonment,5,zone_alias
Daily Star,https://www.thedailystar.net/news/crime-justice/news/tonu-murder-pbi-sends-dna-sample-accused-hafizur-lab-4159071,Tonu murder: PBI sends DNA sample of accused Hafizur to lab,2026-06-12T08:00:00,Cumilla,Kandirpar,23.46186,91.18504,murder,,5,8,4,cumilla,1,zone_alias
Daily Star,https://www.thedailystar.net/news/crime-justice/news/tonu-murder-pbi-sends-dna-sample-accused-hafizur-lab-4159071,Tonu murder: PBI sends DNA sample of accused Hafizur to lab,2026-06-12T08:00:00,Cumilla,Burichang,23.5534,91.12901,murder,,5,8,4,cumilla,1,zone_alias
Daily Star,https://www.thedailystar.net/news/crime-justice/news/3-arrested-over-theft-construction-materials-bmu-super-specialized-hospital-4158961,3 arrested over theft of construction materials From BMU Super Specialized Hospital,2026-06-12T08:00:00,Dhaka,Shahbagh,23.738,90.3958,robbery,,4,8,4,shahbagh,2,zone_alias
Daily Star,https://www.thedailystar.net/news/crime-justice/news/3-arrested-over-theft-construction-materials-bmu-super-specialized-hospital-4158961,3 arrested over theft of construction materials From BMU Super Specialized Hospital,2026-06-12T08:00:00,Dhaka,Badda,23.7801,90.426,robbery,,4,8,4,badda,2,zone_alias
Daily Star,https://www.thedailystar.net/news/crime-justice/news/1-killed-11-injured-bnp-jubo-dal-clash-jhenaidah-4158701,"1 killed, 11 injured as BNP-Jubo Dal clash in Jhenaidah",2026-06-12T08:00:00,Faridpur,Faridpur Medical College,23.588129,89.835258,violence,,5,8,4,faridpur medical college,6,zone_alias
Daily Star,https://www.thedailystar.net/news/crime-justice/news/1-killed-11-injured-bnp-jubo-dal-clash-jhenaidah-4158701,"1 killed, 11 injured as BNP-Jubo Dal clash in Jhenaidah",2026-06-12T08:00:00,Jhenaidah,Shailkupa,23.68395,89.2422,violence,,5,8,4,shailkupa,2,zone_alias
Daily Star,https://www.thedailystar.net/news/crime-justice/news/1-killed-11-injured-bnp-jubo-dal-clash-jhenaidah-4158701,"1 killed, 11 injured as BNP-Jubo Dal clash in Jhenaidah",2026-06-12T08:00:00,Faridpur,Goalchamot,23.5936,89.8201,violence,,5,8,4,faridpur,1,zone_alias
Daily Star,https://www.thedailystar.net/news/crime-justice/news/womans-body-found-sack-jashore-4158136,Woman’s body found in sack in Jashore,2026-06-12T08:00:00,Jashore,Chanchra,23.168306,89.210408,murder,55.0,5,8,4,jashore,1,zone_alias
Daily Star,https://www.thedailystar.net/news/crime-justice/news/womans-body-found-sack-jashore-4158136,Woman’s body found in sack in Jashore,2026-06-12T08:00:00,Jashore,Bagharpara,24.045958,90.032723,murder,55.0,5,8,4,jashore,1,zone_alias
Daily Star,https://www.thedailystar.net/news/crime-justice/news/womans-body-found-sack-jashore-4158136,Woman’s body found in sack in Jashore,2026-06-12T08:00:00,Jashore,Jhikargacha,23.11134,89.09061,murder,55.0,5,8,4,jashore,1,zone_alias
Daily Star,https://www.thedailystar.net/news/crime-justice/news/tonu-murder-first-arrest-made-10yrs-after-killing-4158401,Tonu murder: First arrest made 10yrs after killing,2026-06-12T08:00:00,Cumilla,Cumilla Cantonment,23.4417,91.00987,murder,,5,8,4,cumilla cantonment,5,zone_alias
Daily Star,https://www.thedailystar.net/news/crime-justice/news/tonu-murder-first-arrest-made-10yrs-after-killing-4158401,Tonu murder: First arrest made 10yrs after killing,2026-06-12T08:00:00,Cumilla,Kandirpar,23.46186,91.18504,murder,,5,8,4,cumilla,1,zone_alias
Daily Star,https://www.thedailystar.net/news/crime-justice/news/tonu-murder-first-arrest-made-10yrs-after-killing-4158401,Tonu murder: First arrest made 10yrs after killing,2026-06-12T08:00:00,Cumilla,Burichang,23.5534,91.12901,murder,,5,8,4,cumilla,1,zone_alias
Daily Star,https://www.thedailystar.net/news/crime-justice/news/missing-three-days-mans-body-found-hanging-coxs-bazar-4158166,"Missing for three days, man's body found hanging in Cox’s Bazar",2026-06-12T08:00:00,Chattogram,GEC Circle,22.3597,91.8215,murder,,5,8,4,Chattogram,0,district_fallback
Daily Star,https://www.thedailystar.net/news/crime-justice/news/3-workers-abducted-bandarban-rubber-plantation-police-4158031,3 workers abducted from Bandarban rubber plantation: Police,2026-06-12T08:00:00,Bandarban,Balaghata,22.19534,92.21946,kidnapping,,5,8,4,bandarban,1,zone_alias
Daily Star,https://www.thedailystar.net/news/crime-justice/news/3-workers-abducted-bandarban-rubber-plantation-police-4158031,3 workers abducted from Bandarban rubber plantation: Police,2026-06-12T08:00:00,Bandarban,Nilachal,23.01134,91.4013,kidnapping,,5,8,4,bandarban,1,zone_alias
Daily Star,https://www.thedailystar.net/news/crime-justice/news/3-workers-abducted-bandarban-rubber-plantation-police-4158031,3 workers abducted from Bandarban rubber plantation: Police,2026-06-12T08:00:00,Bandarban,Rowangchhari,22.19534,92.21946,kidnapping,,5,8,4,bandarban,1,zone_alias
Daily Star,https://www.thedailystar.net/news/crime-justice/news/three-held-over-theft-construction-materials-bmus-super-specialised-hospital-4157901,Three held over theft of construction materials from BMU’s Super Specialised Hospital,2026-06-12T08:00:00,Dhaka,Badda,23.7801,90.426,robbery,,4,8,4,badda,2,zone_alias
Daily Star,https://www.thedailystar.net/news/crime-justice/news/3-arrested-over-naogaon-family-murders-2-confess-police-say-4157891,"3 arrested over Naogaon family murders; 2 confess, police say",2026-06-12T08:00:00,Naogaon,Manda,24.915542,88.727758,murder,15.0,5,8,4,manda,2,zone_alias
Daily Star,https://www.thedailystar.net/news/crime-justice/news/3-arrested-over-naogaon-family-murders-2-confess-police-say-4157891,"3 arrested over Naogaon family murders; 2 confess, police say",2026-06-12T08:00:00,Naogaon,Atrai,24.915542,88.727758,murder,15.0,5,8,4,naogaon,1,zone_alias
Daily Star,https://www.thedailystar.net/news/crime-justice/news/3-arrested-over-naogaon-family-murders-2-confess-police-say-4157891,"3 arrested over Naogaon family murders; 2 confess, police say",2026-06-12T08:00:00,Naogaon,Badalgachhi,24.96777,88.90737,murder,15.0,5,8,4,naogaon,1,zone_alias
Daily Star,https://www.thedailystar.net/news/crime-justice/news/first-arrest-tonu-murder-case-after-10-years-4157871,First arrest in Tonu murder case after 10 years,2026-06-12T08:00:00,Cumilla,Kandirpar,23.46186,91.18504,murder,,5,8,4,cumilla,1,zone_alias
Daily Star,https://www.thedailystar.net/news/crime-justice/news/first-arrest-tonu-murder-case-after-10-years-4157871,First arrest in Tonu murder case after 10 years,2026-06-12T08:00:00,Cumilla,Burichang,23.5534,91.12901,murder,,5,8,4,cumilla,1,zone_alias
Daily Star,https://www.thedailystar.net/news/crime-justice/news/first-arrest-tonu-murder-case-after-10-years-4157871,First arrest in Tonu murder case after 10 years,2026-06-12T08:00:00,Cumilla,Chandina,23.49067,91.01227,murder,,5,8,4,cumilla,1,zone_alias
Daily Star,https://www.thedailystar.net/news/crime-justice/news/family-four-brutally-murdered-4157491,Family of four brutally murdered,2026-06-12T08:00:00,Naogaon,Atrai,24.915542,88.727758,murder,70.0,5,8,4,naogaon,1,zone_alias
Daily Star,https://www.thedailystar.net/news/crime-justice/news/family-four-brutally-murdered-4157491,Family of four brutally murdered,2026-06-12T08:00:00,Naogaon,Badalgachhi,24.96777,88.90737,murder,70.0,5,8,4,naogaon,1,zone_alias
Daily Star,https://www.thedailystar.net/news/crime-justice/news/family-four-brutally-murdered-4157491,Family of four brutally murdered,2026-06-12T08:00:00,Naogaon,Manda,24.915542,88.727758,murder,70.0,5,8,4,naogaon,1,zone_alias
Daily Star,https://www.thedailystar.net/news/crime-justice/news/construction-materials-stolen-bmus-super-specialised-hospital-4157201,Construction materials stolen from BMU’s Super Specialised Hospital,2026-06-12T08:00:00,Dhaka,Shahbagh,23.738,90.3958,robbery,,4,8,4,shahbagh,2,zone_alias
Daily Star,https://www.thedailystar.net/news/crime-justice/news/nicrh-deputy-director-attacked-over-hospital-tender-dispute-says-rab-4157011,"NICRH deputy director attacked over hospital tender dispute, says Rab",2026-06-12T08:00:00,Dhaka,Banani,23.7937,90.4043,violence,,5,8,4,banani,2,zone_alias
Daily Star,https://www.thedailystar.net/news/crime-justice/news/content-creator-hasan-nasim-granted-bail-cyber-security-case-4156996,Content creator Hasan Nasim granted bail in cyber security case,2026-06-12T08:00:00,Dhaka,Gulshan,23.7806,90.4167,sexual_violence,15.0,5,8,4,gulshan,2,zone_alias
Daily Star,https://www.thedailystar.net/news/crime-justice/news/sirajganj-court-issues-arrest-warrant-against-amir-hamza-defamation-case-4156816,Sirajganj court issues arrest warrant against Amir Hamza in defamation case,2026-06-12T08:00:00,Sirajganj,Sirajganj Sadar,24.45771,89.70802,suspicious_activity,,2,8,4,sirajganj sadar,5,zone_alias
Daily Star,https://www.thedailystar.net/news/crime-justice/news/sirajganj-court-issues-arrest-warrant-against-amir-hamza-defamation-case-4156816,Sirajganj court issues arrest warrant against Amir Hamza in defamation case,2026-06-12T08:00:00,Kushtia,Bheramara,24.02452,88.99234,suspicious_activity,,2,8,4,kushtia,1,zone_alias
Daily Star,https://www.thedailystar.net/news/crime-justice/news/sirajganj-court-issues-arrest-warrant-against-amir-hamza-defamation-case-4156816,Sirajganj court issues arrest warrant against Amir Hamza in defamation case,2026-06-12T08:00:00,Kushtia,Khoksa,23.9028,89.11943,suspicious_activity,,2,8,4,kushtia,1,zone_alias
Daily Star,https://www.thedailystar.net/news/crime-justice/news/four-family-murdered-naogaon-4156721,Four of a family murdered in Naogaon,2026-06-12T08:00:00,Naogaon,Atrai,24.915542,88.727758,murder,15.0,5,8,4,naogaon,1,zone_alias
Daily Star,https://www.thedailystar.net/news/crime-justice/news/four-family-murdered-naogaon-4156721,Four of a family murdered in Naogaon,2026-06-12T08:00:00,Naogaon,Badalgachhi,24.96777,88.90737,murder,15.0,5,8,4,naogaon,1,zone_alias
Daily Star,https://www.thedailystar.net/news/crime-justice/news/four-family-murdered-naogaon-4156721,Four of a family murdered in Naogaon,2026-06-12T08:00:00,Naogaon,Manda,24.915542,88.727758,murder,15.0,5,8,4,naogaon,1,zone_alias
Daily Star,https://www.thedailystar.net/news/crime-justice/news/nirch-deputy-director-stabbed-mohakhali-4156616,NIRCH deputy director stabbed in Mohakhali,2026-06-12T08:00:00,Dhaka,Banani,23.7937,90.4043,violence,,5,8,4,banani,2,zone_alias
Daily Star,https://www.thedailystar.net/news/crime-justice/news/nirch-deputy-director-stabbed-mohakhali-4156616,NIRCH deputy director stabbed in Mohakhali,2026-06-12T08:00:00,Dhaka,Gulshan,23.7806,90.4167,violence,,5,8,4,gulshan,2,zone_alias
Daily Star,https://www.thedailystar.net/news/crime-justice/news/suspended-ctg-cop-sentenced-jail-dowry-torture-case-4156551,Suspended Ctg cop sentenced to jail in dowry torture case,2026-06-12T08:00:00,Chattogram,GEC Circle,22.3597,91.8215,violence,15.0,5,8,4,Chattogram,0,district_fallback
Daily Star,https://www.thedailystar.net/news/crime-justice/news/four-arrested-over-extortion-attempt-and-shooting-dhakas-kafrul-4156201,Four arrested over extortion attempt and shooting in Dhaka's Kafrul,2026-06-12T08:00:00,Dhaka,Sadarghat,23.7104,90.4074,robbery,,3,8,4,Dhaka,0,district_fallback
Daily Star,https://www.thedailystar.net/news/crime-justice/news/mob-beats-man-death-over-robbery-allegations-4155696,Mob beats man to death over robbery allegations,2026-06-12T08:00:00,Pirojpur,Nazirpur,22.571721,89.97972,violence,,5,8,4,nazirpur,2,zone_alias
Daily Star,https://www.thedailystar.net/news/crime-justice/news/mob-beats-man-death-over-robbery-allegations-4155696,Mob beats man to death over robbery allegations,2026-06-12T08:00:00,Barishal,Chowmatha,22.70497,90.37013,violence,,5,8,4,barishal,1,zone_alias
Daily Star,https://www.thedailystar.net/news/crime-justice/news/mob-beats-man-death-over-robbery-allegations-4155696,Mob beats man to death over robbery allegations,2026-06-12T08:00:00,Barishal,Amanatganj,22.730897,90.377817,violence,,5,8,4,barishal,1,zone_alias
Daily Star,https://www.thedailystar.net/news/crime-justice/news/rape-attempt-teenagers-family-home-attacked-suing-suspect-4155756,"Rape Attempt: Teenager’s family, home attacked ‘for suing suspect’",2026-06-12T08:00:00,Noakhali,Subarnachar,22.81764,91.08945,violence,14.0,5,8,4,subarnachar,2,zone_alias
Daily Star,https://www.thedailystar.net/news/crime-justice/news/rape-attempt-teenagers-family-home-attacked-suing-suspect-4155756,"Rape Attempt: Teenager’s family, home attacked ‘for suing suspect’",2026-06-12T08:00:00,Noakhali,Chowmuhani,22.816467,91.121505,violence,14.0,5,8,4,noakhali,1,zone_alias
Daily Star,https://www.thedailystar.net/news/crime-justice/news/rape-attempt-teenagers-family-home-attacked-suing-suspect-4155756,"Rape Attempt: Teenager’s family, home attacked ‘for suing suspect’",2026-06-12T08:00:00,Noakhali,Begumganj,23.0225,91.07472,violence,14.0,5,8,4,noakhali,1,zone_alias
Daily Star,https://www.thedailystar.net/news/crime-justice/news/man-held-over-rape-madrasa-student-sandwip-4155461,Man held over rape of madrasa student in Sandwip,2026-06-12T08:00:00,Chattogram,GEC Circle,22.3597,91.8215,sexual_violence,,5,8,4,Chattogram,0,district_fallback
Daily Star,https://www.thedailystar.net/news/crime-justice/news/indigenous-community-alleges-land-grab-bid-after-temple-attack-dinajpur-4155441,Indigenous community alleges land grab bid after temple attack in Dinajpur,2026-06-12T08:00:00,Dinajpur,Birampur,25.38909,88.99331,violence,,4,8,4,dinajpur,1,zone_alias
Daily Star,https://www.thedailystar.net/news/crime-justice/news/indigenous-community-alleges-land-grab-bid-after-temple-attack-dinajpur-4155441,Indigenous community alleges land grab bid after temple attack in Dinajpur,2026-06-12T08:00:00,Dinajpur,Kaharol,25.62745,88.63779,violence,,4,8,4,dinajpur,1,zone_alias
Daily Star,https://www.thedailystar.net/news/crime-justice/news/indigenous-community-alleges-land-grab-bid-after-temple-attack-dinajpur-4155441,Indigenous community alleges land grab bid after temple attack in Dinajpur,2026-06-12T08:00:00,Dinajpur,Parbatipur,25.66369,88.93093,violence,,4,8,4,dinajpur,1,zone_alias
Daily Star,https://www.thedailystar.net/news/crime-justice/news/rab-arrests-main-accused-murder-6-year-old-fatema-tangail-4155396,Rab arrests main accused in murder of 6-year-old Fatema in Tangail,2026-06-12T08:00:00,Tangail,Madhupur,24.61186,90.03149,murder,6.0,5,8,4,madhupur,2,zone_alias
Daily Star,https://www.thedailystar.net/news/crime-justice/news/rab-arrests-main-accused-murder-6-year-old-fatema-tangail-4155396,Rab arrests main accused in murder of 6-year-old Fatema in Tangail,2026-06-12T08:00:00,Tangail,Ghatail,24.46667,89.96667,murder,6.0,5,8,4,tangail,1,zone_alias
Daily Star,https://www.thedailystar.net/news/crime-justice/news/rab-arrests-main-accused-murder-6-year-old-fatema-tangail-4155396,Rab arrests main accused in murder of 6-year-old Fatema in Tangail,2026-06-12T08:00:00,Tangail,Kalihati,24.39246,89.99215,murder,6.0,5,8,4,tangail,1,zone_alias
Daily Star,https://www.thedailystar.net/news/crime-justice/news/mob-beats-man-death-over-robbery-allegations-pirojpur-4155171,Mob beats man to death over robbery allegations in Pirojpur,2026-06-12T08:00:00,Pirojpur,Nazirpur,22.571721,89.97972,violence,,5,8,4,nazirpur,2,zone_alias
Daily Star,https://www.thedailystar.net/news/crime-justice/news/mob-beats-man-death-over-robbery-allegations-pirojpur-4155171,Mob beats man to death over robbery allegations in Pirojpur,2026-06-12T08:00:00,Barishal,Chowmatha,22.70497,90.37013,violence,,5,8,4,barishal,1,zone_alias
Daily Star,https://www.thedailystar.net/news/crime-justice/news/mob-beats-man-death-over-robbery-allegations-pirojpur-4155171,Mob beats man to death over robbery allegations in Pirojpur,2026-06-12T08:00:00,Barishal,Amanatganj,22.730897,90.377817,violence,,5,8,4,barishal,1,zone_alias
Daily Star,https://www.thedailystar.net/news/crime-justice/news/police-constable-attacked-during-drug-raid-tongi-4155161,Police constable attacked during drug raid in Tongi,2026-06-12T08:00:00,Gazipur,Konabari,24.126097,90.472114,violence,,5,8,4,gazipur,1,zone_alias
Daily Star,https://www.thedailystar.net/news/crime-justice/news/police-constable-attacked-during-drug-raid-tongi-4155161,Police constable attacked during drug raid in Tongi,2026-06-12T08:00:00,Gazipur,Kaliakair,24.126097,90.472114,violence,,5,8,4,gazipur,1,zone_alias
Daily Star,https://www.thedailystar.net/news/crime-justice/news/police-constable-attacked-during-drug-raid-tongi-4155161,Police constable attacked during drug raid in Tongi,2026-06-12T08:00:00,Gazipur,Kapasia,24.11404,90.56148,violence,,5,8,4,gazipur,1,zone_alias
Daily Star,https://www.thedailystar.net/news/crime-justice/news/5-arrested-over-abduction-man-tongi-victim-recused-police-4155121,"5 arrested over abduction of man from Tongi, victim recused: Police",2026-06-12T08:00:00,Gazipur,Konabari,24.126097,90.472114,kidnapping,,5,8,4,gazipur,1,zone_alias
Daily Star,https://www.thedailystar.net/news/crime-justice/news/5-arrested-over-abduction-man-tongi-victim-recused-police-4155121,"5 arrested over abduction of man from Tongi, victim recused: Police",2026-06-12T08:00:00,Gazipur,Kaliakair,24.126097,90.472114,kidnapping,,5,8,4,gazipur,1,zone_alias
Daily Star,https://www.thedailystar.net/news/crime-justice/news/5-arrested-over-abduction-man-tongi-victim-recused-police-4155121,"5 arrested over abduction of man from Tongi, victim recused: Police",2026-06-12T08:00:00,Gazipur,Kapasia,24.11404,90.56148,kidnapping,,5,8,4,gazipur,1,zone_alias
Daily Star,https://www.thedailystar.net/news/crime-justice/news/nine-rescued-after-migrant-trawler-capsizes-andaman-sea-six-charged-trafficking-4154871,Nine rescued after migrant trawler capsizes in Andaman Sea; six charged with trafficking,2026-06-12T08:00:00,Chattogram,GEC Circle,22.3597,91.8215,kidnapping,15.0,5,8,4,Chattogram,0,district_fallback
Daily Star,https://www.thedailystar.net/news/crime-justice/news/drug-dispute-prior-enmity-led-mohammadpur-murder-police-4154816,"Drug dispute, prior enmity led to Mohammadpur murder: police",2026-06-12T08:00:00,Dhaka,Mohammadpur,23.7657,90.3589,murder,28.0,5,8,4,mohammadpur,2,zone_alias
Daily Star,https://www.thedailystar.net/news/crime-justice/news/drug-dispute-prior-enmity-led-mohammadpur-murder-police-4154816,"Drug dispute, prior enmity led to Mohammadpur murder: police",2026-06-12T08:00:00,Dhaka,Tejgaon,23.7631,90.4003,murder,28.0,5,8,4,tejgaon,2,zone_alias
Daily Star,https://www.thedailystar.net/news/crime-justice/news/drug-dispute-prior-enmity-led-mohammadpur-murder-police-4154816,"Drug dispute, prior enmity led to Mohammadpur murder: police",2026-06-12T08:00:00,Barishal,Chowmatha,22.70497,90.37013,murder,28.0,5,8,4,barishal,1,zone_alias
Daily Star,https://www.thedailystar.net/news/crime-justice/news/jcd-factional-clash-mmc-suspends-classes-exams-week-4154831,"JCD factional clash: MMC suspends classes, exams for a week",2026-06-12T08:00:00,Mymensingh,Mymensingh Medical College,24.7437,90.4075,violence,,5,8,4,mymensingh medical college,6,zone_alias
Daily Star,https://www.thedailystar.net/news/crime-justice/news/48hrs-after-pallabi-teacher-killing-cops-clueless-4154886,"48hrs after Pallabi teacher killing, cops clueless",2026-06-12T08:00:00,Kurigram,Bhurungamari,26.11982,89.6677,murder,68.0,5,8,4,kurigram,1,zone_alias
Daily Star,https://www.thedailystar.net/news/crime-justice/news/48hrs-after-pallabi-teacher-killing-cops-clueless-4154886,"48hrs after Pallabi teacher killing, cops clueless",2026-06-12T08:00:00,Kurigram,Chilmari,25.55613,89.67097,murder,68.0,5,8,4,kurigram,1,zone_alias
Daily Star,https://www.thedailystar.net/news/crime-justice/news/48hrs-after-pallabi-teacher-killing-cops-clueless-4154886,"48hrs after Pallabi teacher killing, cops clueless",2026-06-12T08:00:00,Kurigram,Rajarhat,25.760116,89.677476,murder,68.0,5,8,4,kurigram,1,zone_alias
Daily Star,https://www.thedailystar.net/news/crime-justice/news/man-sent-jail-over-post-chief-whip-4154901,Man sent to jail over post on chief whip,2026-06-12T08:00:00,Dhaka,Gulshan,23.7806,90.4167,sexual_violence,15.0,5,8,4,gulshan,2,zone_alias
Daily Star,https://www.thedailystar.net/news/crime-justice/news/manikganj-triple-murder-teen-held-no-case-filed-over-mob-killing-2-4154961,"Manikganj triple murder: Teen held, no case filed over mob killing of 2",2026-06-12T08:00:00,Manikganj,Manikganj Sadar,23.861743,90.00136,murder,15.0,5,8,4,manikganj sadar,5,zone_alias
Daily Star,https://www.thedailystar.net/news/crime-justice/news/manikganj-triple-murder-teen-held-no-case-filed-over-mob-killing-2-4154961,"Manikganj triple murder: Teen held, no case filed over mob killing of 2",2026-06-12T08:00:00,Manikganj,Beutha,23.84361,90.00256,murder,15.0,5,8,4,manikganj,1,zone_alias
Daily Star,https://www.thedailystar.net/news/crime-justice/news/manikganj-triple-murder-teen-held-no-case-filed-over-mob-killing-2-4154961,"Manikganj triple murder: Teen held, no case filed over mob killing of 2",2026-06-12T08:00:00,Manikganj,Ghior,23.89926,89.87138,murder,15.0,5,8,4,manikganj,1,zone_alias
Daily Star,https://www.thedailystar.net/news/crime-justice/news/neighbour-held-over-murder-6-year-old-brahmanbaria-4154621,Neighbour held over murder of 6-year-old in Brahmanbaria,2026-06-12T08:00:00,Brahmanbaria,Brahmanbaria Sadar,23.97464,91.11228,murder,6.0,5,8,4,brahmanbaria sadar,5,zone_alias
Daily Star,https://www.thedailystar.net/news/crime-justice/news/neighbour-held-over-murder-6-year-old-brahmanbaria-4154621,Neighbour held over murder of 6-year-old in Brahmanbaria,2026-06-12T08:00:00,Brahmanbaria,Ashuganj,23.944546,91.106189,murder,6.0,5,8,4,brahmanbaria,1,zone_alias
Daily Star,https://www.thedailystar.net/news/crime-justice/news/neighbour-held-over-murder-6-year-old-brahmanbaria-4154621,Neighbour held over murder of 6-year-old in Brahmanbaria,2026-06-12T08:00:00,Brahmanbaria,Kasba,22.989113,90.220702,murder,6.0,5,8,4,brahmanbaria,1,zone_alias
Daily Star,https://www.thedailystar.net/news/crime-justice/news/manikganj-triple-murder-teen-arrested-no-case-filed-over-mob-killing-2-4154521,"Manikganj triple murder: Teen arrested, no case filed over mob killing of 2",2026-06-12T08:00:00,Manikganj,Manikganj Sadar,23.861743,90.00136,murder,15.0,5,8,4,manikganj sadar,5,zone_alias
Daily Star,https://www.thedailystar.net/news/crime-justice/news/manikganj-triple-murder-teen-arrested-no-case-filed-over-mob-killing-2-4154521,"Manikganj triple murder: Teen arrested, no case filed over mob killing of 2",2026-06-12T08:00:00,Manikganj,Beutha,23.84361,90.00256,murder,15.0,5,8,4,manikganj,1,zone_alias
Daily Star,https://www.thedailystar.net/news/crime-justice/news/manikganj-triple-murder-teen-arrested-no-case-filed-over-mob-killing-2-4154521,"Manikganj triple murder: Teen arrested, no case filed over mob killing of 2",2026-06-12T08:00:00,Manikganj,Ghior,23.89926,89.87138,murder,15.0,5,8,4,manikganj,1,zone_alias
Daily Star,https://www.thedailystar.net/news/crime-justice/news/pirojpur-db-official-withdrawn-over-torture-allegation-probe-ordered-4154446,Pirojpur DB official withdrawn over torture allegation; probe ordered,2026-06-12T08:00:00,Pirojpur,Pirojpur Sadar,22.57965,89.97521,violence,,5,8,4,pirojpur sadar,5,zone_alias
Daily Star,https://www.thedailystar.net/news/crime-justice/news/pirojpur-db-official-withdrawn-over-torture-allegation-probe-ordered-4154446,Pirojpur DB official withdrawn over torture allegation; probe ordered,2026-06-12T08:00:00,Khulna,Khalishpur,22.85308,89.54427,violence,,5,8,4,khulna,1,zone_alias
Daily Star,https://www.thedailystar.net/news/crime-justice/news/pirojpur-db-official-withdrawn-over-torture-allegation-probe-ordered-4154446,Pirojpur DB official withdrawn over torture allegation; probe ordered,2026-06-12T08:00:00,Khulna,Boyra,22.82813,89.543382,violence,,5,8,4,khulna,1,zone_alias
Daily Star,https://www.thedailystar.net/news/crime-justice/news/mymensingh-medical-college-suspends-academic-activities-week-after-jcd-factional-clash-4154401,"JCD clash: MMC suspends classes, exams for a week",2026-06-12T08:00:00,Mymensingh,Mymensingh Medical College,24.7437,90.4075,violence,,5,8,4,mymensingh medical college,6,zone_alias
Daily Star,https://www.thedailystar.net/news/crime-justice/news/seven-idols-vandalised-habiganj-temple-4154351,Seven idols vandalised at Habiganj temple,2026-06-12T08:00:00,Habiganj,Madhabpur,24.62886,91.53974,suspicious_activity,15.0,3,8,4,madhabpur,2,zone_alias
Daily Star,https://www.thedailystar.net/news/crime-justice/news/seven-idols-vandalised-habiganj-temple-4154351,Seven idols vandalised at Habiganj temple,2026-06-12T08:00:00,Habiganj,Bahubal,24.38044,91.413,suspicious_activity,15.0,3,8,4,habiganj,1,zone_alias
Daily Star,https://www.thedailystar.net/news/crime-justice/news/seven-idols-vandalised-habiganj-temple-4154351,Seven idols vandalised at Habiganj temple,2026-06-12T08:00:00,Habiganj,Chunarughat,24.38044,91.413,suspicious_activity,15.0,3,8,4,habiganj,1,zone_alias
Daily Star,https://www.thedailystar.net/news/crime-justice/news/mob-attack-shahbagh-370-citizens-slam-police-inaction-4154181,Mob attack at Shahbagh: 370 citizens slam ‘police inaction’,2026-06-12T08:00:00,Dhaka,Shahbagh,23.738,90.3958,violence,,4,8,4,shahbagh,2,zone_alias
Daily Star,https://www.thedailystar.net/news/crime-justice/news/ensure-security-shrines-speakers-4154196,Ensure security at shrines: speakers,2026-06-12T08:00:00,Kushtia,Bheramara,24.02452,88.99234,murder,,5,8,4,kushtia,1,zone_alias
Daily Star,https://www.thedailystar.net/news/crime-justice/news/ensure-security-shrines-speakers-4154196,Ensure security at shrines: speakers,2026-06-12T08:00:00,Kushtia,Khoksa,23.9028,89.11943,murder,,5,8,4,kushtia,1,zone_alias
Daily Star,https://www.thedailystar.net/news/crime-justice/news/ensure-security-shrines-speakers-4154196,Ensure security at shrines: speakers,2026-06-12T08:00:00,Kushtia,Kumarkhali,23.86132,89.24197,murder,,5,8,4,kushtia,1,zone_alias
Daily Star,https://www.thedailystar.net/news/crime-justice/news/mob-kills-2-over-murder-child-4154071,Mob kills 2 over murder of child,2026-06-12T08:00:00,Manikganj,Manikganj Sadar,23.861743,90.00136,violence,16.0,5,8,4,manikganj sadar,5,zone_alias
Daily Star,https://www.thedailystar.net/news/crime-justice/news/mob-kills-2-over-murder-child-4154071,Mob kills 2 over murder of child,2026-06-12T08:00:00,Manikganj,Beutha,23.84361,90.00256,violence,16.0,5,8,4,manikganj,1,zone_alias
Daily Star,https://www.thedailystar.net/news/crime-justice/news/mob-kills-2-over-murder-child-4154071,Mob kills 2 over murder of child,2026-06-12T08:00:00,Manikganj,Ghior,23.89926,89.87138,violence,16.0,5,8,4,manikganj,1,zone_alias
Daily Star,https://www.thedailystar.net/news/crime-justice/news/updfs-youth-wing-leader-shot-dead-4154126,UPDF’s youth wing leader shot dead,2026-06-12T08:00:00,Rangamati,Rangamati Sadar,22.758512,92.240249,murder,,5,8,4,rangamati sadar,5,zone_alias
Daily Star,https://www.thedailystar.net/news/crime-justice/news/updfs-youth-wing-leader-shot-dead-4154126,UPDF’s youth wing leader shot dead,2026-06-12T08:00:00,Rangamati,Tabalchhari,22.758512,92.240249,murder,,5,8,4,rangamati,1,zone_alias
Daily Star,https://www.thedailystar.net/news/crime-justice/news/updfs-youth-wing-leader-shot-dead-4154126,UPDF’s youth wing leader shot dead,2026-06-12T08:00:00,Khagrachhari,Dighinala,23.177845,91.962337,murder,,5,8,4,khagrachhari,1,zone_alias
Daily Star,https://www.thedailystar.net/news/crime-justice/news/man-sent-jail-over-killing-stepson-dhakas-mirpur-4153921,Man sent to jail over killing stepson in Dhaka's Mirpur,2026-06-12T08:00:00,Dhaka,Sadarghat,23.7104,90.4074,suspicious_activity,30.0,3,8,4,Dhaka,0,district_fallback
Daily Star,https://www.thedailystar.net/news/crime-justice/news/370-citizens-condemn-police-inaction-over-shahbagh-mob-attack-4153906,370 citizens condemn police inaction over Shahbagh mob attack,2026-06-12T08:00:00,Dhaka,Shahbagh,23.738,90.3958,violence,,4,8,4,shahbagh,2,zone_alias
Daily Star,https://www.thedailystar.net/news/crime-justice/news/mainia-youth-forum-protests-attacks-mazars-dargahs-4153896,"Mainia Youth Forum protests attacks on mazars, dargahs",2026-06-12T08:00:00,Kushtia,Bheramara,24.02452,88.99234,violence,,4,8,4,kushtia,1,zone_alias
Daily Star,https://www.thedailystar.net/news/crime-justice/news/mainia-youth-forum-protests-attacks-mazars-dargahs-4153896,"Mainia Youth Forum protests attacks on mazars, dargahs",2026-06-12T08:00:00,Kushtia,Khoksa,23.9028,89.11943,violence,,4,8,4,kushtia,1,zone_alias
Daily Star,https://www.thedailystar.net/news/crime-justice/news/mainia-youth-forum-protests-attacks-mazars-dargahs-4153896,"Mainia Youth Forum protests attacks on mazars, dargahs",2026-06-12T08:00:00,Kushtia,Kumarkhali,23.86132,89.24197,violence,,4,8,4,kushtia,1,zone_alias
Daily Star,https://www.thedailystar.net/news/crime-justice/news/shopkeeper-stabbed-death-rajshahi-over-alleged-extortion-demand-4153716,Shopkeeper stabbed to death in Rajshahi over alleged extortion demand,2026-06-12T08:00:00,Rajshahi,Binodpur,24.37443,88.603999,violence,,5,8,4,rajshahi,1,zone_alias
Daily Star,https://www.thedailystar.net/news/crime-justice/news/shopkeeper-stabbed-death-rajshahi-over-alleged-extortion-demand-4153716,Shopkeeper stabbed to death in Rajshahi over alleged extortion demand,2026-06-12T08:00:00,Rajshahi,Kazla,24.364265,88.632816,violence,,5,8,4,rajshahi,1,zone_alias
Daily Star,https://www.thedailystar.net/news/crime-justice/news/manikganj-mob-attack-leaves-two-dead-after-murder-child-4153691,Manikganj mob attack leaves two dead after murder of child,2026-06-12T08:00:00,Manikganj,Manikganj Sadar,23.861743,90.00136,murder,15.0,5,8,4,manikganj sadar,5,zone_alias
Daily Star,https://www.thedailystar.net/news/crime-justice/news/manikganj-mob-attack-leaves-two-dead-after-murder-child-4153691,Manikganj mob attack leaves two dead after murder of child,2026-06-12T08:00:00,Manikganj,Beutha,23.84361,90.00256,murder,15.0,5,8,4,manikganj,1,zone_alias
Daily Star,https://www.thedailystar.net/news/crime-justice/news/manikganj-mob-attack-leaves-two-dead-after-murder-child-4153691,Manikganj mob attack leaves two dead after murder of child,2026-06-12T08:00:00,Manikganj,Ghior,23.89926,89.87138,murder,15.0,5,8,4,manikganj,1,zone_alias
Daily Star,https://www.thedailystar.net/news/crime-justice/news/updf-youth-leader-shot-dead-home-rangamati-4153651,UPDF youth leader shot dead at home in Rangamati,2026-06-12T08:00:00,Rangamati,Rangamati Sadar,22.758512,92.240249,violence,,5,8,4,rangamati sadar,5,zone_alias
Daily Star,https://www.thedailystar.net/news/crime-justice/news/updf-youth-leader-shot-dead-home-rangamati-4153651,UPDF youth leader shot dead at home in Rangamati,2026-06-12T08:00:00,Rangamati,Tabalchhari,22.758512,92.240249,violence,,5,8,4,rangamati,1,zone_alias
Daily Star,https://www.thedailystar.net/news/crime-justice/news/updf-youth-leader-shot-dead-home-rangamati-4153651,UPDF youth leader shot dead at home in Rangamati,2026-06-12T08:00:00,Khagrachhari,Dighinala,23.177845,91.962337,violence,,5,8,4,khagrachhari,1,zone_alias
Daily Star,https://www.thedailystar.net/news/crime-justice/news/four-detained-over-beribadh-murder-4153446,Four detained over Beribadh murder,2026-06-12T08:00:00,Dhaka,Mohammadpur,23.7657,90.3589,murder,28.0,5,8,4,mohammadpur,2,zone_alias
Daily Star,https://www.thedailystar.net/news/crime-justice/news/four-detained-over-beribadh-murder-4153446,Four detained over Beribadh murder,2026-06-12T08:00:00,Dhaka,Tejgaon,23.7631,90.4003,murder,28.0,5,8,4,tejgaon,2,zone_alias
Daily Star,https://www.thedailystar.net/news/crime-justice/news/college-student-dies-after-hurled-lift-shaft-4153526,College student dies after hurled into lift shaft,2026-06-12T08:00:00,Chattogram,Chawkbazar,22.3562,91.8372,violence,,5,8,4,chawkbazar,2,zone_alias
Daily Star,https://www.thedailystar.net/news/crime-justice/news/chattogram-court-grants-bail-chinmoy-krishna-das-one-case-4153341,Chattogram court grants bail to Chinmoy Krishna Das in one case,2026-06-12T08:00:00,Chattogram,GEC Circle,22.3597,91.8215,murder,,5,8,4,Chattogram,0,district_fallback
Daily Star,https://www.thedailystar.net/news/crime-justice/news/farmer-jailed-fined-killing-weaver-birds-destroying-nests-chattogram-4152851,"Farmer jailed, fined for killing weaver birds, destroying nests in Chattogram",2026-06-12T08:00:00,Chattogram,GEC Circle,22.3597,91.8215,suspicious_activity,,3,8,4,Chattogram,0,district_fallback
Daily Star,https://www.thedailystar.net/news/crime-justice/news/accused-multiple-cases-stabbed-death-mohammadpur-4152826,Accused in multiple cases stabbed to death in Mohammadpur,2026-06-12T08:00:00,Dhaka,Mohammadpur,23.7657,90.3589,murder,,5,8,4,mohammadpur,2,zone_alias
Daily Star,https://www.thedailystar.net/news/crime-justice/news/accused-multiple-cases-stabbed-death-mohammadpur-4152826,Accused in multiple cases stabbed to death in Mohammadpur,2026-06-12T08:00:00,Dhaka,Tejgaon,23.7631,90.4003,murder,,5,8,4,tejgaon,2,zone_alias
Daily Star,https://www.thedailystar.net/news/crime-justice/news/accused-multiple-cases-stabbed-death-mohammadpur-4152826,Accused in multiple cases stabbed to death in Mohammadpur,2026-06-12T08:00:00,Barishal,Chowmatha,22.70497,90.37013,murder,,5,8,4,barishal,1,zone_alias
Daily Star,https://www.thedailystar.net/news/crime-justice/news/they-filed-false-inquest-report-4152626,‘They filed a false inquest report’,2026-06-12T08:00:00,Dhaka,Shahbagh,23.738,90.3958,murder,23.0,5,8,4,shahbagh,2,zone_alias
Daily Star,https://www.thedailystar.net/news/crime-justice/news/they-filed-false-inquest-report-4152626,‘They filed a false inquest report’,2026-06-12T08:00:00,Dhaka,Khilgaon,23.7509,90.4253,murder,23.0,5,8,4,khilgaon,2,zone_alias
Daily Star,https://www.thedailystar.net/news/crime-justice/news/they-filed-false-inquest-report-4152626,‘They filed a false inquest report’,2026-06-12T08:00:00,Dhaka,Rampura,23.7639,90.4217,murder,23.0,5,8,4,rampura,2,zone_alias
Daily Star,https://www.thedailystar.net/news/crime-justice/news/pir-killing-jamaat-men-among-the-accused-4152616,Pir killing: Jamaat men among the accused,2026-06-12T08:00:00,Kushtia,Bheramara,24.02452,88.99234,violence,52.0,5,8,4,kushtia,1,zone_alias
Daily Star,https://www.thedailystar.net/news/crime-justice/news/pir-killing-jamaat-men-among-the-accused-4152616,Pir killing: Jamaat men among the accused,2026-06-12T08:00:00,Kushtia,Khoksa,23.9028,89.11943,violence,52.0,5,8,4,kushtia,1,zone_alias
Daily Star,https://www.thedailystar.net/news/crime-justice/news/pir-killing-jamaat-men-among-the-accused-4152616,Pir killing: Jamaat men among the accused,2026-06-12T08:00:00,Kushtia,Kumarkhali,23.86132,89.24197,violence,52.0,5,8,4,kushtia,1,zone_alias
Daily Star,https://www.thedailystar.net/news/crime-justice/news/jamalpur-al-leader-dies-jail-custody-4152556,Jamalpur AL leader dies in jail custody,2026-06-12T08:00:00,Jamalpur,Jamalpur General Hospital,24.933192,89.942218,suspicious_activity,,3,8,4,jamalpur general hospital,6,zone_alias
Daily Star,https://www.thedailystar.net/news/crime-justice/news/jamalpur-al-leader-dies-jail-custody-4152556,Jamalpur AL leader dies in jail custody,2026-06-12T08:00:00,Mymensingh,Mymensingh Medical College,24.7437,90.4075,suspicious_activity,,3,8,4,mymensingh medical college,6,zone_alias
Daily Star,https://www.thedailystar.net/news/crime-justice/news/jamalpur-al-leader-dies-jail-custody-4152556,Jamalpur AL leader dies in jail custody,2026-06-12T08:00:00,Mymensingh,Sadar Upazila,24.7539,90.4073,suspicious_activity,,3,8,4,sadar upazila,5,zone_alias
Daily Star,https://www.thedailystar.net/news/crime-justice/news/17-sps-promoted-additional-dig-4152126,17 SPs promoted to additional DIG,2026-06-12T08:00:00,Narayanganj,Chashara,23.62502,90.49684,suspicious_activity,,2,8,4,narayanganj,1,zone_alias
Daily Star,https://www.thedailystar.net/news/crime-justice/news/17-sps-promoted-additional-dig-4152126,17 SPs promoted to additional DIG,2026-06-12T08:00:00,Narayanganj,Fatullah,23.63816,90.49097,suspicious_activity,,2,8,4,narayanganj,1,zone_alias
Daily Star,https://www.thedailystar.net/news/crime-justice/news/17-sps-promoted-additional-dig-4152126,17 SPs promoted to additional DIG,2026-06-12T08:00:00,Narayanganj,Rupganj,23.61352,90.50298,suspicious_activity,,2,8,4,narayanganj,1,zone_alias
Daily Star,https://www.thedailystar.net/news/crime-justice/news/man-arrested-luring-women-social-media-assaulting-and-blackmailing-dmp-4152021,"Man arrested for luring women via social media, assaulting and blackmailing: DMP",2026-06-12T08:00:00,Dhaka,Wari,23.7115,90.4177,violence,30.0,4,8,4,wari,2,zone_alias
Daily Star,https://www.thedailystar.net/news/crime-justice/news/man-arrested-luring-women-social-media-assaulting-and-blackmailing-dmp-4152021,"Man arrested for luring women via social media, assaulting and blackmailing: DMP",2026-06-12T08:00:00,Dhaka,Jatrabari,23.7104,90.4349,violence,30.0,4,8,4,jatrabari,2,zone_alias
Daily Star,https://www.thedailystar.net/news/crime-justice/news/man-arrested-over-killing-two-month-old-daughter-chattogram-4151891,Father arrested over killing two-month-old daughter in Chattogram,2026-06-12T08:00:00,Chattogram,GEC Circle,22.3597,91.8215,murder,15.0,5,8,4,Chattogram,0,district_fallback
Daily Star,https://www.thedailystar.net/news/crime-justice/news/13-year-old-girl-raped-mirpur-4151781,13-year-old girl raped in Mirpur,2026-06-12T08:00:00,Dhaka,Sadarghat,23.7104,90.4074,sexual_violence,13.0,5,8,4,Dhaka,0,district_fallback
Daily Star,https://www.thedailystar.net/news/crime-justice/news/2-month-old-girl-allegedly-killed-father-ctg-4151661,2-month-old girl allegedly killed by father in Ctg,2026-06-12T08:00:00,Chattogram,GEC Circle,22.3597,91.8215,murder,15.0,5,8,4,Chattogram,0,district_fallback
Daily Star,https://www.thedailystar.net/news/crime-justice/news/13-year-old-girl-raped-dhakas-mirpur-4151616,13-year-old girl raped in Dhaka's Mirpur,2026-06-12T08:00:00,Dhaka,Sadarghat,23.7104,90.4074,sexual_violence,13.0,5,8,4,Dhaka,0,district_fallback
Daily Star,https://www.thedailystar.net/news/crime-justice/news/college-student-hacked-death-three-family-members-injured-jatrabari-attack-4151461,"College student hacked to death, three family members injured in Jatrabari attack",2026-06-12T08:00:00,Dhaka,Jatrabari,23.7104,90.4349,violence,20.0,5,8,4,jatrabari,2,zone_alias
Daily Star,https://www.thedailystar.net/news/crime-justice/news/pir-killing-brother-files-case-against-4-people-4151316,Pir Killing: Brother files case against 4 people,2026-06-12T08:00:00,Kushtia,Bheramara,24.02452,88.99234,violence,52.0,4,8,4,kushtia,1,zone_alias
Daily Star,https://www.thedailystar.net/news/crime-justice/news/pir-killing-brother-files-case-against-4-people-4151316,Pir Killing: Brother files case against 4 people,2026-06-12T08:00:00,Kushtia,Khoksa,23.9028,89.11943,violence,52.0,4,8,4,kushtia,1,zone_alias
Daily Star,https://www.thedailystar.net/news/crime-justice/news/pir-killing-brother-files-case-against-4-people-4151316,Pir Killing: Brother files case against 4 people,2026-06-12T08:00:00,Kushtia,Kumarkhali,23.86132,89.24197,violence,52.0,4,8,4,kushtia,1,zone_alias
Daily Star,https://www.thedailystar.net/news/crime-justice/news/one-held-over-rape-woman-bhola-4151096,One held over rape of woman in Bhola,2026-06-12T08:00:00,Noakhali,Chowmuhani,22.816467,91.121505,sexual_violence,15.0,5,8,4,noakhali,1,zone_alias
Daily Star,https://www.thedailystar.net/news/crime-justice/news/one-held-over-rape-woman-bhola-4151096,One held over rape of woman in Bhola,2026-06-12T08:00:00,Bhola,Borhanuddin,22.68759,90.64403,sexual_violence,15.0,5,8,4,bhola,1,zone_alias
Daily Star,https://www.thedailystar.net/news/crime-justice/news/one-held-over-rape-woman-bhola-4151096,One held over rape of woman in Bhola,2026-06-12T08:00:00,Bhola,Daulatkhan,22.68759,90.64403,sexual_violence,15.0,5,8,4,bhola,1,zone_alias
Daily Star,https://www.thedailystar.net/news/crime-justice/news/four-held-bgb-foils-illegal-border-crossings-sylhet-4150621,Four held as BGB foils illegal border crossings in Sylhet,2026-06-12T08:00:00,Narail,Kalia,23.043,89.63094,suspicious_activity,,2,8,4,kalia,2,zone_alias
Daily Star,https://www.thedailystar.net/news/crime-justice/news/four-held-bgb-foils-illegal-border-crossings-sylhet-4150621,Four held as BGB foils illegal border crossings in Sylhet,2026-06-12T08:00:00,Narail,Lakshmipasha,23.15509,89.49515,suspicious_activity,,2,8,4,narail,1,zone_alias
Daily Star,https://www.thedailystar.net/news/crime-justice/news/four-held-bgb-foils-illegal-border-crossings-sylhet-4150621,Four held as BGB foils illegal border crossings in Sylhet,2026-06-12T08:00:00,Jashore,Chanchra,23.168306,89.210408,suspicious_activity,,2,8,4,jashore,1,zone_alias
Daily Star,https://www.thedailystar.net/news/crime-justice/news/family-kushtias-slain-pir-says-no-case-be-filed-4150541,Family of Kushtia’s slain pir says no case to be filed,2026-06-12T08:00:00,Kushtia,Bheramara,24.02452,88.99234,violence,,4,8,4,kushtia,1,zone_alias
Daily Star,https://www.thedailystar.net/news/crime-justice/news/family-kushtias-slain-pir-says-no-case-be-filed-4150541,Family of Kushtia’s slain pir says no case to be filed,2026-06-12T08:00:00,Kushtia,Khoksa,23.9028,89.11943,violence,,4,8,4,kushtia,1,zone_alias
Daily Star,https://www.thedailystar.net/news/crime-justice/news/family-kushtias-slain-pir-says-no-case-be-filed-4150541,Family of Kushtia’s slain pir says no case to be filed,2026-06-12T08:00:00,Kushtia,Kumarkhali,23.86132,89.24197,violence,,4,8,4,kushtia,1,zone_alias
Daily Star,https://www.thedailystar.net/news/crime-justice/news/seven-arrested-over-tk-5-lakh-extortion-attempt-shyamoli-hospital-rab-4150491,Seven arrested over Tk 5 lakh extortion attempt at Shyamoli hospital: Rab,2026-06-12T08:00:00,Dhaka,Sadarghat,23.7104,90.4074,suspicious_activity,,3,8,4,Dhaka,0,district_fallback
Daily Star,https://www.thedailystar.net/news/crime-justice/news/masterminds-kushtia-pir-killing-identified-4150381,Masterminds in Kushtia pir killing identified,2026-06-12T08:00:00,Khulna,Khalishpur,22.85308,89.54427,violence,,5,8,4,khulna,1,zone_alias
Daily Star,https://www.thedailystar.net/news/crime-justice/news/masterminds-kushtia-pir-killing-identified-4150381,Masterminds in Kushtia pir killing identified,2026-06-12T08:00:00,Khulna,Boyra,22.82813,89.543382,violence,,5,8,4,khulna,1,zone_alias
Daily Star,https://www.thedailystar.net/news/crime-justice/news/masterminds-kushtia-pir-killing-identified-4150381,Masterminds in Kushtia pir killing identified,2026-06-12T08:00:00,Khulna,Gollamari,22.837283,89.540056,violence,,5,8,4,khulna,1,zone_alias
Daily Star,https://www.thedailystar.net/news/crime-justice/news/suspect-dies-after-dnc-raid-4150366,Suspect dies after DNC raid,2026-06-12T08:00:00,Magura,Arpara,23.405385,89.416036,violence,,5,8,4,magura,1,zone_alias
Daily Star,https://www.thedailystar.net/news/crime-justice/news/suspect-dies-after-dnc-raid-4150366,Suspect dies after DNC raid,2026-06-12T08:00:00,Magura,Langalbadh,23.666337,89.366377,violence,,5,8,4,magura,1,zone_alias
Daily Star,https://www.thedailystar.net/news/crime-justice/news/suspect-dies-after-dnc-raid-4150366,Suspect dies after DNC raid,2026-06-12T08:00:00,Magura,Shalikha,23.34,89.36,violence,,5,8,4,magura,1,zone_alias
Daily Star,https://www.thedailystar.net/news/crime-justice/news/july-uprising-case-ex-speaker-freed-bail-4150356,July uprising case: Ex-Speaker freed on bail,2026-06-12T08:00:00,Dhaka,Dhanmondi,23.7461,90.3742,violence,,5,8,4,dhanmondi,2,zone_alias
Daily Star,https://www.thedailystar.net/news/crime-justice/news/july-uprising-case-ex-speaker-freed-bail-4150356,July uprising case: Ex-Speaker freed on bail,2026-06-12T08:00:00,Dhaka,Lalbagh,23.7189,90.3881,violence,,5,8,4,lalbagh,2,zone_alias
Daily Star,https://www.thedailystar.net/news/crime-justice/news/july-uprising-case-ex-speaker-freed-bail-4150356,July uprising case: Ex-Speaker freed on bail,2026-06-12T08:00:00,Gazipur,Konabari,24.126097,90.472114,violence,,5,8,4,gazipur,1,zone_alias
Daily Star,https://www.thedailystar.net/news/crime-justice/news/rivals-stab-teen-gang-leader-death-4150351,Rivals stab teen gang leader to death,2026-06-12T08:00:00,Dhaka,Mohammadpur,23.7657,90.3589,murder,,5,8,4,mohammadpur,2,zone_alias
Daily Star,https://www.thedailystar.net/news/crime-justice/news/rivals-stab-teen-gang-leader-death-4150351,Rivals stab teen gang leader to death,2026-06-12T08:00:00,Dhaka,Tejgaon,23.7631,90.4003,murder,,5,8,4,tejgaon,2,zone_alias
Daily Star,https://www.thedailystar.net/news/crime-justice/news/local-bnp-leader-fined-tk-1-lakh-filing-false-assault-case-rajshahi-4150241,Local BNP leader fined Tk 1 lakh for filing false assault case Rajshahi,2026-06-12T08:00:00,Rajshahi,Binodpur,24.37443,88.603999,violence,,4,8,4,rajshahi,1,zone_alias
Daily Star,https://www.thedailystar.net/news/crime-justice/news/local-bnp-leader-fined-tk-1-lakh-filing-false-assault-case-rajshahi-4150241,Local BNP leader fined Tk 1 lakh for filing false assault case Rajshahi,2026-06-12T08:00:00,Rajshahi,Kazla,24.364265,88.632816,violence,,4,8,4,rajshahi,1,zone_alias
Daily Star,https://www.thedailystar.net/news/crime-justice/news/masterminds-kushtia-pir-killing-identified-say-law-enforcers-4149996,"Masterminds of Kushtia pir killing identified, say law enforcers",2026-06-12T08:00:00,Khulna,Khalishpur,22.85308,89.54427,violence,,5,8,4,khulna,1,zone_alias
Daily Star,https://www.thedailystar.net/news/crime-justice/news/masterminds-kushtia-pir-killing-identified-say-law-enforcers-4149996,"Masterminds of Kushtia pir killing identified, say law enforcers",2026-06-12T08:00:00,Khulna,Boyra,22.82813,89.543382,violence,,5,8,4,khulna,1,zone_alias
Daily Star,https://www.thedailystar.net/news/crime-justice/news/masterminds-kushtia-pir-killing-identified-say-law-enforcers-4149996,"Masterminds of Kushtia pir killing identified, say law enforcers",2026-06-12T08:00:00,Khulna,Gollamari,22.837283,89.540056,violence,,5,8,4,khulna,1,zone_alias
Daily Star,https://www.thedailystar.net/news/crime-justice/news/rights-groups-political-parties-condemn-mob-killing-kushtia-pir-4149956,"Rights groups, political parties condemn mob killing of Kushtia pir",2026-06-12T08:00:00,Kushtia,Bheramara,24.02452,88.99234,violence,,4,8,4,kushtia,1,zone_alias
Daily Star,https://www.thedailystar.net/news/crime-justice/news/rights-groups-political-parties-condemn-mob-killing-kushtia-pir-4149956,"Rights groups, political parties condemn mob killing of Kushtia pir",2026-06-12T08:00:00,Kushtia,Khoksa,23.9028,89.11943,violence,,4,8,4,kushtia,1,zone_alias
Daily Star,https://www.thedailystar.net/news/crime-justice/news/rights-groups-political-parties-condemn-mob-killing-kushtia-pir-4149956,"Rights groups, political parties condemn mob killing of Kushtia pir",2026-06-12T08:00:00,Kushtia,Kumarkhali,23.86132,89.24197,violence,,4,8,4,kushtia,1,zone_alias
Daily Star,https://www.thedailystar.net/news/crime-justice/news/tati-dal-leader-hacked-death-khulna-4149801,Tati Dal leader hacked to death in Khulna,2026-06-12T08:00:00,Khulna,Khulna Medical College,22.828592,89.537411,violence,,5,8,4,khulna medical college,6,zone_alias
Daily Star,https://www.thedailystar.net/news/crime-justice/news/tati-dal-leader-hacked-death-khulna-4149801,Tati Dal leader hacked to death in Khulna,2026-06-12T08:00:00,Khulna,Khalishpur,22.85308,89.54427,violence,,5,8,4,khalishpur,2,zone_alias
Daily Star,https://www.thedailystar.net/news/crime-justice/news/tati-dal-leader-hacked-death-khulna-4149801,Tati Dal leader hacked to death in Khulna,2026-06-12T08:00:00,Khulna,Boyra,22.82813,89.543382,violence,,5,8,4,khulna,1,zone_alias
Daily Star,https://www.thedailystar.net/news/crime-justice/news/650-extortionists-listed-nationwide-4149621,‘650 extortionists listed nationwide’,2026-06-12T08:00:00,Brahmanbaria,Kasba,22.989113,90.220702,kidnapping,,5,8,4,kasba,2,zone_alias
Daily Star,https://www.thedailystar.net/news/crime-justice/news/650-extortionists-listed-nationwide-4149621,‘650 extortionists listed nationwide’,2026-06-12T08:00:00,Narayanganj,Sonargaon,23.65,90.61667,kidnapping,,5,8,4,sonargaon,2,zone_alias
Daily Star,https://www.thedailystar.net/news/crime-justice/news/650-extortionists-listed-nationwide-4149621,‘650 extortionists listed nationwide’,2026-06-12T08:00:00,Narayanganj,Chashara,23.62502,90.49684,kidnapping,,5,8,4,narayanganj,1,zone_alias
Daily Star,https://www.thedailystar.net/news/crime-justice/news/two-found-dead-thakurgaon-4149591,Two found dead in Thakurgaon,2026-06-12T08:00:00,Thakurgaon,Thakurgaon Sadar,26.03097,88.46989,suspicious_activity,,3,8,4,thakurgaon sadar,5,zone_alias
Daily Star,https://www.thedailystar.net/news/crime-justice/news/two-found-dead-thakurgaon-4149591,Two found dead in Thakurgaon,2026-06-12T08:00:00,Thakurgaon,Baliadangi,26.03097,88.46989,suspicious_activity,,3,8,4,thakurgaon,1,zone_alias
Daily Star,https://www.thedailystar.net/news/crime-justice/news/two-found-dead-thakurgaon-4149591,Two found dead in Thakurgaon,2026-06-12T08:00:00,Thakurgaon,Ranisankail,25.89085,88.26495,suspicious_activity,,3,8,4,thakurgaon,1,zone_alias
Daily Star,https://www.thedailystar.net/news/crime-justice/news/bura-gauranga-riverbank-being-grabbed-ice-plant-4149586,Bura Gauranga riverbank being grabbed for ice plant,2026-06-12T08:00:00,Barishal,Chowmatha,22.70497,90.37013,suspicious_activity,,2,8,4,barishal,1,zone_alias
Daily Star,https://www.thedailystar.net/news/crime-justice/news/bura-gauranga-riverbank-being-grabbed-ice-plant-4149586,Bura Gauranga riverbank being grabbed for ice plant,2026-06-12T08:00:00,Barishal,Amanatganj,22.730897,90.377817,suspicious_activity,,2,8,4,barishal,1,zone_alias
Daily Star,https://www.thedailystar.net/news/crime-justice/news/bura-gauranga-riverbank-being-grabbed-ice-plant-4149586,Bura Gauranga riverbank being grabbed for ice plant,2026-06-12T08:00:00,Barishal,Kashipur,22.85057,90.56703,suspicious_activity,,2,8,4,barishal,1,zone_alias
Daily Star,https://www.thedailystar.net/news/crime-justice/news/two-girls-raped-two-districts-4149576,Two girls raped in two districts,2026-06-12T08:00:00,Kushtia,Bheramara,24.02452,88.99234,sexual_violence,7.0,5,8,4,kushtia,1,zone_alias
Daily Star,https://www.thedailystar.net/news/crime-justice/news/two-girls-raped-two-districts-4149576,Two girls raped in two districts,2026-06-12T08:00:00,Kushtia,Khoksa,23.9028,89.11943,sexual_violence,7.0,5,8,4,kushtia,1,zone_alias
Daily Star,https://www.thedailystar.net/news/crime-justice/news/two-girls-raped-two-districts-4149576,Two girls raped in two districts,2026-06-12T08:00:00,Kushtia,Kumarkhali,23.86132,89.24197,sexual_violence,7.0,5,8,4,kushtia,1,zone_alias
Daily Star,https://www.thedailystar.net/news/crime-justice/news/39-die-custody-first-3-months-2026-hrss-report-4149566,39 die in custody in first 3 months of 2026: HRSS report,2026-06-12T08:00:00,Dinajpur,Dinajpur Medical College,25.609708,88.657449,sexual_violence,15.0,5,8,4,dinajpur medical college,6,zone_alias
Daily Star,https://www.thedailystar.net/news/crime-justice/news/39-die-custody-first-3-months-2026-hrss-report-4149566,39 die in custody in first 3 months of 2026: HRSS report,2026-06-12T08:00:00,Dinajpur,Birampur,25.38909,88.99331,sexual_violence,15.0,5,8,4,dinajpur,1,zone_alias
Daily Star,https://www.thedailystar.net/news/crime-justice/news/39-die-custody-first-3-months-2026-hrss-report-4149566,39 die in custody in first 3 months of 2026: HRSS report,2026-06-12T08:00:00,Dinajpur,Kaharol,25.62745,88.63779,sexual_violence,15.0,5,8,4,dinajpur,1,zone_alias
Daily Star,https://www.thedailystar.net/news/crime-justice/news/mob-hacks-pir-death-kushtia-4149171,Mob hacks pir to death in Kushtia,2026-06-12T08:00:00,Kushtia,Bheramara,24.02452,88.99234,violence,,5,8,4,kushtia,1,zone_alias
Daily Star,https://www.thedailystar.net/news/crime-justice/news/mob-hacks-pir-death-kushtia-4149171,Mob hacks pir to death in Kushtia,2026-06-12T08:00:00,Kushtia,Khoksa,23.9028,89.11943,violence,,5,8,4,kushtia,1,zone_alias
Daily Star,https://www.thedailystar.net/news/crime-justice/news/mob-hacks-pir-death-kushtia-4149171,Mob hacks pir to death in Kushtia,2026-06-12T08:00:00,Kushtia,Kumarkhali,23.86132,89.24197,violence,,5,8,4,kushtia,1,zone_alias
Daily Star,https://www.thedailystar.net/news/crime-justice/news/left-student-groups-du-protest-mob-attacks-kushtia-shahbagh-4149476,"Left student groups at DU protest mob attacks in Kushtia, Shahbagh",2026-06-12T08:00:00,Dhaka,Shahbagh,23.738,90.3958,violence,15.0,5,8,4,shahbagh,2,zone_alias
Daily Star,https://www.thedailystar.net/news/crime-justice/news/left-student-groups-du-protest-mob-attacks-kushtia-shahbagh-4149476,"Left student groups at DU protest mob attacks in Kushtia, Shahbagh",2026-06-12T08:00:00,Kushtia,Bheramara,24.02452,88.99234,violence,15.0,5,8,4,kushtia,1,zone_alias
Daily Star,https://www.thedailystar.net/news/crime-justice/news/left-student-groups-du-protest-mob-attacks-kushtia-shahbagh-4149476,"Left student groups at DU protest mob attacks in Kushtia, Shahbagh",2026-06-12T08:00:00,Kushtia,Khoksa,23.9028,89.11943,violence,15.0,5,8,4,kushtia,1,zone_alias
Daily Star,https://www.thedailystar.net/news/crime-justice/news/rab-drafts-list-650-alleged-extortionists-nationwide-4149136,Rab drafts list of 650 alleged extortionists nationwide,2026-06-12T08:00:00,Chattogram,Patenga,22.2359,91.7918,murder,,5,8,4,patenga,2,zone_alias
Daily Star,https://www.thedailystar.net/news/crime-justice/news/rab-drafts-list-650-alleged-extortionists-nationwide-4149136,Rab drafts list of 650 alleged extortionists nationwide,2026-06-12T08:00:00,Brahmanbaria,Kasba,22.989113,90.220702,murder,,5,8,4,kasba,2,zone_alias
Daily Star,https://www.thedailystar.net/news/crime-justice/news/rab-drafts-list-650-alleged-extortionists-nationwide-4149136,Rab drafts list of 650 alleged extortionists nationwide,2026-06-12T08:00:00,Narayanganj,Sonargaon,23.65,90.61667,murder,,5,8,4,sonargaon,2,zone_alias
Daily Star,https://www.thedailystar.net/news/crime-justice/news/police-arrest-108-separate-drives-across-dhaka-4148921,Police arrest 108 in separate drives across Dhaka,2026-06-12T08:00:00,Dhaka,Jatrabari,23.7104,90.4349,suspicious_activity,,2,8,4,jatrabari,2,zone_alias
Daily Star,https://www.thedailystar.net/news/crime-justice/news/police-arrest-108-separate-drives-across-dhaka-4148921,Police arrest 108 in separate drives across Dhaka,2026-06-12T08:00:00,Dhaka,Tejgaon,23.7631,90.4003,suspicious_activity,,2,8,4,tejgaon,2,zone_alias
Daily Star,https://www.thedailystar.net/news/crime-justice/news/man-jailed-illegal-sand-extraction-dhalai-river-moulvibazar-4148886,Man jailed for illegal sand extraction from Dhalai river in Moulvibazar,2026-06-12T08:00:00,Moulvibazar,Kamalganj,24.481265,91.858094,suspicious_activity,,2,8,4,kamalganj,2,zone_alias
Daily Star,https://www.thedailystar.net/news/crime-justice/news/man-jailed-illegal-sand-extraction-dhalai-river-moulvibazar-4148886,Man jailed for illegal sand extraction from Dhalai river in Moulvibazar,2026-06-12T08:00:00,Moulvibazar,Barlekha,24.481265,91.858094,suspicious_activity,,2,8,4,moulvibazar,1,zone_alias
Daily Star,https://www.thedailystar.net/news/crime-justice/news/man-jailed-illegal-sand-extraction-dhalai-river-moulvibazar-4148886,Man jailed for illegal sand extraction from Dhalai river in Moulvibazar,2026-06-12T08:00:00,Moulvibazar,Juri,24.531019,92.230029,suspicious_activity,,2,8,4,moulvibazar,1,zone_alias
Daily Star,https://www.thedailystar.net/news/crime-justice/news/schoolgirl-found-unconscious-classroom-4148821,Schoolgirl found unconscious in classroom,2026-06-12T08:00:00,Kushtia,Bheramara,24.02452,88.99234,sexual_violence,11.0,5,8,4,kushtia,1,zone_alias
Daily Star,https://www.thedailystar.net/news/crime-justice/news/schoolgirl-found-unconscious-classroom-4148821,Schoolgirl found unconscious in classroom,2026-06-12T08:00:00,Kushtia,Khoksa,23.9028,89.11943,sexual_violence,11.0,5,8,4,kushtia,1,zone_alias
Daily Star,https://www.thedailystar.net/news/crime-justice/news/schoolgirl-found-unconscious-classroom-4148821,Schoolgirl found unconscious in classroom,2026-06-12T08:00:00,Kushtia,Kumarkhali,23.86132,89.24197,sexual_violence,11.0,5,8,4,kushtia,1,zone_alias
Daily Star,https://www.thedailystar.net/news/crime-justice/news/idol-furniture-vandalised-temples-4148806,"Idol, furniture vandalised at temples",2026-06-12T08:00:00,Chattogram,GEC Circle,22.3597,91.8215,violence,,4,8,4,Chattogram,0,district_fallback
Daily Star,https://www.thedailystar.net/news/crime-justice/news/luring-family-card-faridpur-man-arrested-over-rape-4148801,Luring with ‘family card’: Faridpur man arrested over rape,2026-06-12T08:00:00,Faridpur,Goalchamot,23.5936,89.8201,sexual_violence,43.0,5,8,4,faridpur,1,zone_alias
Daily Star,https://www.thedailystar.net/news/crime-justice/news/luring-family-card-faridpur-man-arrested-over-rape-4148801,Luring with ‘family card’: Faridpur man arrested over rape,2026-06-12T08:00:00,Faridpur,Bhanga,23.60612,89.84064,sexual_violence,43.0,5,8,4,faridpur,1,zone_alias
Daily Star,https://www.thedailystar.net/news/crime-justice/news/luring-family-card-faridpur-man-arrested-over-rape-4148801,Luring with ‘family card’: Faridpur man arrested over rape,2026-06-12T08:00:00,Faridpur,Boalmari,23.39212,89.68308,sexual_violence,43.0,5,8,4,faridpur,1,zone_alias
Daily Star,https://www.thedailystar.net/news/crime-justice/news/bangladeshi-shot-dead-indian-khasis-4148711,Bangladeshi shot dead by Indian Khasis,2026-06-12T08:00:00,Sylhet,Ambarkhana,24.897194,91.87024,murder,,5,8,4,sylhet,1,zone_alias
Daily Star,https://www.thedailystar.net/news/crime-justice/news/bangladeshi-shot-dead-indian-khasis-4148711,Bangladeshi shot dead by Indian Khasis,2026-06-12T08:00:00,Sylhet,Tilagor,24.896191,91.899531,murder,,5,8,4,sylhet,1,zone_alias
Daily Star,https://www.thedailystar.net/news/crime-justice/news/bangladeshi-shot-dead-indian-khasis-4148711,Bangladeshi shot dead by Indian Khasis,2026-06-12T08:00:00,Sylhet,Zindabazar,24.89904,91.87198,murder,,5,8,4,sylhet,1,zone_alias
Daily Star,https://www.thedailystar.net/news/crime-justice/news/4-assaulted-azadi-andolon-shahbagh-4148701,4 assaulted by ‘Azadi Andolon’ in Shahbagh,2026-06-12T08:00:00,Dhaka,Shahbagh,23.738,90.3958,violence,,5,8,4,shahbagh,2,zone_alias
Daily Star,https://www.thedailystar.net/news/crime-justice/news/thakurgaon-youth-killed-south-africa-4148696,Thakurgaon youth killed in South Africa,2026-06-12T08:00:00,Thakurgaon,Baliadangi,26.03097,88.46989,murder,,5,8,4,thakurgaon,1,zone_alias
Daily Star,https://www.thedailystar.net/news/crime-justice/news/thakurgaon-youth-killed-south-africa-4148696,Thakurgaon youth killed in South Africa,2026-06-12T08:00:00,Thakurgaon,Ranisankail,25.89085,88.26495,murder,,5,8,4,thakurgaon,1,zone_alias
Daily Star,https://www.thedailystar.net/news/crime-justice/news/thakurgaon-youth-killed-south-africa-4148696,Thakurgaon youth killed in South Africa,2026-06-12T08:00:00,Thakurgaon,Ruhia,26.03097,88.46989,murder,,5,8,4,thakurgaon,1,zone_alias
Daily Star,https://www.thedailystar.net/news/crime-justice/news/4-including-women-assaulted-shahbagh-attack-4148601,"4, including women, assaulted in Shahbagh attack",2026-06-12T08:00:00,Dhaka,Shahbagh,23.738,90.3958,violence,,5,8,4,shahbagh,2,zone_alias
Daily Star,https://www.thedailystar.net/news/crime-justice/news/idol-furniture-found-vandalised-rangunia-temples-4148541,"Idol, furniture found vandalised at Rangunia temples",2026-06-12T08:00:00,Chattogram,GEC Circle,22.3597,91.8215,violence,,4,8,4,Chattogram,0,district_fallback
Daily Star,https://www.thedailystar.net/news/crime-justice/news/schoolgirl-found-unconscious-classroom-kushtia-sexual-assault-suspected-4148451,Schoolgirl found unconscious in classroom in Kushtia; sexual assault suspected,2026-06-12T08:00:00,Kushtia,Bheramara,24.02452,88.99234,sexual_violence,11.0,5,8,4,kushtia,1,zone_alias
Daily Star,https://www.thedailystar.net/news/crime-justice/news/schoolgirl-found-unconscious-classroom-kushtia-sexual-assault-suspected-4148451,Schoolgirl found unconscious in classroom in Kushtia; sexual assault suspected,2026-06-12T08:00:00,Kushtia,Khoksa,23.9028,89.11943,sexual_violence,11.0,5,8,4,kushtia,1,zone_alias
Daily Star,https://www.thedailystar.net/news/crime-justice/news/schoolgirl-found-unconscious-classroom-kushtia-sexual-assault-suspected-4148451,Schoolgirl found unconscious in classroom in Kushtia; sexual assault suspected,2026-06-12T08:00:00,Kushtia,Kumarkhali,23.86132,89.24197,sexual_violence,11.0,5,8,4,kushtia,1,zone_alias
Daily Star,https://www.thedailystar.net/news/crime-justice/news/21-shot-dead-50-injured-khulna-three-months-4148131,"21 shot dead, 50 injured in Khulna in three months",2026-06-12T08:00:00,Khulna,Khulna Medical College,22.828592,89.537411,murder,,5,8,4,khulna medical college,6,zone_alias
Daily Star,https://www.thedailystar.net/news/crime-justice/news/21-shot-dead-50-injured-khulna-three-months-4148131,"21 shot dead, 50 injured in Khulna in three months",2026-06-12T08:00:00,Khulna,Boyra,22.82813,89.543382,murder,,5,8,4,boyra,2,zone_alias
Daily Star,https://www.thedailystar.net/news/crime-justice/news/21-shot-dead-50-injured-khulna-three-months-4148131,"21 shot dead, 50 injured in Khulna in three months",2026-06-12T08:00:00,Khulna,Khalishpur,22.85308,89.54427,murder,,5,8,4,khulna,1,zone_alias
Daily Star,https://www.thedailystar.net/news/crime-justice/news/2-sentenced-hang-3-get-life-abu-sayed-killing-4148106,"2 sentenced to hang, 3 get life in Abu Sayed killing",2026-06-12T08:00:00,Rangpur,Paira Chattar,25.98605,88.64031,murder,,5,8,4,Rangpur,0,district_fallback
Daily Star,https://www.thedailystar.net/news/crime-justice/news/he-clung-his-mother-toddler-allegedly-killed-father-domestic-violence-incident-4147821,‘He clung to his mother’: Toddler allegedly killed by father in domestic violence incident,2026-06-12T08:00:00,Chattogram,GEC Circle,22.3597,91.8215,murder,15.0,5,8,4,Chattogram,0,district_fallback
Daily Star,https://www.thedailystar.net/news/crime-justice/news/minor-among-3-shot-clash-over-jhut-trade-narayanganj-4147631,Minor among 3 shot in clash over jhut trade in Narayanganj,2026-06-12T08:00:00,Narayanganj,Fatullah,23.63816,90.49097,violence,15.0,5,8,4,fatullah narayanganj,4,zone_alias
Daily Star,https://www.thedailystar.net/news/crime-justice/news/minor-among-3-shot-clash-over-jhut-trade-narayanganj-4147631,Minor among 3 shot in clash over jhut trade in Narayanganj,2026-06-12T08:00:00,Narayanganj,Chashara,23.62502,90.49684,violence,15.0,5,8,4,narayanganj,1,zone_alias
Daily Star,https://www.thedailystar.net/news/crime-justice/news/minor-among-3-shot-clash-over-jhut-trade-narayanganj-4147631,Minor among 3 shot in clash over jhut trade in Narayanganj,2026-06-12T08:00:00,Narayanganj,Rupganj,23.61352,90.50298,violence,15.0,5,8,4,narayanganj,1,zone_alias
Daily Star,https://www.thedailystar.net/news/crime-justice/news/hadi-murder-prime-accused-faisal-karim-jailed-10-years-arms-case-4147496,Hadi murder prime accused Faisal Karim jailed 10 years in arms case,2026-06-12T08:00:00,Dhaka,Paltan,23.7362,90.4142,murder,,5,8,4,paltan,2,zone_alias
Daily Star,https://www.thedailystar.net/news/crime-justice/news/some-convicted-accused-make-aggressive-gestures-shout-joy-bangla-after-abu-sayed-killing-verdict-4147491,"Some convicts make aggressive gestures, shout ‘Joy Bangla’ after Abu Sayed killing verdict",2026-06-12T08:00:00,Dhaka,Sadarghat,23.7104,90.4074,suspicious_activity,,2,8,4,Dhaka,0,district_fallback
Daily Star,https://www.thedailystar.net/news/crime-justice/news/some-convicted-accused-make-aggressive-gestures-shout-joy-bangla-after-abu-sayed-killing-verdict-4147491,"Some convicts make aggressive gestures, shout ‘Joy Bangla’ after Abu Sayed killing verdict",2026-06-12T08:00:00,Rangpur,Paira Chattar,25.98605,88.64031,suspicious_activity,,2,8,4,Rangpur,0,district_fallback
Daily Star,https://www.thedailystar.net/news/crime-justice/news/two-ex-cops-sentenced-death-abu-sayed-killing-case-4147461,Two ex-cops to be hanged in Abu Sayed killing case,2026-06-12T08:00:00,Dhaka,Sadarghat,23.7104,90.4074,murder,,5,8,4,Dhaka,0,district_fallback
Daily Star,https://www.thedailystar.net/news/crime-justice/news/two-ex-cops-sentenced-death-abu-sayed-killing-case-4147461,Two ex-cops to be hanged in Abu Sayed killing case,2026-06-12T08:00:00,Rangpur,Paira Chattar,25.98605,88.64031,murder,,5,8,4,Rangpur,0,district_fallback
Daily Star,https://www.thedailystar.net/news/crime-justice/news/man-hacked-death-allegedly-rival-group-sitakunda-4147451,Man hacked to death allegedly by rival group in Sitakunda,2026-06-12T08:00:00,Chattogram,GEC Circle,22.3597,91.8215,kidnapping,,5,8,4,Chattogram,0,district_fallback
Daily Star,https://www.thedailystar.net/news/crime-justice/news/we-want-the-highest-punishment-abu-sayeds-family-ahead-verdict-4147411,‘We want the highest punishment’: Abu Sayed’s family ahead of verdict,2026-06-12T08:00:00,Dhaka,Sadarghat,23.7104,90.4074,murder,,5,8,4,Dhaka,0,district_fallback
Daily Star,https://www.thedailystar.net/news/crime-justice/news/we-want-the-highest-punishment-abu-sayeds-family-ahead-verdict-4147411,‘We want the highest punishment’: Abu Sayed’s family ahead of verdict,2026-06-12T08:00:00,Rangpur,Paira Chattar,25.98605,88.64031,murder,,5,8,4,Rangpur,0,district_fallback
Daily Star,https://www.thedailystar.net/news/crime-justice/news/teen-accused-raping-10-yr-old-4147271,Teen accused of raping 10-yr-old,2026-06-12T08:00:00,Netrokona,Purbadhala,24.94077,90.60025,sexual_violence,17.0,5,8,4,purbadhala,2,zone_alias
Daily Star,https://www.thedailystar.net/news/crime-justice/news/teen-accused-raping-10-yr-old-4147271,Teen accused of raping 10-yr-old,2026-06-12T08:00:00,Netrokona,Mokterpara,24.871384,90.732886,sexual_violence,17.0,5,8,4,netrokona,1,zone_alias
Daily Star,https://www.thedailystar.net/news/crime-justice/news/teen-accused-raping-10-yr-old-4147271,Teen accused of raping 10-yr-old,2026-06-12T08:00:00,Netrokona,Kalmakanda,25.00108,90.80773,sexual_violence,17.0,5,8,4,netrokona,1,zone_alias
Daily Star,https://www.thedailystar.net/news/crime-justice/news/abu-sayed-killing-tribunal-deliver-verdict-today-4147246,Abu Sayed killing: Tribunal to deliver verdict today,2026-06-12T08:00:00,Rangpur,Paira Chattar,25.98605,88.64031,murder,,5,8,4,Rangpur,0,district_fallback
Daily Star,https://www.thedailystar.net/news/crime-justice/news/police-recover-bodies-13-slaughtered-horses-4147231,Police recover bodies of 13 slaughtered horses,2026-06-12T08:00:00,Munshiganj,Gazaria,23.17886,89.97853,suspicious_activity,,2,8,4,gazaria,2,zone_alias
Daily Star,https://www.thedailystar.net/news/crime-justice/news/police-recover-bodies-13-slaughtered-horses-4147231,Police recover bodies of 13 slaughtered horses,2026-06-12T08:00:00,Gazipur,Konabari,24.126097,90.472114,suspicious_activity,,2,8,4,gazipur,1,zone_alias
Daily Star,https://www.thedailystar.net/news/crime-justice/news/police-recover-bodies-13-slaughtered-horses-4147231,Police recover bodies of 13 slaughtered horses,2026-06-12T08:00:00,Dinajpur,Birampur,25.38909,88.99331,suspicious_activity,,2,8,4,dinajpur,1,zone_alias
Daily Star,https://www.thedailystar.net/news/crime-justice/news/faridpur-man-accused-raping-widow-4147221,Faridpur man accused of raping widow,2026-06-12T08:00:00,Faridpur,Faridpur Medical College,23.588129,89.835258,sexual_violence,35.0,5,8,4,faridpur medical college,6,zone_alias
Daily Star,https://www.thedailystar.net/news/crime-justice/news/faridpur-man-accused-raping-widow-4147221,Faridpur man accused of raping widow,2026-06-12T08:00:00,Faridpur,Faridpur Sadar,23.60612,89.84064,sexual_violence,35.0,5,8,4,faridpur sadar,5,zone_alias
Daily Star,https://www.thedailystar.net/news/crime-justice/news/faridpur-man-accused-raping-widow-4147221,Faridpur man accused of raping widow,2026-06-12T08:00:00,Faridpur,Goalchamot,23.5936,89.8201,sexual_violence,35.0,5,8,4,faridpur,1,zone_alias
Daily Star,https://www.thedailystar.net/news/crime-justice/news/ict-1-issues-arrest-warrant-against-ex-bcl-leader-over-contempt-court-4146951,ICT‑1 issues arrest warrant against ex‑BCL leader over contempt of court,2026-06-12T08:00:00,Dhaka,Uttara,23.8724,90.3953,suspicious_activity,,2,8,4,uttara,2,zone_alias
Daily Star,https://www.thedailystar.net/news/crime-justice/news/dhaka-court-denies-bail-emi-third-time-anti-terrorism-case-4146881,Dhaka court denies bail to Emi for third time in anti-terrorism case,2026-06-12T08:00:00,Dhaka,Shahbagh,23.738,90.3958,suspicious_activity,,2,8,4,shahbagh,2,zone_alias
Daily Star,https://www.thedailystar.net/news/crime-justice/news/case-filed-against-17-year-old-over-raping-10-year-old-boy-netrokona-4146846,Case filed against 17-year-old over raping 10-year-old boy in Netrokona,2026-06-12T08:00:00,Netrokona,Purbadhala,24.94077,90.60025,sexual_violence,17.0,5,8,4,purbadhala,2,zone_alias
Daily Star,https://www.thedailystar.net/news/crime-justice/news/case-filed-against-17-year-old-over-raping-10-year-old-boy-netrokona-4146846,Case filed against 17-year-old over raping 10-year-old boy in Netrokona,2026-06-12T08:00:00,Netrokona,Mokterpara,24.871384,90.732886,sexual_violence,17.0,5,8,4,netrokona,1,zone_alias
Daily Star,https://www.thedailystar.net/news/crime-justice/news/case-filed-against-17-year-old-over-raping-10-year-old-boy-netrokona-4146846,Case filed against 17-year-old over raping 10-year-old boy in Netrokona,2026-06-12T08:00:00,Netrokona,Kalmakanda,25.00108,90.80773,sexual_violence,17.0,5,8,4,netrokona,1,zone_alias
Daily Star,https://www.thedailystar.net/news/crime-justice/news/sc-upholds-hc-bail-journalist-anis-alamgir-anti-terrorism-case-4146581,SC upholds HC bail for journalist Anis Alamgir in anti-terrorism case,2026-06-12T08:00:00,Dhaka,Dhanmondi,23.7461,90.3742,suspicious_activity,,2,8,4,dhanmondi,2,zone_alias
Daily Star,https://www.thedailystar.net/news/crime-justice/news/sc-upholds-hc-bail-journalist-anis-alamgir-anti-terrorism-case-4146581,SC upholds HC bail for journalist Anis Alamgir in anti-terrorism case,2026-06-12T08:00:00,Dhaka,Uttara,23.8724,90.3953,suspicious_activity,,2,8,4,uttara,2,zone_alias
Daily Star,https://www.thedailystar.net/news/crime-justice/news/no-bail-no-remand-shirin-sharmin-4146201,"No bail, no remand for Shirin Sharmin",2026-06-12T08:00:00,Dhaka,Dhanmondi,23.7461,90.3742,murder,60.0,5,8,4,dhanmondi,2,zone_alias
Daily Star,https://www.thedailystar.net/news/crime-justice/news/no-bail-no-remand-shirin-sharmin-4146201,"No bail, no remand for Shirin Sharmin",2026-06-12T08:00:00,Dhaka,Lalbagh,23.7189,90.3881,murder,60.0,5,8,4,lalbagh,2,zone_alias
Daily Star,https://www.thedailystar.net/news/crime-justice/news/local-bnp-leader-alleges-abduction-and-torture-mps-house-naogaon-4145791,Local BNP leader alleges abduction and torture at MP’s house in Naogaon,2026-06-12T08:00:00,Naogaon,Naogaon Sadar Hospital,24.913015,88.753215,violence,,5,8,4,naogaon sadar hospital,6,zone_alias
Daily Star,https://www.thedailystar.net/news/crime-justice/news/local-bnp-leader-alleges-abduction-and-torture-mps-house-naogaon-4145791,Local BNP leader alleges abduction and torture at MP’s house in Naogaon,2026-06-12T08:00:00,Naogaon,Naogaon Sadar,24.88294,88.807071,violence,,5,8,4,naogaon sadar,5,zone_alias
Daily Star,https://www.thedailystar.net/news/crime-justice/news/local-bnp-leader-alleges-abduction-and-torture-mps-house-naogaon-4145791,Local BNP leader alleges abduction and torture at MP’s house in Naogaon,2026-06-12T08:00:00,Naogaon,Manda,24.915542,88.727758,violence,,5,8,4,manda,2,zone_alias
Daily Star,https://www.thedailystar.net/news/crime-justice/news/db-seeks-two-day-remand-ex-speaker-shirin-attempted-murder-case-4145716,Ex-speaker Shirin sent to jail in attempted murder case,2026-06-12T08:00:00,Dhaka,Dhanmondi,23.7461,90.3742,murder,,5,8,4,dhanmondi,2,zone_alias
Daily Star,https://www.thedailystar.net/news/crime-justice/news/db-seeks-two-day-remand-ex-speaker-shirin-attempted-murder-case-4145716,Ex-speaker Shirin sent to jail in attempted murder case,2026-06-12T08:00:00,Dhaka,Lalbagh,23.7189,90.3881,murder,,5,8,4,lalbagh,2,zone_alias
Daily Star,https://www.thedailystar.net/news/crime-justice/news/lt-gen-retd-masud-four-day-remand-july-uprising-case-4145711,Lt Gen (retd) Masud on four-day remand in July uprising case,2026-06-12T08:00:00,Dhaka,Paltan,23.7362,90.4142,suspicious_activity,,3,8,4,paltan,2,zone_alias
Daily Star,https://www.thedailystar.net/news/crime-justice/news/lt-gen-retd-masud-four-day-remand-july-uprising-case-4145711,Lt Gen (retd) Masud on four-day remand in July uprising case,2026-06-12T08:00:00,Dhaka,Mirpur 10,23.8067,90.3686,suspicious_activity,,3,8,4,mirpur-10,1,zone_alias
Daily Star,https://www.thedailystar.net/news/crime-justice/news/july-uprising-ict-2-issues-arrest-warrants-against-hasan-mahmud-nowfel-16-others-4145681,"July uprising: ICT-2 issues arrest warrants against Hasan Mahmud, Nowfel, 16 others",2026-06-12T08:00:00,Chattogram,GEC Circle,22.3597,91.8215,suspicious_activity,,2,8,4,Chattogram,0,district_fallback
Daily Star,https://www.thedailystar.net/news/crime-justice/news/former-speaker-shirin-sharmin-chaudhury-arrested-4145481,Former speaker Shirin Sharmin Chaudhury arrested in July uprising case,2026-06-12T08:00:00,Dhaka,Dhanmondi,23.7461,90.3742,suspicious_activity,,2,8,4,dhanmondi,2,zone_alias
Daily Star,https://www.thedailystar.net/news/crime-justice/news/former-speaker-shirin-sharmin-chaudhury-arrested-4145481,Former speaker Shirin Sharmin Chaudhury arrested in July uprising case,2026-06-12T08:00:00,Dhaka,Lalbagh,23.7189,90.3881,suspicious_activity,,2,8,4,lalbagh,2,zone_alias
Daily Star,https://www.thedailystar.net/news/crime-justice/news/tonu-murder-case-court-orders-dna-test-3-ex-army-men-4145456,Tonu Murder Case: Court orders DNA test of 3 ex-army men,2026-06-12T08:00:00,Cumilla,Cumilla Cantonment,23.4417,91.00987,murder,,5,8,4,cumilla cantonment,5,zone_alias
Daily Star,https://www.thedailystar.net/news/crime-justice/news/tonu-murder-case-court-orders-dna-test-3-ex-army-men-4145456,Tonu Murder Case: Court orders DNA test of 3 ex-army men,2026-06-12T08:00:00,Cumilla,Kandirpar,23.46186,91.18504,murder,,5,8,4,cumilla,1,zone_alias
Daily Star,https://www.thedailystar.net/news/crime-justice/news/tonu-murder-case-court-orders-dna-test-3-ex-army-men-4145456,Tonu Murder Case: Court orders DNA test of 3 ex-army men,2026-06-12T08:00:00,Cumilla,Burichang,23.5534,91.12901,murder,,5,8,4,cumilla,1,zone_alias
Daily Star,https://www.thedailystar.net/news/crime-justice/news/bangladeshi-shot-bsf-along-border-4145441,Bangladeshi shot by BSF along border,2026-06-12T08:00:00,Lalmonirhat,Patgram,26.34876,89.03518,violence,,5,8,4,patgram,2,zone_alias
Daily Star,https://www.thedailystar.net/news/crime-justice/news/bangladeshi-shot-bsf-along-border-4145441,Bangladeshi shot by BSF along border,2026-06-12T08:00:00,Lalmonirhat,Aditmari,25.92537,89.35502,violence,,5,8,4,lalmonirhat,1,zone_alias
Daily Star,https://www.thedailystar.net/news/crime-justice/news/bangladeshi-shot-bsf-along-border-4145441,Bangladeshi shot by BSF along border,2026-06-12T08:00:00,Lalmonirhat,Hatibandha,26.12494,89.14081,violence,,5,8,4,lalmonirhat,1,zone_alias
Daily Star,https://www.thedailystar.net/news/crime-justice/news/cop-suspended-over-alleged-cash-exchange-dhaka-court-4145331,Cop suspended over alleged cash exchange at Dhaka court,2026-06-12T08:00:00,Dhaka,Mohammadpur,23.7657,90.3589,murder,,5,8,4,mohammadpur,2,zone_alias
Daily Star,https://www.thedailystar.net/news/crime-justice/news/enforced-disappearance-complaint-filed-ict-against-hasina-ex-dgfi-chief-mamun-4144931,"Enforced disappearance: Complaint filed at ICT against Hasina, ex-DGFI chief Mamun",2026-06-12T08:00:00,Dhaka,Sadarghat,23.7104,90.4074,suspicious_activity,,2,8,4,Dhaka,0,district_fallback
Daily Star,https://www.thedailystar.net/news/crime-justice/news/keraniganj-factory-fire-accused-placed-3-day-remand-4144881,Keraniganj factory fire: Accused placed on 3-day remand,2026-06-12T08:00:00,Dhaka,Sadarghat,23.7104,90.4074,murder,,5,8,4,Dhaka,0,district_fallback
Daily Star,https://www.thedailystar.net/news/crime-justice/news/65-year-old-man-sent-jail-over-remarks-islam-gazipur-4144861,65-year-old man sent to jail in Gazipur for 'hurting religious sentiment',2026-06-12T08:00:00,Gazipur,Sreepur,24.126097,90.472114,suspicious_activity,65.0,2,8,4,sreepur,2,zone_alias
Daily Star,https://www.thedailystar.net/news/crime-justice/news/65-year-old-man-sent-jail-over-remarks-islam-gazipur-4144861,65-year-old man sent to jail in Gazipur for 'hurting religious sentiment',2026-06-12T08:00:00,Gazipur,Konabari,24.126097,90.472114,suspicious_activity,65.0,2,8,4,gazipur,1,zone_alias
Daily Star,https://www.thedailystar.net/news/crime-justice/news/65-year-old-man-sent-jail-over-remarks-islam-gazipur-4144861,65-year-old man sent to jail in Gazipur for 'hurting religious sentiment',2026-06-12T08:00:00,Gazipur,Kaliakair,24.126097,90.472114,suspicious_activity,65.0,2,8,4,gazipur,1,zone_alias
Daily Star,https://www.thedailystar.net/news/crime-justice/news/tonu-murder-io-seeks-court-permission-dna-cross-match-4144846,Tonu murder: IO seeks court permission for DNA cross-match,2026-06-12T08:00:00,Cumilla,Cumilla Medical College,23.770271,90.36068,murder,,5,8,4,cumilla medical college,6,zone_alias
Daily Star,https://www.thedailystar.net/news/crime-justice/news/tonu-murder-io-seeks-court-permission-dna-cross-match-4144846,Tonu murder: IO seeks court permission for DNA cross-match,2026-06-12T08:00:00,Cumilla,Cumilla Cantonment,23.4417,91.00987,murder,,5,8,4,cumilla cantonment,5,zone_alias
Daily Star,https://www.thedailystar.net/news/crime-justice/news/tonu-murder-io-seeks-court-permission-dna-cross-match-4144846,Tonu murder: IO seeks court permission for DNA cross-match,2026-06-12T08:00:00,Cumilla,Kandirpar,23.46186,91.18504,murder,,5,8,4,cumilla,1,zone_alias
Daily Star,https://www.thedailystar.net/news/crime-justice/news/decomposed-body-missing-day-labourer-found-noakhali-4144801,Decomposed body of missing day labourer found in Noakhali,2026-06-12T08:00:00,Noakhali,Chatkhil,23.05241,90.97684,murder,32.0,5,8,4,chatkhil,2,zone_alias
Daily Star,https://www.thedailystar.net/news/crime-justice/news/decomposed-body-missing-day-labourer-found-noakhali-4144801,Decomposed body of missing day labourer found in Noakhali,2026-06-12T08:00:00,Noakhali,Chowmuhani,22.816467,91.121505,murder,32.0,5,8,4,noakhali,1,zone_alias
Daily Star,https://www.thedailystar.net/news/crime-justice/news/decomposed-body-missing-day-labourer-found-noakhali-4144801,Decomposed body of missing day labourer found in Noakhali,2026-06-12T08:00:00,Noakhali,Begumganj,23.0225,91.07472,murder,32.0,5,8,4,noakhali,1,zone_alias
Daily Star,https://www.thedailystar.net/news/crime-justice/news/5-sentenced-death-killing-college-student-ctg-2007-4144421,5 sentenced to death for killing college student in Ctg in 2007,2026-06-12T08:00:00,Chattogram,GEC Circle,22.3597,91.8215,murder,,5,8,4,gec intersection,4,zone_alias
Daily Star,https://www.thedailystar.net/news/crime-justice/news/5-sentenced-death-killing-college-student-ctg-2007-4144421,5 sentenced to death for killing college student in Ctg in 2007,2026-06-12T08:00:00,Chattogram,Kotwali,22.3371,91.8376,murder,,5,8,4,kotwali,2,zone_alias
Daily Star,https://www.thedailystar.net/news/crime-justice/news/ctg-police-arrest-youth-accused-fraud-using-names-pm-home-minister-4144286,"Ctg police arrest youth accused of fraud using names of PM, home minister",2026-06-12T08:00:00,Chattogram,GEC Circle,22.3597,91.8215,sexual_violence,,5,8,4,Chattogram,0,district_fallback
Daily Star,https://www.thedailystar.net/news/crime-justice/news/mobile-courts-fine-tk-6-lakh-gas-cylinder-hoarding-overpricing-gazipur-4143956,"Mobile courts fine Tk 6 lakh for gas cylinder hoarding, overpricing in Gazipur",2026-06-12T08:00:00,Gazipur,Konabari,24.126097,90.472114,suspicious_activity,,2,8,4,gazipur,1,zone_alias
Daily Star,https://www.thedailystar.net/news/crime-justice/news/mobile-courts-fine-tk-6-lakh-gas-cylinder-hoarding-overpricing-gazipur-4143956,"Mobile courts fine Tk 6 lakh for gas cylinder hoarding, overpricing in Gazipur",2026-06-12T08:00:00,Gazipur,Kaliakair,24.126097,90.472114,suspicious_activity,,2,8,4,gazipur,1,zone_alias
Daily Star,https://www.thedailystar.net/news/crime-justice/news/mobile-courts-fine-tk-6-lakh-gas-cylinder-hoarding-overpricing-gazipur-4143956,"Mobile courts fine Tk 6 lakh for gas cylinder hoarding, overpricing in Gazipur",2026-06-12T08:00:00,Gazipur,Kapasia,24.11404,90.56148,suspicious_activity,,2,8,4,gazipur,1,zone_alias
Daily Star,https://www.thedailystar.net/news/crime-justice/news/four-bystanders-injured-criminals-open-fire-rivals-ctgs-bakalia-4143921,Four bystanders injured as criminals open fire on rivals in Ctg’s Bakalia,2026-06-12T08:00:00,Chattogram,GEC Circle,22.3597,91.8215,violence,12.0,5,8,4,Chattogram,0,district_fallback
Daily Star,https://www.thedailystar.net/news/crime-justice/news/18-killed-912-injured-political-violence-last-month-hrss-4143841,"18 killed, 912 injured in political violence last month: HRSS",2026-06-12T08:00:00,Rajshahi,Rajshahi Medical College,24.372,88.586397,sexual_violence,32.0,5,8,4,rajshahi medical college,6,zone_alias
Daily Star,https://www.thedailystar.net/news/crime-justice/news/18-killed-912-injured-political-violence-last-month-hrss-4143841,"18 killed, 912 injured in political violence last month: HRSS",2026-06-12T08:00:00,Munshiganj,Tongibari,23.53395,90.484545,sexual_violence,32.0,5,8,4,munshiganj,1,zone_alias
Daily Star,https://www.thedailystar.net/news/crime-justice/news/18-killed-912-injured-political-violence-last-month-hrss-4143841,"18 killed, 912 injured in political violence last month: HRSS",2026-06-12T08:00:00,Munshiganj,Gazaria,23.17886,89.97853,sexual_violence,32.0,5,8,4,munshiganj,1,zone_alias
Daily Star,https://www.thedailystar.net/news/crime-justice/news/aminul-murder-14-years-family-waits-justice-4143801,"Aminul Murder: 14 years on, family waits for justice",2026-06-12T08:00:00,Tangail,Ghatail,24.46667,89.96667,murder,,5,8,4,ghatail tangail,4,zone_alias
Daily Star,https://www.thedailystar.net/news/crime-justice/news/aminul-murder-14-years-family-waits-justice-4143801,"Aminul Murder: 14 years on, family waits for justice",2026-06-12T08:00:00,Tangail,Kalihati,24.39246,89.99215,murder,,5,8,4,tangail,1,zone_alias
Daily Star,https://www.thedailystar.net/news/crime-justice/news/aminul-murder-14-years-family-waits-justice-4143801,"Aminul Murder: 14 years on, family waits for justice",2026-06-12T08:00:00,Tangail,Madhupur,24.61186,90.03149,murder,,5,8,4,tangail,1,zone_alias
Daily Star,https://www.thedailystar.net/news/crime-justice/news/crime-boss-boro-sazzads-deputy-held-chattogram-4143781,Crime boss Boro Sazzad’s deputy held in Chattogram,2026-06-12T08:00:00,Chattogram,Akbar Shah,22.3802,91.7758,murder,,5,8,4,akbar shah,5,zone_alias
Daily Star,https://www.thedailystar.net/news/crime-justice/news/crime-boss-boro-sazzads-deputy-held-chattogram-4143781,Crime boss Boro Sazzad’s deputy held in Chattogram,2026-06-12T08:00:00,Chattogram,Bayezid,22.3905,91.8225,murder,,5,8,4,bayezid bostami,4,zone_alias
Daily Star,https://www.thedailystar.net/news/crime-justice/news/crime-boss-boro-sazzads-deputy-held-chattogram-4143781,Crime boss Boro Sazzad’s deputy held in Chattogram,2026-06-12T08:00:00,Chattogram,Chawkbazar,22.3562,91.8372,murder,,5,8,4,chawkbazar,2,zone_alias
Daily Star,https://www.thedailystar.net/news/crime-justice/news/death-following-c-section-sparks-vandalism-dinajpur-clinic-4143711,Death following C-section sparks vandalism at Dinajpur clinic,2026-06-12T08:00:00,Dinajpur,Kaharol,25.62745,88.63779,suspicious_activity,15.0,3,8,4,kaharol,2,zone_alias
Daily Star,https://www.thedailystar.net/news/crime-justice/news/death-following-c-section-sparks-vandalism-dinajpur-clinic-4143711,Death following C-section sparks vandalism at Dinajpur clinic,2026-06-12T08:00:00,Dinajpur,Birampur,25.38909,88.99331,suspicious_activity,15.0,3,8,4,dinajpur,1,zone_alias
Daily Star,https://www.thedailystar.net/news/crime-justice/news/death-following-c-section-sparks-vandalism-dinajpur-clinic-4143711,Death following C-section sparks vandalism at Dinajpur clinic,2026-06-12T08:00:00,Dinajpur,Parbatipur,25.66369,88.93093,suspicious_activity,15.0,3,8,4,dinajpur,1,zone_alias
Daily Star,https://www.thedailystar.net/news/crime-justice/news/youth-beaten-death-over-theft-suspicion-4143696,Youth beaten to death over theft suspicion,2026-06-12T08:00:00,Khulna,Khulna Medical College,22.828592,89.537411,violence,,5,8,4,khulna medical college,6,zone_alias
Daily Star,https://www.thedailystar.net/news/crime-justice/news/youth-beaten-death-over-theft-suspicion-4143696,Youth beaten to death over theft suspicion,2026-06-12T08:00:00,Gopalganj,Kashiani,23.01018,89.83278,violence,,5,8,4,kashiani,2,zone_alias
Daily Star,https://www.thedailystar.net/news/crime-justice/news/youth-beaten-death-over-theft-suspicion-4143696,Youth beaten to death over theft suspicion,2026-06-12T08:00:00,Khulna,Khalishpur,22.85308,89.54427,violence,,5,8,4,khulna,1,zone_alias
Daily Star,https://www.thedailystar.net/news/crime-justice/news/dinajpur-livestock-officer-sent-jail-rape-case-4143471,Dinajpur livestock officer sent to jail in rape case,2026-06-12T08:00:00,Dinajpur,Birampur,25.38909,88.99331,sexual_violence,,5,8,4,dinajpur,1,zone_alias
Daily Star,https://www.thedailystar.net/news/crime-justice/news/dinajpur-livestock-officer-sent-jail-rape-case-4143471,Dinajpur livestock officer sent to jail in rape case,2026-06-12T08:00:00,Dinajpur,Kaharol,25.62745,88.63779,sexual_violence,,5,8,4,dinajpur,1,zone_alias
Daily Star,https://www.thedailystar.net/news/crime-justice/news/dinajpur-livestock-officer-sent-jail-rape-case-4143471,Dinajpur livestock officer sent to jail in rape case,2026-06-12T08:00:00,Dinajpur,Parbatipur,25.66369,88.93093,sexual_violence,,5,8,4,dinajpur,1,zone_alias
Daily Star,https://www.thedailystar.net/news/crime-justice/news/knife-held-3-yr-olds-throat-during-sylhet-auto-rickshaw-robbery-4143376,Knife held to 3-yr-old’s throat during Sylhet auto-rickshaw robbery,2026-06-12T08:00:00,Sylhet,Ambarkhana,24.897194,91.87024,robbery,,4,8,4,ambarkhana,2,zone_alias
Daily Star,https://www.thedailystar.net/news/crime-justice/news/knife-held-3-yr-olds-throat-during-sylhet-auto-rickshaw-robbery-4143376,Knife held to 3-yr-old’s throat during Sylhet auto-rickshaw robbery,2026-06-12T08:00:00,Sylhet,Tilagor,24.896191,91.899531,robbery,,4,8,4,sylhet,1,zone_alias
Daily Star,https://www.thedailystar.net/news/crime-justice/news/knife-held-3-yr-olds-throat-during-sylhet-auto-rickshaw-robbery-4143376,Knife held to 3-yr-old’s throat during Sylhet auto-rickshaw robbery,2026-06-12T08:00:00,Sylhet,Zindabazar,24.89904,91.87198,robbery,,4,8,4,sylhet,1,zone_alias
Daily Star,https://www.thedailystar.net/news/crime-justice/news/teen-sent-jail-over-rape-minor-dinajpur-4143331,Teen sent to jail over rape of minor in Dinajpur,2026-06-12T08:00:00,Dinajpur,Dinajpur Medical College,25.609708,88.657449,sexual_violence,19.0,5,8,4,dinajpur medical college,6,zone_alias
Daily Star,https://www.thedailystar.net/news/crime-justice/news/teen-sent-jail-over-rape-minor-dinajpur-4143331,Teen sent to jail over rape of minor in Dinajpur,2026-06-12T08:00:00,Dinajpur,Birampur,25.38909,88.99331,sexual_violence,19.0,5,8,4,dinajpur,1,zone_alias
Daily Star,https://www.thedailystar.net/news/crime-justice/news/teen-sent-jail-over-rape-minor-dinajpur-4143331,Teen sent to jail over rape of minor in Dinajpur,2026-06-12T08:00:00,Dinajpur,Kaharol,25.62745,88.63779,sexual_violence,19.0,5,8,4,dinajpur,1,zone_alias
Daily Star,https://www.thedailystar.net/news/crime-justice/news/boro-sazzads-second-command-arrested-ctg-4143316,Boro Sazzad’s ‘second-in-command’ arrested in Ctg,2026-06-12T08:00:00,Chattogram,Akbar Shah,22.3802,91.7758,murder,,5,8,4,akbar shah,5,zone_alias
Daily Star,https://www.thedailystar.net/news/crime-justice/news/boro-sazzads-second-command-arrested-ctg-4143316,Boro Sazzad’s ‘second-in-command’ arrested in Ctg,2026-06-12T08:00:00,Chattogram,Bayezid,22.3905,91.8225,murder,,5,8,4,bayezid bostami,4,zone_alias
Daily Star,https://www.thedailystar.net/news/crime-justice/news/boro-sazzads-second-command-arrested-ctg-4143316,Boro Sazzad’s ‘second-in-command’ arrested in Ctg,2026-06-12T08:00:00,Chattogram,Chawkbazar,22.3562,91.8372,murder,,5,8,4,chawkbazar,2,zone_alias
Daily Star,https://www.thedailystar.net/news/crime-justice/news/youth-beaten-death-over-theft-suspicion-khulna-4143231,Youth beaten to death over theft suspicion in Khulna,2026-06-12T08:00:00,Khulna,Khulna Medical College,22.828592,89.537411,violence,,5,8,4,khulna medical college,6,zone_alias
Daily Star,https://www.thedailystar.net/news/crime-justice/news/youth-beaten-death-over-theft-suspicion-khulna-4143231,Youth beaten to death over theft suspicion in Khulna,2026-06-12T08:00:00,Gopalganj,Kashiani,23.01018,89.83278,violence,,5,8,4,kashiani,2,zone_alias
Daily Star,https://www.thedailystar.net/news/crime-justice/news/youth-beaten-death-over-theft-suspicion-khulna-4143231,Youth beaten to death over theft suspicion in Khulna,2026-06-12T08:00:00,Khulna,Khalishpur,22.85308,89.54427,violence,,5,8,4,khulna,1,zone_alias
Daily Star,https://www.thedailystar.net/news/crime-justice/news/clash-over-supremacy-faridpur-enters-2nd-day-cops-among-28-injured-4143156,Clash over ‘supremacy’ in Faridpur enters 2nd day; cops among 28 injured,2026-06-12T08:00:00,Faridpur,Faridpur Medical College,23.588129,89.835258,violence,15.0,5,8,4,faridpur medical college,6,zone_alias
Daily Star,https://www.thedailystar.net/news/crime-justice/news/clash-over-supremacy-faridpur-enters-2nd-day-cops-among-28-injured-4143156,Clash over ‘supremacy’ in Faridpur enters 2nd day; cops among 28 injured,2026-06-12T08:00:00,Faridpur,Bhanga,23.60612,89.84064,violence,15.0,5,8,4,bhanga,2,zone_alias
Daily Star,https://www.thedailystar.net/news/crime-justice/news/clash-over-supremacy-faridpur-enters-2nd-day-cops-among-28-injured-4143156,Clash over ‘supremacy’ in Faridpur enters 2nd day; cops among 28 injured,2026-06-12T08:00:00,Faridpur,Goalchamot,23.5936,89.8201,violence,15.0,5,8,4,faridpur,1,zone_alias
Daily Star,https://www.thedailystar.net/news/crime-justice/news/one-held-torturing-two-children-over-mobile-phone-theft-allegations-4143126,One held for ‘torturing two children’ over mobile phone theft allegations,2026-06-12T08:00:00,Gazipur,Konabari,24.126097,90.472114,violence,15.0,5,8,4,gazipur,1,zone_alias
Daily Star,https://www.thedailystar.net/news/crime-justice/news/one-held-torturing-two-children-over-mobile-phone-theft-allegations-4143126,One held for ‘torturing two children’ over mobile phone theft allegations,2026-06-12T08:00:00,Gazipur,Kaliakair,24.126097,90.472114,violence,15.0,5,8,4,gazipur,1,zone_alias
Daily Star,https://www.thedailystar.net/news/crime-justice/news/one-held-torturing-two-children-over-mobile-phone-theft-allegations-4143126,One held for ‘torturing two children’ over mobile phone theft allegations,2026-06-12T08:00:00,Gazipur,Kapasia,24.11404,90.56148,violence,15.0,5,8,4,gazipur,1,zone_alias
Daily Star,https://www.thedailystar.net/news/crime-justice/news/1600-litres-illegally-stored-diesel-seized-moulvibazar-drive-4143091,"1,600 litres of illegally stored diesel seized in Moulvibazar drive",2026-06-12T08:00:00,Moulvibazar,Kamalganj,24.481265,91.858094,suspicious_activity,,2,8,4,kamalganj,2,zone_alias
Daily Star,https://www.thedailystar.net/news/crime-justice/news/1600-litres-illegally-stored-diesel-seized-moulvibazar-drive-4143091,"1,600 litres of illegally stored diesel seized in Moulvibazar drive",2026-06-12T08:00:00,Moulvibazar,Barlekha,24.481265,91.858094,suspicious_activity,,2,8,4,moulvibazar,1,zone_alias
Daily Star,https://www.thedailystar.net/news/crime-justice/news/1600-litres-illegally-stored-diesel-seized-moulvibazar-drive-4143091,"1,600 litres of illegally stored diesel seized in Moulvibazar drive",2026-06-12T08:00:00,Moulvibazar,Juri,24.531019,92.230029,suspicious_activity,,2,8,4,moulvibazar,1,zone_alias
Daily Star,https://www.thedailystar.net/news/crime-justice/news/jcd-leader-hacked-death-pabna-4143011,JCD leader hacked to death in Pabna,2026-06-12T08:00:00,Pabna,Ishwardi,24.130775,89.064327,violence,,4,8,4,ishwardi,2,zone_alias
Daily Star,https://www.thedailystar.net/news/crime-justice/news/jcd-leader-hacked-death-pabna-4143011,JCD leader hacked to death in Pabna,2026-06-12T08:00:00,Pabna,Atgharia,24.48515,89.53493,violence,,4,8,4,pabna,1,zone_alias
Daily Star,https://www.thedailystar.net/news/crime-justice/news/jcd-leader-hacked-death-pabna-4143011,JCD leader hacked to death in Pabna,2026-06-12T08:00:00,Pabna,Bera,24.07821,89.63262,violence,,4,8,4,pabna,1,zone_alias
Daily Star,https://www.thedailystar.net/news/crime-justice/news/anti-hoarding-drive-1550-litres-fuel-seized-tk-10000-fine-imposed-4143006,"Anti-hoarding drive: 1,550 litres of fuel seized, Tk 10,000 fine imposed",2026-06-12T08:00:00,Chattogram,Dewanhat,22.3334,91.8177,suspicious_activity,,2,8,4,dewanhat,2,zone_alias
Daily Star,https://www.thedailystar.net/news/crime-justice/news/anti-hoarding-drive-1550-litres-fuel-seized-tk-10000-fine-imposed-4143006,"Anti-hoarding drive: 1,550 litres of fuel seized, Tk 10,000 fine imposed",2026-06-12T08:00:00,Noakhali,Subarnachar,22.81764,91.08945,suspicious_activity,,2,8,4,subarnachar,2,zone_alias
Daily Star,https://www.thedailystar.net/news/crime-justice/news/anti-hoarding-drive-1550-litres-fuel-seized-tk-10000-fine-imposed-4143006,"Anti-hoarding drive: 1,550 litres of fuel seized, Tk 10,000 fine imposed",2026-06-12T08:00:00,Patuakhali,Kalapara,21.98455,90.22969,suspicious_activity,,2,8,4,kalapara,2,zone_alias
Daily Star,https://www.thedailystar.net/news/crime-justice/news/woman-five-year-old-son-found-dead-home-4142946,"Woman, five-year-old son found dead at home",2026-06-12T08:00:00,Dhaka,Khilgaon,23.7509,90.4253,violence,15.0,5,8,4,khilgaon,2,zone_alias
Daily Star,https://www.thedailystar.net/news/crime-justice/news/garer-canal-gasps-under-encroachment-pollution-4142891,"Garer Canal gasps under encroachment, pollution",2026-06-12T08:00:00,Habiganj,Bahubal,24.38044,91.413,suspicious_activity,,2,8,4,habiganj,1,zone_alias
Daily Star,https://www.thedailystar.net/news/crime-justice/news/garer-canal-gasps-under-encroachment-pollution-4142891,"Garer Canal gasps under encroachment, pollution",2026-06-12T08:00:00,Habiganj,Chunarughat,24.38044,91.413,suspicious_activity,,2,8,4,habiganj,1,zone_alias
Daily Star,https://www.thedailystar.net/news/crime-justice/news/garer-canal-gasps-under-encroachment-pollution-4142891,"Garer Canal gasps under encroachment, pollution",2026-06-12T08:00:00,Habiganj,Lakhai,24.38044,91.413,suspicious_activity,,2,8,4,habiganj,1,zone_alias
Daily Star,https://www.thedailystar.net/news/crime-justice/news/bangladeshi-woman-killed-florida-4142846,Bangladeshi woman killed in Florida,2026-06-12T08:00:00,Lakshmipur,Chandragonj,22.9443,90.83005,violence,,5,8,4,lakshmipur,1,zone_alias
Daily Star,https://www.thedailystar.net/news/crime-justice/news/bangladeshi-woman-killed-florida-4142846,Bangladeshi woman killed in Florida,2026-06-12T08:00:00,Lakshmipur,Kamalnagar,22.9443,90.83005,violence,,5,8,4,lakshmipur,1,zone_alias
Daily Star,https://www.thedailystar.net/news/crime-justice/news/bangladeshi-woman-killed-florida-4142846,Bangladeshi woman killed in Florida,2026-06-12T08:00:00,Lakshmipur,Ramganj,23.1006,90.84989,violence,,5,8,4,lakshmipur,1,zone_alias
Daily Star,https://www.thedailystar.net/news/crime-justice/news/two-bodies-recovered-narsingdi-kishoreganj-4142776,"Two bodies recovered in Narsingdi, Kishoreganj",2026-06-12T08:00:00,Kishoreganj,Hossainpur,23.94328,90.7559,murder,,5,8,4,kishoreganj,1,zone_alias
Daily Star,https://www.thedailystar.net/news/crime-justice/news/two-bodies-recovered-narsingdi-kishoreganj-4142776,"Two bodies recovered in Narsingdi, Kishoreganj",2026-06-12T08:00:00,Kishoreganj,Karimganj,24.46778,90.87045,murder,,5,8,4,kishoreganj,1,zone_alias
Daily Star,https://www.thedailystar.net/news/crime-justice/news/two-bodies-recovered-narsingdi-kishoreganj-4142776,"Two bodies recovered in Narsingdi, Kishoreganj",2026-06-12T08:00:00,Kishoreganj,Katiadi,24.43944,90.78291,murder,,5,8,4,kishoreganj,1,zone_alias
Daily Star,https://www.thedailystar.net/news/crime-justice/news/man-beaten-protesting-stalking-daughter-lalmonirhat-two-arrested-4142711,"Man beaten for protesting stalking of daughter in Lalmonirhat, two arrested",2026-06-12T08:00:00,Rangpur,Rangpur Medical College,25.766614,89.234041,violence,15.0,5,8,4,rangpur medical college,6,zone_alias
Daily Star,https://www.thedailystar.net/news/crime-justice/news/man-beaten-protesting-stalking-daughter-lalmonirhat-two-arrested-4142711,"Man beaten for protesting stalking of daughter in Lalmonirhat, two arrested",2026-06-12T08:00:00,Lalmonirhat,Patgram,26.34876,89.03518,violence,15.0,5,8,4,patgram,2,zone_alias
Daily Star,https://www.thedailystar.net/news/crime-justice/news/man-beaten-protesting-stalking-daughter-lalmonirhat-two-arrested-4142711,"Man beaten for protesting stalking of daughter in Lalmonirhat, two arrested",2026-06-12T08:00:00,Lalmonirhat,Aditmari,25.92537,89.35502,violence,15.0,5,8,4,lalmonirhat,1,zone_alias
Daily Star,https://www.thedailystar.net/news/crime-justice/news/madrasa-teacher-sent-jail-over-attempted-rape-class-5-student-noakhali-4142686,Madrasa teacher sent to jail over attempted rape of class 5 student in Noakhali,2026-06-12T08:00:00,Noakhali,Chatkhil,23.05241,90.97684,sexual_violence,,5,8,4,chatkhil,2,zone_alias
Daily Star,https://www.thedailystar.net/news/crime-justice/news/madrasa-teacher-sent-jail-over-attempted-rape-class-5-student-noakhali-4142686,Madrasa teacher sent to jail over attempted rape of class 5 student in Noakhali,2026-06-12T08:00:00,Noakhali,Chowmuhani,22.816467,91.121505,sexual_violence,,5,8,4,noakhali,1,zone_alias
Daily Star,https://www.thedailystar.net/news/crime-justice/news/madrasa-teacher-sent-jail-over-attempted-rape-class-5-student-noakhali-4142686,Madrasa teacher sent to jail over attempted rape of class 5 student in Noakhali,2026-06-12T08:00:00,Noakhali,Begumganj,23.0225,91.07472,sexual_violence,,5,8,4,noakhali,1,zone_alias
Daily Star,https://www.thedailystar.net/news/crime-justice/news/16-year-old-held-over-involvement-neo-jmb-police-say-4142591,"16-year-old held over involvement with Neo-JMB, police say",2026-06-12T08:00:00,Habiganj,Bahubal,24.38044,91.413,suspicious_activity,16.0,3,8,4,habiganj,1,zone_alias
Daily Star,https://www.thedailystar.net/news/crime-justice/news/16-year-old-held-over-involvement-neo-jmb-police-say-4142591,"16-year-old held over involvement with Neo-JMB, police say",2026-06-12T08:00:00,Habiganj,Chunarughat,24.38044,91.413,suspicious_activity,16.0,3,8,4,habiganj,1,zone_alias
Daily Star,https://www.thedailystar.net/news/crime-justice/news/16-year-old-held-over-involvement-neo-jmb-police-say-4142591,"16-year-old held over involvement with Neo-JMB, police say",2026-06-12T08:00:00,Habiganj,Lakhai,24.38044,91.413,suspicious_activity,16.0,3,8,4,habiganj,1,zone_alias
Daily Star,https://www.thedailystar.net/news/crime-justice/news/bangladeshi-woman-killed-hammer-attack-florida-store-4142481,Bangladeshi woman killed in hammer attack at Florida store,2026-06-12T08:00:00,Lakshmipur,Chandragonj,22.9443,90.83005,violence,,5,8,4,lakshmipur,1,zone_alias
Daily Star,https://www.thedailystar.net/news/crime-justice/news/bangladeshi-woman-killed-hammer-attack-florida-store-4142481,Bangladeshi woman killed in hammer attack at Florida store,2026-06-12T08:00:00,Lakshmipur,Kamalnagar,22.9443,90.83005,violence,,5,8,4,lakshmipur,1,zone_alias
Daily Star,https://www.thedailystar.net/news/crime-justice/news/bangladeshi-woman-killed-hammer-attack-florida-store-4142481,Bangladeshi woman killed in hammer attack at Florida store,2026-06-12T08:00:00,Lakshmipur,Ramganj,23.1006,90.84989,violence,,5,8,4,lakshmipur,1,zone_alias
Daily Star,https://www.thedailystar.net/news/crime-justice/news/jamalpur-man-killed-over-family-feud-4142371,Jamalpur man killed over family feud,2026-06-12T08:00:00,Jamalpur,Jamalpur General Hospital,24.933192,89.942218,violence,,5,8,4,jamalpur general hospital,6,zone_alias
Daily Star,https://www.thedailystar.net/news/crime-justice/news/jamalpur-man-killed-over-family-feud-4142371,Jamalpur man killed over family feud,2026-06-12T08:00:00,Jamalpur,Jamalpur Sadar,24.91965,89.94812,violence,,5,8,4,jamalpur sadar,5,zone_alias
Daily Star,https://www.thedailystar.net/news/crime-justice/news/jamalpur-man-killed-over-family-feud-4142371,Jamalpur man killed over family feud,2026-06-12T08:00:00,Mymensingh,Sadar Upazila,24.7539,90.4073,violence,,5,8,4,sadar upazila,5,zone_alias
Daily Star,https://www.thedailystar.net/news/crime-justice/news/dmp-continues-drive-clear-footpaths-roads-4142286,"DMP continues drive to clear footpaths, roads",2026-06-12T08:00:00,Dhaka,Gulshan,23.7806,90.4167,suspicious_activity,,3,8,4,gulshan,2,zone_alias
Daily Star,https://www.thedailystar.net/news/crime-justice/news/dmp-continues-drive-clear-footpaths-roads-4142286,"DMP continues drive to clear footpaths, roads",2026-06-12T08:00:00,Dhaka,Mohammadpur,23.7657,90.3589,suspicious_activity,,3,8,4,mohammadpur,2,zone_alias
Daily Star,https://www.thedailystar.net/news/crime-justice/news/dmp-continues-drive-clear-footpaths-roads-4142286,"DMP continues drive to clear footpaths, roads",2026-06-12T08:00:00,Dhaka,Uttara,23.8724,90.3953,suspicious_activity,,3,8,4,uttara,2,zone_alias
Daily Star,https://www.thedailystar.net/news/crime-justice/news/crackdown-fuel-hoarding-intensifies-4142246,Crackdown on fuel hoarding intensifies,2026-06-12T08:00:00,Kurigram,Chilmari,25.55613,89.67097,suspicious_activity,,2,8,4,chilmari,2,zone_alias
Daily Star,https://www.thedailystar.net/news/crime-justice/news/crackdown-fuel-hoarding-intensifies-4142246,Crackdown on fuel hoarding intensifies,2026-06-12T08:00:00,Patuakhali,Kalapara,21.98455,90.22969,suspicious_activity,,2,8,4,kalapara,2,zone_alias
Daily Star,https://www.thedailystar.net/news/crime-justice/news/crackdown-fuel-hoarding-intensifies-4142246,Crackdown on fuel hoarding intensifies,2026-06-12T08:00:00,Sirajganj,Kazipur,23.98333,89.43333,suspicious_activity,,2,8,4,kazipur,2,zone_alias
Daily Star,https://www.thedailystar.net/news/crime-justice/news/he-said-hed-return-eat-he-never-did-4142241,‘He said he’d return to eat; he never did’,2026-06-12T08:00:00,Gazipur,Konabari,24.126097,90.472114,murder,52.0,5,8,4,gazipur,1,zone_alias
Daily Star,https://www.thedailystar.net/news/crime-justice/news/he-said-hed-return-eat-he-never-did-4142241,‘He said he’d return to eat; he never did’,2026-06-12T08:00:00,Bagerhat,Rampal,22.65657,89.79123,murder,52.0,5,8,4,bagerhat,1,zone_alias
Daily Star,https://www.thedailystar.net/news/crime-justice/news/he-said-hed-return-eat-he-never-did-4142241,‘He said he’d return to eat; he never did’,2026-06-12T08:00:00,Barguna,Amtali,22.29623,90.08884,murder,52.0,5,8,4,barguna,1,zone_alias
Daily Star,https://www.thedailystar.net/news/crime-justice/news/man-hacked-death-pabnas-ishwardi-4142176,Man hacked to death in Pabna’s Ishwardi,2026-06-12T08:00:00,Pabna,Ishwardi,24.130775,89.064327,violence,,4,8,4,ishwardi,2,zone_alias
Daily Star,https://www.thedailystar.net/news/crime-justice/news/man-hacked-death-pabnas-ishwardi-4142176,Man hacked to death in Pabna’s Ishwardi,2026-06-12T08:00:00,Pabna,Atgharia,24.48515,89.53493,violence,,4,8,4,pabna,1,zone_alias
Daily Star,https://www.thedailystar.net/news/crime-justice/news/man-hacked-death-pabnas-ishwardi-4142176,Man hacked to death in Pabna’s Ishwardi,2026-06-12T08:00:00,Pabna,Bera,24.07821,89.63262,violence,,4,8,4,pabna,1,zone_alias
Daily Star,https://www.thedailystar.net/news/crime-justice/news/indian-citizen-detained-diamonds-worth-tk-661-crore-jashore-bgb-4142016,Indian citizen detained with diamonds worth Tk 6.61 crore in Jashore: BGB,2026-06-12T08:00:00,Jashore,Jhikargacha,23.11134,89.09061,suspicious_activity,,2,8,4,jhikargacha,2,zone_alias
Daily Star,https://www.thedailystar.net/news/crime-justice/news/indian-citizen-detained-diamonds-worth-tk-661-crore-jashore-bgb-4142016,Indian citizen detained with diamonds worth Tk 6.61 crore in Jashore: BGB,2026-06-12T08:00:00,Jashore,Chanchra,23.168306,89.210408,suspicious_activity,,2,8,4,jashore,1,zone_alias
Daily Star,https://www.thedailystar.net/news/crime-justice/news/indian-citizen-detained-diamonds-worth-tk-661-crore-jashore-bgb-4142016,Indian citizen detained with diamonds worth Tk 6.61 crore in Jashore: BGB,2026-06-12T08:00:00,Jashore,Bagharpara,24.045958,90.032723,suspicious_activity,,2,8,4,jashore,1,zone_alias
Daily Star,https://www.thedailystar.net/news/crime-justice/news/2-arrested-over-rape-schoolgirl-4141456,2 arrested over rape of schoolgirl,2026-06-12T08:00:00,Jhenaidah,Maheshpur,23.35291,88.91222,sexual_violence,15.0,5,8,4,maheshpur,2,zone_alias
Daily Star,https://www.thedailystar.net/news/crime-justice/news/2-arrested-over-rape-schoolgirl-4141456,2 arrested over rape of schoolgirl,2026-06-12T08:00:00,Jhenaidah,Kotchandpur,23.502088,89.122619,sexual_violence,15.0,5,8,4,jhenaidah,1,zone_alias
Daily Star,https://www.thedailystar.net/news/crime-justice/news/2-arrested-over-rape-schoolgirl-4141456,2 arrested over rape of schoolgirl,2026-06-12T08:00:00,Jhenaidah,Shailkupa,23.68395,89.2422,sexual_violence,15.0,5,8,4,jhenaidah,1,zone_alias
Daily Star,https://www.thedailystar.net/news/crime-justice/news/2-arrested-over-rape-school-student-recording-the-act-jhenaidah-4141096,"2 arrested over rape of school student, recording the act in Jhenaidah",2026-06-12T08:00:00,Jhenaidah,Maheshpur,23.35291,88.91222,sexual_violence,15.0,5,8,4,maheshpur,2,zone_alias
Daily Star,https://www.thedailystar.net/news/crime-justice/news/2-arrested-over-rape-school-student-recording-the-act-jhenaidah-4141096,"2 arrested over rape of school student, recording the act in Jhenaidah",2026-06-12T08:00:00,Jhenaidah,Kotchandpur,23.502088,89.122619,sexual_violence,15.0,5,8,4,jhenaidah,1,zone_alias
Daily Star,https://www.thedailystar.net/news/crime-justice/news/2-arrested-over-rape-school-student-recording-the-act-jhenaidah-4141096,"2 arrested over rape of school student, recording the act in Jhenaidah",2026-06-12T08:00:00,Jhenaidah,Shailkupa,23.68395,89.2422,sexual_violence,15.0,5,8,4,jhenaidah,1,zone_alias
Daily Star,https://www.thedailystar.net/news/crime-justice/news/ict-takes-cognisance-charges-against-abul-hasnat-abdullah-over-2015-barishal-killings-4140091,ICT takes cognisance of charges against Abul Hasnat Abdullah over 2015 Barishal killings,2026-06-12T08:00:00,Barishal,Chowmatha,22.70497,90.37013,murder,,5,8,4,barishal,1,zone_alias
Daily Star,https://www.thedailystar.net/news/crime-justice/news/ict-takes-cognisance-charges-against-abul-hasnat-abdullah-over-2015-barishal-killings-4140091,ICT takes cognisance of charges against Abul Hasnat Abdullah over 2015 Barishal killings,2026-06-12T08:00:00,Barishal,Amanatganj,22.730897,90.377817,murder,,5,8,4,barishal,1,zone_alias
Daily Star,https://www.thedailystar.net/news/crime-justice/news/ict-takes-cognisance-charges-against-abul-hasnat-abdullah-over-2015-barishal-killings-4140091,ICT takes cognisance of charges against Abul Hasnat Abdullah over 2015 Barishal killings,2026-06-12T08:00:00,Barishal,Kashipur,22.85057,90.56703,murder,,5,8,4,barishal,1,zone_alias
Daily Star,https://www.thedailystar.net/news/crime-justice/news/murder-case-filed-naming-251-over-nasirnagar-clash-4139986,Murder case filed naming 261 over Nasirnagar clash,2026-06-12T08:00:00,Brahmanbaria,Ashuganj,23.944546,91.106189,violence,15.0,5,8,4,brahmanbaria,1,zone_alias
Daily Star,https://www.thedailystar.net/news/crime-justice/news/murder-case-filed-naming-251-over-nasirnagar-clash-4139986,Murder case filed naming 261 over Nasirnagar clash,2026-06-12T08:00:00,Brahmanbaria,Kasba,22.989113,90.220702,violence,15.0,5,8,4,brahmanbaria,1,zone_alias
Daily Star,https://www.thedailystar.net/news/crime-justice/news/murder-case-filed-naming-251-over-nasirnagar-clash-4139986,Murder case filed naming 261 over Nasirnagar clash,2026-06-12T08:00:00,Brahmanbaria,Nabinagar,23.88791,90.96792,violence,15.0,5,8,4,brahmanbaria,1,zone_alias
Daily Star,https://www.thedailystar.net/news/crime-justice/news/ict-orders-send-ex-dig-abdul-jalil-mondal-jail-4139951,ICT orders to send ex-DIG Abdul Jalil Mondal to jail,2026-06-12T08:00:00,Dhaka,Sadarghat,23.7104,90.4074,suspicious_activity,,2,8,4,Dhaka,0,district_fallback
Daily Star,https://www.thedailystar.net/news/crime-justice/news/ict-case-ex-cmp-chief-abdul-jalil-mondal-held-4139746,ICT case: Ex-CMP chief Abdul Jalil Mondal held,2026-06-12T08:00:00,Chattogram,GEC Circle,22.3597,91.8215,suspicious_activity,,2,8,4,Chattogram,0,district_fallback
Daily Star,https://www.thedailystar.net/news/crime-justice/news/ict-case-ex-cmp-chief-abdul-jalil-mondal-held-4139746,ICT case: Ex-CMP chief Abdul Jalil Mondal held,2026-06-12T08:00:00,Dhaka,Sadarghat,23.7104,90.4074,suspicious_activity,,2,8,4,Dhaka,0,district_fallback
Daily Star,https://www.thedailystar.net/news/crime-justice/news/woman-killed-neighbour-dhakas-sayedabad-4139726,Woman killed 'by neighbour' in Dhaka's Sayedabad,2026-06-12T08:00:00,Dhaka,Jatrabari,23.7104,90.4349,violence,,5,8,4,jatrabari,2,zone_alias
Daily Star,https://www.thedailystar.net/news/crime-justice/news/ict-1-defence-claims-disappearance-victim-had-gone-hiding-4139686,ICT-1: Defence claims disappearance victim had gone into hiding,2026-06-12T08:00:00,Brahmanbaria,Ashuganj,23.944546,91.106189,kidnapping,,5,8,4,brahmanbaria,1,zone_alias
Daily Star,https://www.thedailystar.net/news/crime-justice/news/ict-1-defence-claims-disappearance-victim-had-gone-hiding-4139686,ICT-1: Defence claims disappearance victim had gone into hiding,2026-06-12T08:00:00,Brahmanbaria,Kasba,22.989113,90.220702,kidnapping,,5,8,4,brahmanbaria,1,zone_alias
Daily Star,https://www.thedailystar.net/news/crime-justice/news/ict-1-defence-claims-disappearance-victim-had-gone-hiding-4139686,ICT-1: Defence claims disappearance victim had gone into hiding,2026-06-12T08:00:00,Brahmanbaria,Nabinagar,23.88791,90.96792,kidnapping,,5,8,4,brahmanbaria,1,zone_alias
Daily Star,https://www.thedailystar.net/news/crime-justice/news/july-uprising-case-former-dgfi-director-afzal-six-day-remand-4139661,July uprising case: Former DGFI director Afzal on six-day remand,2026-06-12T08:00:00,Dhaka,Mirpur 10,23.8067,90.3686,violence,,5,8,4,mirpur-10,1,zone_alias
Daily Star,https://www.thedailystar.net/news/crime-justice/news/db-detains-ex-cmp-commissioner-abdul-jalil-mondal-4139406,DB detains ex-CMP commissioner Abdul Jalil Mondal,2026-06-12T08:00:00,Chattogram,GEC Circle,22.3597,91.8215,suspicious_activity,,2,8,4,Chattogram,0,district_fallback
Daily Star,https://www.thedailystar.net/news/crime-justice/news/db-detains-ex-cmp-commissioner-abdul-jalil-mondal-4139406,DB detains ex-CMP commissioner Abdul Jalil Mondal,2026-06-12T08:00:00,Dhaka,Sadarghat,23.7104,90.4074,suspicious_activity,,2,8,4,Dhaka,0,district_fallback
Daily Star,https://www.thedailystar.net/news/crime-justice/news/db-arrests-youth-opening-fake-facebook-accounts-names-senior-police-govt-officials-4139381,"DB arrests youth for opening fake Facebook accounts in names of senior police, govt officials",2026-06-12T08:00:00,Dhaka,Shahbagh,23.738,90.3958,suspicious_activity,23.0,2,8,4,shahbagh,2,zone_alias
Daily Star,https://www.thedailystar.net/news/crime-justice/news/netrokona-child-found-slain-relatives-house-4139321,Netrokona child found slain in relative’s house,2026-06-12T08:00:00,Netrokona,Mohanganj,24.87564,90.97773,murder,15.0,5,8,4,mohanganj,2,zone_alias
Daily Star,https://www.thedailystar.net/news/crime-justice/news/netrokona-child-found-slain-relatives-house-4139321,Netrokona child found slain in relative’s house,2026-06-12T08:00:00,Netrokona,Mokterpara,24.871384,90.732886,murder,15.0,5,8,4,netrokona,1,zone_alias
Daily Star,https://www.thedailystar.net/news/crime-justice/news/netrokona-child-found-slain-relatives-house-4139321,Netrokona child found slain in relative’s house,2026-06-12T08:00:00,Netrokona,Kalmakanda,25.00108,90.80773,murder,15.0,5,8,4,netrokona,1,zone_alias
Daily Star,https://www.thedailystar.net/news/crime-justice/news/defamation-case-filed-against-mufti-amir-hamza-over-remarks-energy-minister-tuku-4139241,Defamation case filed against Mufti Amir Hamza over remarks on Energy Minister Tuku,2026-06-12T08:00:00,Kushtia,Bheramara,24.02452,88.99234,suspicious_activity,,2,8,4,kushtia,1,zone_alias
Daily Star,https://www.thedailystar.net/news/crime-justice/news/defamation-case-filed-against-mufti-amir-hamza-over-remarks-energy-minister-tuku-4139241,Defamation case filed against Mufti Amir Hamza over remarks on Energy Minister Tuku,2026-06-12T08:00:00,Kushtia,Khoksa,23.9028,89.11943,suspicious_activity,,2,8,4,kushtia,1,zone_alias
Daily Star,https://www.thedailystar.net/news/crime-justice/news/defamation-case-filed-against-mufti-amir-hamza-over-remarks-energy-minister-tuku-4139241,Defamation case filed against Mufti Amir Hamza over remarks on Energy Minister Tuku,2026-06-12T08:00:00,Kushtia,Kumarkhali,23.86132,89.24197,suspicious_activity,,2,8,4,kushtia,1,zone_alias
Daily Star,https://www.thedailystar.net/news/crime-justice/news/former-dgfi-director-afzal-naser-detained-4139046,Former DGFI director Afzal Naser detained,2026-06-12T08:00:00,Dhaka,Sadarghat,23.7104,90.4074,violence,,4,8,4,Dhaka,0,district_fallback
Daily Star,https://www.thedailystar.net/news/crime-justice/news/police-threatened-crossfire-shot-him-july-survivor-recounts-friends-death-jatrabari-ict-2-4138796,"‘Police threatened crossfire, shot him’ - July survivor recounts friend’s death in Jatrabari at ICT-2",2026-06-12T08:00:00,Dhaka,Wari,23.7115,90.4177,suspicious_activity,,3,8,4,wari,2,zone_alias
Daily Star,https://www.thedailystar.net/news/crime-justice/news/police-threatened-crossfire-shot-him-july-survivor-recounts-friends-death-jatrabari-ict-2-4138796,"‘Police threatened crossfire, shot him’ - July survivor recounts friend’s death in Jatrabari at ICT-2",2026-06-12T08:00:00,Dhaka,Jatrabari,23.7104,90.4349,suspicious_activity,,3,8,4,jatrabari,2,zone_alias
Daily Star,https://www.thedailystar.net/news/crime-justice/news/ex-member-accused-raping-12-year-old-jamalpur-4138576,Ex-UP member accused of raping 12-year-old in Jamalpur,2026-06-12T08:00:00,Jamalpur,Jamalpur General Hospital,24.933192,89.942218,sexual_violence,12.0,5,8,4,jamalpur general hospital,6,zone_alias
Daily Star,https://www.thedailystar.net/news/crime-justice/news/ex-member-accused-raping-12-year-old-jamalpur-4138576,Ex-UP member accused of raping 12-year-old in Jamalpur,2026-06-12T08:00:00,Jamalpur,Madarganj,24.91965,89.94812,sexual_violence,12.0,5,8,4,madarganj,2,zone_alias
Daily Star,https://www.thedailystar.net/news/crime-justice/news/ex-member-accused-raping-12-year-old-jamalpur-4138576,Ex-UP member accused of raping 12-year-old in Jamalpur,2026-06-12T08:00:00,Jamalpur,Dewanganj,25.14236,89.76215,sexual_violence,12.0,5,8,4,jamalpur,1,zone_alias
Daily Star,https://www.thedailystar.net/news/bangladesh/crime-justice/news/filling-station-manager-killed-narail-truck-driver-deliberately-runs-him-over-4138261,Filling station manager killed in Narail as truck driver 'deliberately' runs him over,2026-06-12T08:00:00,Narail,Tularampur,23.15509,89.49515,suspicious_activity,,3,8,4,tularampur,2,zone_alias
Daily Star,https://www.thedailystar.net/news/bangladesh/crime-justice/news/filling-station-manager-killed-narail-truck-driver-deliberately-runs-him-over-4138261,Filling station manager killed in Narail as truck driver 'deliberately' runs him over,2026-06-12T08:00:00,Narail,Lakshmipasha,23.15509,89.49515,suspicious_activity,,3,8,4,narail,1,zone_alias
Daily Star,https://www.thedailystar.net/news/bangladesh/crime-justice/news/filling-station-manager-killed-narail-truck-driver-deliberately-runs-him-over-4138261,Filling station manager killed in Narail as truck driver 'deliberately' runs him over,2026-06-12T08:00:00,Narail,Kalia,23.043,89.63094,suspicious_activity,,3,8,4,narail,1,zone_alias
Daily Star,https://www.thedailystar.net/news/bangladesh/crime-justice/news/man-hacked-death-over-land-dispute-4138031,Man hacked to death over land dispute,2026-06-12T08:00:00,Gazipur,Konabari,24.126097,90.472114,violence,,5,8,4,gazipur,1,zone_alias
Daily Star,https://www.thedailystar.net/news/bangladesh/crime-justice/news/man-hacked-death-over-land-dispute-4138031,Man hacked to death over land dispute,2026-06-12T08:00:00,Gazipur,Kaliakair,24.126097,90.472114,violence,,5,8,4,gazipur,1,zone_alias
Daily Star,https://www.thedailystar.net/news/bangladesh/crime-justice/news/man-hacked-death-over-land-dispute-4138031,Man hacked to death over land dispute,2026-06-12T08:00:00,Gazipur,Kapasia,24.11404,90.56148,violence,,5,8,4,gazipur,1,zone_alias
Daily Star,https://www.thedailystar.net/news/bangladesh/crime-justice/news/11-year-old-girl-raped-murdered-ctg-police-4138006,"11-year-old girl raped, murdered in Ctg: police",2026-06-12T08:00:00,Chattogram,GEC Circle,22.3597,91.8215,sexual_violence,11.0,5,8,4,Chattogram,0,district_fallback
Daily Star,https://www.thedailystar.net/news/bangladesh/crime-justice/news/shwapnos-database-hacked-details-40-lakh-customers-risk-4137946,"Shwapno’s database hacked, details of 40 lakh customers’ at risk",2026-06-12T08:00:00,Dhaka,Gulshan,23.7806,90.4167,suspicious_activity,,2,8,4,gulshan,2,zone_alias
Daily Star,https://www.thedailystar.net/news/bangladesh/crime-justice/news/cid-brings-back-362m-sent-abroad-thru-fraud-4137926,CID brings back $3.62m sent abroad thru’ fraud,2026-06-12T08:00:00,Dhaka,Khilgaon,23.7509,90.4253,suspicious_activity,,2,8,4,khilgaon,2,zone_alias
Daily Star,https://www.thedailystar.net/news/bangladesh/crime-justice/news/cid-brings-back-362m-sent-abroad-thru-fraud-4137926,CID brings back $3.62m sent abroad thru’ fraud,2026-06-12T08:00:00,Dhaka,Malibagh,23.7471,90.4146,suspicious_activity,,2,8,4,malibagh,2,zone_alias
Daily Star,https://www.thedailystar.net/news/bangladesh/crime-justice/news/cid-brings-back-362m-sent-abroad-thru-fraud-4137926,CID brings back $3.62m sent abroad thru’ fraud,2026-06-12T08:00:00,Barishal,Chowmatha,22.70497,90.37013,suspicious_activity,,2,8,4,barishal,1,zone_alias
Daily Star,https://www.thedailystar.net/news/bangladesh/crime-justice/news/noakhali-man-arrested-over-rape-woman-4137731,Noakhali man arrested over rape of woman,2026-06-12T08:00:00,Noakhali,Chatkhil,23.05241,90.97684,sexual_violence,19.0,5,8,4,chatkhil,2,zone_alias
Daily Star,https://www.thedailystar.net/news/bangladesh/crime-justice/news/noakhali-man-arrested-over-rape-woman-4137731,Noakhali man arrested over rape of woman,2026-06-12T08:00:00,Noakhali,Chowmuhani,22.816467,91.121505,sexual_violence,19.0,5,8,4,noakhali,1,zone_alias
Daily Star,https://www.thedailystar.net/news/bangladesh/crime-justice/news/noakhali-man-arrested-over-rape-woman-4137731,Noakhali man arrested over rape of woman,2026-06-12T08:00:00,Noakhali,Begumganj,23.0225,91.07472,sexual_violence,19.0,5,8,4,noakhali,1,zone_alias
Daily Star,https://www.thedailystar.net/news/bangladesh/crime-justice/news/three-arrested-over-manikganj-killing-confess-crime-4137441,"Three arrested over Manikganj killing, confess to crime",2026-06-12T08:00:00,Manikganj,Manikganj Sadar,23.861743,90.00136,murder,,5,8,4,manikganj sadar,5,zone_alias
Daily Star,https://www.thedailystar.net/news/bangladesh/crime-justice/news/three-arrested-over-manikganj-killing-confess-crime-4137441,"Three arrested over Manikganj killing, confess to crime",2026-06-12T08:00:00,Manikganj,Ghior,23.89926,89.87138,murder,,5,8,4,ghior,2,zone_alias
Daily Star,https://www.thedailystar.net/news/bangladesh/crime-justice/news/three-arrested-over-manikganj-killing-confess-crime-4137441,"Three arrested over Manikganj killing, confess to crime",2026-06-12T08:00:00,Manikganj,Beutha,23.84361,90.00256,murder,,5,8,4,manikganj,1,zone_alias
Daily Star,https://www.thedailystar.net/news/bangladesh/crime-justice/news/6000-litres-diesel-seized-chattogram-4137166,"6,000 litres of diesel seized in Chattogram",2026-06-12T08:00:00,Sherpur,Sherpur Sadar,25.01881,90.01751,suspicious_activity,,2,8,4,sherpur sadar,5,zone_alias
Daily Star,https://www.thedailystar.net/news/bangladesh/crime-justice/news/6000-litres-diesel-seized-chattogram-4137166,"6,000 litres of diesel seized in Chattogram",2026-06-12T08:00:00,Chattogram,Patenga,22.2359,91.7918,suspicious_activity,,2,8,4,patenga,2,zone_alias
Daily Star,https://www.thedailystar.net/news/bangladesh/crime-justice/news/6000-litres-diesel-seized-chattogram-4137166,"6,000 litres of diesel seized in Chattogram",2026-06-12T08:00:00,Chapai Nawabganj,Gomostapur,24.59895,88.28339,suspicious_activity,,2,8,4,gomostapur,2,zone_alias
Daily Star,https://www.thedailystar.net/news/bangladesh/crime-justice/news/mugger-shot-dead-accomplice-khulna-4137096,Mugger shot dead by accomplice in Khulna,2026-06-12T08:00:00,Khulna,Khulna Medical College,22.828592,89.537411,murder,,5,8,4,khulna medical college,6,zone_alias
Daily Star,https://www.thedailystar.net/news/bangladesh/crime-justice/news/mugger-shot-dead-accomplice-khulna-4137096,Mugger shot dead by accomplice in Khulna,2026-06-12T08:00:00,Khulna,Khalishpur,22.85308,89.54427,murder,,5,8,4,khulna,1,zone_alias
Daily Star,https://www.thedailystar.net/news/bangladesh/crime-justice/news/mugger-shot-dead-accomplice-khulna-4137096,Mugger shot dead by accomplice in Khulna,2026-06-12T08:00:00,Khulna,Boyra,22.82813,89.543382,murder,,5,8,4,khulna,1,zone_alias
Daily Star,https://www.thedailystar.net/news/bangladesh/crime-justice/news/decade-stalled-trials-3-blogger-murders-4137071,A decade of stalled trials in 3 blogger murders,2026-06-12T08:00:00,Dhaka,Tejgaon,23.7631,90.4003,murder,,5,8,4,tejgaon industrial area,5,zone_alias
Daily Star,https://www.thedailystar.net/news/bangladesh/crime-justice/news/decade-stalled-trials-3-blogger-murders-4137071,A decade of stalled trials in 3 blogger murders,2026-06-12T08:00:00,Dhaka,Khilgaon,23.7509,90.4253,murder,,5,8,4,khilgaon,2,zone_alias
Daily Star,https://www.thedailystar.net/news/bangladesh/crime-justice/news/ex-army-officials-questioned-over-caretaker-govt-role-4137066,Ex-army officials questioned over caretaker govt role,2026-06-12T08:00:00,Dhaka,Paltan,23.7362,90.4142,murder,,5,8,4,paltan,2,zone_alias
Daily Star,https://www.thedailystar.net/news/bangladesh/crime-justice/news/pallabi-jubo-dal-leader-killed-turf-war-4137061,Pallabi Jubo Dal leader killed in turf war,2026-06-12T08:00:00,Dhaka,Sadarghat,23.7104,90.4074,murder,,5,8,4,Dhaka,0,district_fallback
Daily Star,https://www.thedailystar.net/news/bangladesh/crime-justice/news/private-car-found-abandoned-gazipur-blindfolded-man-rescued-4136931,"Private car found abandoned in Gazipur, blindfolded man rescued",2026-06-12T08:00:00,Gazipur,Konabari,24.126097,90.472114,kidnapping,,5,8,4,gazipur,1,zone_alias
Daily Star,https://www.thedailystar.net/news/bangladesh/crime-justice/news/private-car-found-abandoned-gazipur-blindfolded-man-rescued-4136931,"Private car found abandoned in Gazipur, blindfolded man rescued",2026-06-12T08:00:00,Gazipur,Kaliakair,24.126097,90.472114,kidnapping,,5,8,4,gazipur,1,zone_alias
Daily Star,https://www.thedailystar.net/news/bangladesh/crime-justice/news/private-car-found-abandoned-gazipur-blindfolded-man-rescued-4136931,"Private car found abandoned in Gazipur, blindfolded man rescued",2026-06-12T08:00:00,Gazipur,Kapasia,24.11404,90.56148,kidnapping,,5,8,4,gazipur,1,zone_alias
Daily Star,https://www.thedailystar.net/news/bangladesh/crime-justice/news/youth-arrested-over-hurting-religious-sentiments-4136881,Youth arrested over ‘hurting religious sentiments’,2026-06-12T08:00:00,Thakurgaon,Baliadangi,26.03097,88.46989,suspicious_activity,19.0,2,8,4,thakurgaon,1,zone_alias
Daily Star,https://www.thedailystar.net/news/bangladesh/crime-justice/news/youth-arrested-over-hurting-religious-sentiments-4136881,Youth arrested over ‘hurting religious sentiments’,2026-06-12T08:00:00,Thakurgaon,Ranisankail,25.89085,88.26495,suspicious_activity,19.0,2,8,4,thakurgaon,1,zone_alias
Daily Star,https://www.thedailystar.net/news/bangladesh/crime-justice/news/youth-arrested-over-hurting-religious-sentiments-4136881,Youth arrested over ‘hurting religious sentiments’,2026-06-12T08:00:00,Thakurgaon,Ruhia,26.03097,88.46989,suspicious_activity,19.0,2,8,4,thakurgaon,1,zone_alias
Daily Star,https://www.thedailystar.net/news/bangladesh/crime-justice/news/rab-arrests-2-over-pallabi-jubo-dal-leader-killing-4136691,Rab arrests 2 over Pallabi Jubo Dal leader killing,2026-06-12T08:00:00,Dhaka,Sadarghat,23.7104,90.4074,murder,,5,8,4,Dhaka,0,district_fallback
Daily Star,https://www.thedailystar.net/news/bangladesh/crime-justice/news/hatirjheel-oc-asi-closed-over-shutdown-showroom-4136576,"Hatirjheel OC, ASI closed over shutdown of showroom",2026-06-12T08:00:00,Dhaka,Sadarghat,23.7104,90.4074,suspicious_activity,,2,8,4,Dhaka,0,district_fallback
Daily Star,https://www.thedailystar.net/news/bangladesh/crime-justice/news/college-student-shot-dead-men-posing-police-4136526,College student shot dead by men posing as police,2026-06-12T08:00:00,Khulna,Khalishpur,22.85308,89.54427,murder,,5,8,4,khulna,1,zone_alias
Daily Star,https://www.thedailystar.net/news/bangladesh/crime-justice/news/college-student-shot-dead-men-posing-police-4136526,College student shot dead by men posing as police,2026-06-12T08:00:00,Bagerhat,Rampal,22.65657,89.79123,murder,,5,8,4,bagerhat,1,zone_alias
Daily Star,https://www.thedailystar.net/news/bangladesh/crime-justice/news/college-student-shot-dead-men-posing-police-4136526,College student shot dead by men posing as police,2026-06-12T08:00:00,Khulna,Boyra,22.82813,89.543382,murder,,5,8,4,khulna,1,zone_alias
Daily Star,https://www.thedailystar.net/news/bangladesh/crime-justice/news/july-uprising-case-ex-dgfi-chief-mamun-khaled-remand-4136511,July Uprising Case: Ex-DGFI chief Mamun Khaled on remand,2026-06-12T08:00:00,Dhaka,Mirpur 10,23.8067,90.3686,murder,63.0,5,8,4,mirpur-10,1,zone_alias
Daily Star,https://www.thedailystar.net/news/bangladesh/crime-justice/news/request-has-been-made-extradition-says-home-minister-4136501,Request has been made for extradition: Says home minister,2026-06-12T08:00:00,Chattogram,GEC Circle,22.3597,91.8215,murder,,5,8,4,Chattogram,0,district_fallback
Daily Star,https://www.thedailystar.net/news/bangladesh/crime-justice/news/swechchasebak-dal-man-stabbed-death-bogura-4136436,Swechchasebak Dal man stabbed to death in Bogura,2026-06-12T08:00:00,Bogura,Satmatha,25.733988,89.286492,murder,,5,8,4,bogura,1,zone_alias
Daily Star,https://www.thedailystar.net/news/bangladesh/crime-justice/news/swechchasebak-dal-man-stabbed-death-bogura-4136436,Swechchasebak Dal man stabbed to death in Bogura,2026-06-12T08:00:00,Bogura,Charmatha,24.85098,89.37108,murder,,5,8,4,bogura,1,zone_alias
Daily Star,https://www.thedailystar.net/news/bangladesh/crime-justice/news/swechchasebak-dal-man-stabbed-death-bogura-4136436,Swechchasebak Dal man stabbed to death in Bogura,2026-06-12T08:00:00,Bogura,Dhunat,24.85098,89.37108,murder,,5,8,4,bogura,1,zone_alias
Daily Star,https://www.thedailystar.net/news/bangladesh/crime-justice/news/main-accused-khulna-child-murder-case-arrested-kapasia-4136331,Main accused in Khulna child murder case arrested in Kapasia,2026-06-12T08:00:00,Gazipur,Kapasia,24.11404,90.56148,murder,15.0,5,8,4,kapasia,2,zone_alias
Daily Star,https://www.thedailystar.net/news/bangladesh/crime-justice/news/main-accused-khulna-child-murder-case-arrested-kapasia-4136331,Main accused in Khulna child murder case arrested in Kapasia,2026-06-12T08:00:00,Gazipur,Konabari,24.126097,90.472114,murder,15.0,5,8,4,gazipur,1,zone_alias
Daily Star,https://www.thedailystar.net/news/bangladesh/crime-justice/news/main-accused-khulna-child-murder-case-arrested-kapasia-4136331,Main accused in Khulna child murder case arrested in Kapasia,2026-06-12T08:00:00,Khulna,Khalishpur,22.85308,89.54427,murder,15.0,5,8,4,khulna,1,zone_alias
Daily Star,https://www.thedailystar.net/news/bangladesh/crime-justice/news/makeshift-ketamine-lab-busted-uttara-3-chinese-nationals-arrested-4136251,"Makeshift ketamine lab busted in Uttara, 3 Chinese nationals arrested",2026-06-12T08:00:00,Dhaka,Uttara,23.8724,90.3953,suspicious_activity,,2,8,4,uttara,2,zone_alias
Daily Star,https://www.thedailystar.net/news/bangladesh/crime-justice/news/man-held-over-attempted-rape-child-moulvibazar-4136176,Man held over attempted rape of child in Moulvibazar,2026-06-12T08:00:00,Moulvibazar,Kamalganj,24.481265,91.858094,sexual_violence,15.0,5,8,4,kamalganj,2,zone_alias
Daily Star,https://www.thedailystar.net/news/bangladesh/crime-justice/news/man-held-over-attempted-rape-child-moulvibazar-4136176,Man held over attempted rape of child in Moulvibazar,2026-06-12T08:00:00,Moulvibazar,Barlekha,24.481265,91.858094,sexual_violence,15.0,5,8,4,moulvibazar,1,zone_alias
Daily Star,https://www.thedailystar.net/news/bangladesh/crime-justice/news/man-held-over-attempted-rape-child-moulvibazar-4136176,Man held over attempted rape of child in Moulvibazar,2026-06-12T08:00:00,Moulvibazar,Juri,24.531019,92.230029,sexual_violence,15.0,5,8,4,moulvibazar,1,zone_alias
Daily Star,https://www.thedailystar.net/news/bangladesh/crime-justice/news/handcuffed-theft-suspect-caught-again-after-dramatic-escape-lalmonirhat-4136051,Handcuffed theft suspect caught again after dramatic escape in Lalmonirhat,2026-06-12T08:00:00,Lalmonirhat,Hatibandha,26.12494,89.14081,robbery,,3,8,4,hatibandha,2,zone_alias
Daily Star,https://www.thedailystar.net/news/bangladesh/crime-justice/news/handcuffed-theft-suspect-caught-again-after-dramatic-escape-lalmonirhat-4136051,Handcuffed theft suspect caught again after dramatic escape in Lalmonirhat,2026-06-12T08:00:00,Lalmonirhat,Aditmari,25.92537,89.35502,robbery,,3,8,4,lalmonirhat,1,zone_alias
Daily Star,https://www.thedailystar.net/news/bangladesh/crime-justice/news/handcuffed-theft-suspect-caught-again-after-dramatic-escape-lalmonirhat-4136051,Handcuffed theft suspect caught again after dramatic escape in Lalmonirhat,2026-06-12T08:00:00,Lalmonirhat,Patgram,26.34876,89.03518,robbery,,3,8,4,lalmonirhat,1,zone_alias
Daily Star,https://www.thedailystar.net/news/bangladesh/crime-justice/news/15-journos-face-sexual-harassment-work-survey-4135776,15% journos face sexual harassment at work: survey,2026-06-12T08:00:00,Dhaka,Sadarghat,23.7104,90.4074,sexual_violence,,5,8,4,Dhaka,0,district_fallback
Daily Star,https://www.thedailystar.net/news/bangladesh/crime-justice/news/three-shown-arrested-star-office-attack-case-4135771,Three shown arrested in Star office attack case,2026-06-12T08:00:00,Dhaka,Tejgaon,23.7631,90.4003,violence,,4,8,4,tejgaon,2,zone_alias
Daily Star,https://www.thedailystar.net/news/bangladesh/crime-justice/news/acc-seeks-show-masud-arrested-graft-case-4135701,ACC seeks to show Masud arrested in graft case,2026-06-12T08:00:00,Dhaka,Paltan,23.7362,90.4142,suspicious_activity,,2,8,4,paltan,2,zone_alias
Daily Star,https://www.thedailystar.net/news/bangladesh/crime-justice/news/acc-seeks-show-masud-arrested-graft-case-4135701,ACC seeks to show Masud arrested in graft case,2026-06-12T08:00:00,Feni,Chhagalnaiya,23.02475,91.51092,suspicious_activity,,2,8,4,feni,1,zone_alias
Daily Star,https://www.thedailystar.net/news/bangladesh/crime-justice/news/acc-seeks-show-masud-arrested-graft-case-4135701,ACC seeks to show Masud arrested in graft case,2026-06-12T08:00:00,Feni,Dagonbhuiyan,23.01134,91.4013,suspicious_activity,,2,8,4,feni,1,zone_alias
Daily Star,https://www.thedailystar.net/news/bangladesh/crime-justice/news/11-detained-3000-litres-petrol-jamalpur-4135401,"11 detained with 3,000 litres of petrol in Jamalpur",2026-06-12T08:00:00,Jamalpur,Jamalpur Sadar,24.91965,89.94812,suspicious_activity,,2,8,4,jamalpur sadar,5,zone_alias
Daily Star,https://www.thedailystar.net/news/bangladesh/crime-justice/news/11-detained-3000-litres-petrol-jamalpur-4135401,"11 detained with 3,000 litres of petrol in Jamalpur",2026-06-12T08:00:00,Jamalpur,Madarganj,24.91965,89.94812,suspicious_activity,,2,8,4,madarganj,2,zone_alias
Daily Star,https://www.thedailystar.net/news/bangladesh/crime-justice/news/11-detained-3000-litres-petrol-jamalpur-4135401,"11 detained with 3,000 litres of petrol in Jamalpur",2026-06-12T08:00:00,Jamalpur,Sarishabari,24.75127,89.83126,suspicious_activity,,2,8,4,sarishabari,2,zone_alias
Daily Star,https://www.thedailystar.net/news/bangladesh/crime-justice/news/gatekeepers-negligence-caused-cumilla-train-bus-crash-rab-4135251,Gatekeepers’ negligence caused Cumilla train-bus crash: Rab,2026-06-12T08:00:00,Cumilla,Burichang,23.5534,91.12901,violence,,5,8,4,burichang,2,zone_alias
Daily Star,https://www.thedailystar.net/news/bangladesh/crime-justice/news/gatekeepers-negligence-caused-cumilla-train-bus-crash-rab-4135251,Gatekeepers’ negligence caused Cumilla train-bus crash: Rab,2026-06-12T08:00:00,Cumilla,Kandirpar,23.46186,91.18504,violence,,5,8,4,cumilla,1,zone_alias
Daily Star,https://www.thedailystar.net/news/bangladesh/crime-justice/news/gatekeepers-negligence-caused-cumilla-train-bus-crash-rab-4135251,Gatekeepers’ negligence caused Cumilla train-bus crash: Rab,2026-06-12T08:00:00,Jashore,Chanchra,23.168306,89.210408,violence,,5,8,4,jashore,1,zone_alias
Daily Star,https://www.thedailystar.net/news/bangladesh/crime-justice/news/savar-serial-killer-samrat-dies-dmch-4134976,Savar ‘serial killer’ Samrat dies at DMCH,2026-06-12T08:00:00,Dhaka,Sadarghat,23.7104,90.4074,suspicious_activity,,3,8,4,Dhaka,0,district_fallback
Daily Star,https://www.thedailystar.net/news/bangladesh/crime-justice/news/three-raped-three-districts-4134946,Three raped in three districts,2026-06-12T08:00:00,Moulvibazar,Kamalganj,24.481265,91.858094,sexual_violence,24.0,5,8,4,kamalganj,2,zone_alias
Daily Star,https://www.thedailystar.net/news/bangladesh/crime-justice/news/three-raped-three-districts-4134946,Three raped in three districts,2026-06-12T08:00:00,Narayanganj,Rupganj,23.61352,90.50298,sexual_violence,24.0,5,8,4,rupganj,2,zone_alias
Daily Star,https://www.thedailystar.net/news/bangladesh/crime-justice/news/three-raped-three-districts-4134946,Three raped in three districts,2026-06-12T08:00:00,Habiganj,Madhabpur,24.62886,91.53974,sexual_violence,24.0,5,8,4,madhabpur,2,zone_alias
Daily Star,https://www.thedailystar.net/news/bangladesh/crime-justice/news/dragged-home-beaten-death-4134906,"Dragged from home, beaten to death",2026-06-12T08:00:00,Brahmanbaria,Kasba,22.989113,90.220702,violence,,5,8,4,kasba,2,zone_alias
Daily Star,https://www.thedailystar.net/news/bangladesh/crime-justice/news/dragged-home-beaten-death-4134906,"Dragged from home, beaten to death",2026-06-12T08:00:00,Cumilla,Kandirpar,23.46186,91.18504,violence,,5,8,4,cumilla,1,zone_alias
Daily Star,https://www.thedailystar.net/news/bangladesh/crime-justice/news/dragged-home-beaten-death-4134906,"Dragged from home, beaten to death",2026-06-12T08:00:00,Brahmanbaria,Ashuganj,23.944546,91.106189,violence,,5,8,4,brahmanbaria,1,zone_alias
Daily Star,https://www.thedailystar.net/news/bangladesh/crime-justice/news/2-dead-clashes-over-polls-rivalry-4134901,2 dead in clashes over polls rivalry,2026-06-12T08:00:00,Brahmanbaria,Ashuganj,23.944546,91.106189,violence,,5,8,4,brahmanbaria,1,zone_alias
Daily Star,https://www.thedailystar.net/news/bangladesh/crime-justice/news/2-dead-clashes-over-polls-rivalry-4134901,2 dead in clashes over polls rivalry,2026-06-12T08:00:00,Brahmanbaria,Kasba,22.989113,90.220702,violence,,5,8,4,brahmanbaria,1,zone_alias
Daily Star,https://www.thedailystar.net/news/bangladesh/crime-justice/news/2-dead-clashes-over-polls-rivalry-4134901,2 dead in clashes over polls rivalry,2026-06-12T08:00:00,Brahmanbaria,Nabinagar,23.88791,90.96792,violence,,5,8,4,brahmanbaria,1,zone_alias
Daily Star,https://www.thedailystar.net/news/bangladesh/crime-justice/news/human-trafficking-case-ex-lt-gen-masud-5-day-remand-4134866,Human trafficking case: Ex-Lt Gen Masud on 5-day remand,2026-06-12T08:00:00,Dhaka,Banani,23.7937,90.4043,murder,,5,8,4,banani,2,zone_alias
Daily Star,https://www.thedailystar.net/news/bangladesh/crime-justice/news/human-trafficking-case-ex-lt-gen-masud-5-day-remand-4134866,Human trafficking case: Ex-Lt Gen Masud on 5-day remand,2026-06-12T08:00:00,Dhaka,Paltan,23.7362,90.4142,murder,,5,8,4,paltan,2,zone_alias
Daily Star,https://www.thedailystar.net/news/bangladesh/crime-justice/news/human-trafficking-case-ex-lt-gen-masud-5-day-remand-4134866,Human trafficking case: Ex-Lt Gen Masud on 5-day remand,2026-06-12T08:00:00,Feni,Chhagalnaiya,23.02475,91.51092,murder,,5,8,4,feni,1,zone_alias
Daily Star,https://www.thedailystar.net/news/bangladesh/crime-justice/news/facebook-page-admin-beaten-death-brahmanbaria-after-reports-drug-crimes-4134656,Facebook page admin beaten to death in Brahmanbaria after reports on drug crimes,2026-06-12T08:00:00,Brahmanbaria,Kasba,22.989113,90.220702,violence,,5,8,4,kasba,2,zone_alias
Daily Star,https://www.thedailystar.net/news/bangladesh/crime-justice/news/facebook-page-admin-beaten-death-brahmanbaria-after-reports-drug-crimes-4134656,Facebook page admin beaten to death in Brahmanbaria after reports on drug crimes,2026-06-12T08:00:00,Cumilla,Kandirpar,23.46186,91.18504,violence,,5,8,4,cumilla,1,zone_alias
Daily Star,https://www.thedailystar.net/news/bangladesh/crime-justice/news/facebook-page-admin-beaten-death-brahmanbaria-after-reports-drug-crimes-4134656,Facebook page admin beaten to death in Brahmanbaria after reports on drug crimes,2026-06-12T08:00:00,Brahmanbaria,Ashuganj,23.944546,91.106189,violence,,5,8,4,brahmanbaria,1,zone_alias
Daily Star,https://www.thedailystar.net/news/bangladesh/crime-justice/news/masud-tortured-the-man-who-now-pm-public-prosecutor-tells-court-4134631,"‘Masud tortured the man who is now PM,’ public prosecutor tells court",2026-06-12T08:00:00,Dhaka,Paltan,23.7362,90.4142,suspicious_activity,,2,8,4,paltan,2,zone_alias
Daily Star,https://www.thedailystar.net/news/bangladesh/crime-justice/news/man-sent-jail-over-rape-4-year-old-girl-moulvibazar-4134541,Man sent to jail over rape of 4-year-old girl in Moulvibazar,2026-06-12T08:00:00,Moulvibazar,Moulvibazar Sadar,24.481265,91.858094,sexual_violence,4.0,5,8,4,moulvibazar sadar,5,zone_alias
Daily Star,https://www.thedailystar.net/news/bangladesh/crime-justice/news/man-sent-jail-over-rape-4-year-old-girl-moulvibazar-4134541,Man sent to jail over rape of 4-year-old girl in Moulvibazar,2026-06-12T08:00:00,Moulvibazar,Kamalganj,24.481265,91.858094,sexual_violence,4.0,5,8,4,kamalganj,2,zone_alias
Daily Star,https://www.thedailystar.net/news/bangladesh/crime-justice/news/man-sent-jail-over-rape-4-year-old-girl-moulvibazar-4134541,Man sent to jail over rape of 4-year-old girl in Moulvibazar,2026-06-12T08:00:00,Moulvibazar,Barlekha,24.481265,91.858094,sexual_violence,4.0,5,8,4,moulvibazar,1,zone_alias
Daily Star,https://www.thedailystar.net/news/bangladesh/crime-justice/news/1-arrested-over-rape-woman-visiting-habiganj-tea-garden-4134531,1 arrested over rape of woman visiting Habiganj tea garden,2026-06-12T08:00:00,Habiganj,Madhabpur,24.62886,91.53974,sexual_violence,24.0,5,8,4,madhabpur,2,zone_alias
Daily Star,https://www.thedailystar.net/news/bangladesh/crime-justice/news/1-arrested-over-rape-woman-visiting-habiganj-tea-garden-4134531,1 arrested over rape of woman visiting Habiganj tea garden,2026-06-12T08:00:00,Brahmanbaria,Ashuganj,23.944546,91.106189,sexual_violence,24.0,5,8,4,brahmanbaria,1,zone_alias
Daily Star,https://www.thedailystar.net/news/bangladesh/crime-justice/news/1-arrested-over-rape-woman-visiting-habiganj-tea-garden-4134531,1 arrested over rape of woman visiting Habiganj tea garden,2026-06-12T08:00:00,Brahmanbaria,Kasba,22.989113,90.220702,sexual_violence,24.0,5,8,4,brahmanbaria,1,zone_alias
Daily Star,https://www.thedailystar.net/news/bangladesh/crime-justice/news/db-seeks-five-day-remand-lt-gen-retd-masud-uddin-chowdhury-4134396,DB seeks five-day remand for Lt Gen (retd) Masud Uddin Chowdhury,2026-06-12T08:00:00,Dhaka,Paltan,23.7362,90.4142,suspicious_activity,,2,8,4,paltan,2,zone_alias
Daily Star,https://www.thedailystar.net/news/bangladesh/crime-justice/news/db-seeks-five-day-remand-lt-gen-retd-masud-uddin-chowdhury-4134396,DB seeks five-day remand for Lt Gen (retd) Masud Uddin Chowdhury,2026-06-12T08:00:00,Feni,Chhagalnaiya,23.02475,91.51092,suspicious_activity,,2,8,4,feni,1,zone_alias
Daily Star,https://www.thedailystar.net/news/bangladesh/crime-justice/news/db-seeks-five-day-remand-lt-gen-retd-masud-uddin-chowdhury-4134396,DB seeks five-day remand for Lt Gen (retd) Masud Uddin Chowdhury,2026-06-12T08:00:00,Feni,Dagonbhuiyan,23.01134,91.4013,suspicious_activity,,2,8,4,feni,1,zone_alias
Daily Star,https://www.thedailystar.net/news/bangladesh/crime-justice/news/lt-gen-retd-masud-uddin-chowdhury-arrested-4134166,Lt Gen (retd) Masud Uddin Chowdhury arrested,2026-06-12T08:00:00,Dhaka,Sadarghat,23.7104,90.4074,suspicious_activity,,2,8,4,Dhaka,0,district_fallback
Daily Star,https://www.thedailystar.net/news/bangladesh/crime-justice/news/unidentified-woman-run-over-vehicle-dhakas-shahjadpur-4133956,Unidentified woman run over by vehicle in Dhaka’s Shahjadpur,2026-06-12T08:00:00,Dhaka,Gulshan,23.7806,90.4167,suspicious_activity,,2,8,4,gulshan,2,zone_alias
Daily Star,https://www.thedailystar.net/news/bangladesh/crime-justice/news/youth-stabbed-death-rajshahi-4133921,Youth stabbed to death in Rajshahi,2026-06-12T08:00:00,Rajshahi,Rajshahi Medical College,24.372,88.586397,violence,,5,8,4,rajshahi medical college,6,zone_alias
Daily Star,https://www.thedailystar.net/news/bangladesh/crime-justice/news/youth-stabbed-death-rajshahi-4133921,Youth stabbed to death in Rajshahi,2026-06-12T08:00:00,Rajshahi,Binodpur,24.37443,88.603999,violence,,5,8,4,rajshahi,1,zone_alias
Daily Star,https://www.thedailystar.net/news/bangladesh/crime-justice/news/youth-stabbed-death-rajshahi-4133921,Youth stabbed to death in Rajshahi,2026-06-12T08:00:00,Rajshahi,Kazla,24.364265,88.632816,violence,,5,8,4,rajshahi,1,zone_alias
Daily Star,https://www.thedailystar.net/news/bangladesh/crime-justice/news/bnp-leader-shot-and-hacked-chattograms-rangunia-4133906,BNP leader shot and hacked in Chattogram's Rangunia,2026-06-12T08:00:00,Chattogram,GEC Circle,22.3597,91.8215,violence,,5,8,4,Chattogram,0,district_fallback
Daily Star,https://www.thedailystar.net/news/bangladesh/crime-justice/news/mob-kills-man-suspicion-theft-jashore-4133771,Mob kills man on suspicion of theft in Jashore,2026-06-12T08:00:00,Jashore,Chanchra,23.168306,89.210408,murder,,5,8,4,jashore,1,zone_alias
Daily Star,https://www.thedailystar.net/news/bangladesh/crime-justice/news/mob-kills-man-suspicion-theft-jashore-4133771,Mob kills man on suspicion of theft in Jashore,2026-06-12T08:00:00,Jashore,Bagharpara,24.045958,90.032723,murder,,5,8,4,jashore,1,zone_alias
Daily Star,https://www.thedailystar.net/news/bangladesh/crime-justice/news/mob-kills-man-suspicion-theft-jashore-4133771,Mob kills man on suspicion of theft in Jashore,2026-06-12T08:00:00,Jashore,Jhikargacha,23.11134,89.09061,murder,,5,8,4,jashore,1,zone_alias
Daily Star,https://www.thedailystar.net/news/bangladesh/crime-justice/news/man-beaten-death-ctgs-sitakunda-one-held-4133416,"Man beaten to death in Ctg’s Sitakunda, one held",2026-06-12T08:00:00,Chattogram,GEC Circle,22.3597,91.8215,violence,30.0,5,8,4,Chattogram,0,district_fallback
Daily Star,https://www.thedailystar.net/news/bangladesh/crime-justice/news/class-10-student-stabbed-death-moghbazar-2-held-4133386,"Class 10 student stabbed to death in Moghbazar, 2 held",2026-06-12T08:00:00,Dhaka,Sadarghat,23.7104,90.4074,violence,15.0,5,8,4,Dhaka,0,district_fallback
Daily Star,https://www.thedailystar.net/news/bangladesh/crime-justice/news/coast-guard-tightens-eid-river-security-4133351,Coast Guard tightens Eid river security,2026-06-12T08:00:00,Chandpur,Chandpur Launch Terminal,23.235623,90.664701,robbery,,3,8,4,chandpur launch terminal,6,zone_alias
Daily Star,https://www.thedailystar.net/news/bangladesh/crime-justice/news/coast-guard-tightens-eid-river-security-4133351,Coast Guard tightens Eid river security,2026-06-12T08:00:00,Dhaka,Sadarghat,23.7104,90.4074,robbery,,3,8,4,sadarghat launch terminal,5,zone_alias
Daily Star,https://www.thedailystar.net/news/bangladesh/crime-justice/news/coast-guard-tightens-eid-river-security-4133351,Coast Guard tightens Eid river security,2026-06-12T08:00:00,Barishal,Chowmatha,22.70497,90.37013,robbery,,3,8,4,barishal,1,zone_alias
Daily Star,https://www.thedailystar.net/news/bangladesh/crime-justice/news/teens-decomposed-body-recovered-karnaphuli-river-ctg-4133161,Teen's decomposed body recovered from Karnaphuli river in Ctg,2026-06-12T08:00:00,Chattogram,Karnaphuli,22.2985,91.881,murder,18.0,5,8,4,karnaphuli,2,zone_alias
Daily Star,https://www.thedailystar.net/news/bangladesh/crime-justice/news/rickshaw-pullers-body-found-pabna-4133081,Rickshaw puller’s body found in Pabna,2026-06-12T08:00:00,Pabna,Bera,24.07821,89.63262,murder,,5,8,4,bera,2,zone_alias
Daily Star,https://www.thedailystar.net/news/bangladesh/crime-justice/news/rickshaw-pullers-body-found-pabna-4133081,Rickshaw puller’s body found in Pabna,2026-06-12T08:00:00,Pabna,Atgharia,24.48515,89.53493,murder,,5,8,4,pabna,1,zone_alias
Daily Star,https://www.thedailystar.net/news/bangladesh/crime-justice/news/rickshaw-pullers-body-found-pabna-4133081,Rickshaw puller’s body found in Pabna,2026-06-12T08:00:00,Pabna,Chatmohar,24.22962,89.29112,murder,,5,8,4,pabna,1,zone_alias
Daily Star,https://www.thedailystar.net/news/bangladesh/crime-justice/news/tonu-murder-78-court-hearing-dates-no-arrests-10-years-4132951,"Tonu murder: 78 court hearing dates, no arrests in 10 years",2026-06-12T08:00:00,Cumilla,Cumilla Medical College,23.770271,90.36068,sexual_violence,,5,8,4,cumilla medical college,6,zone_alias
Daily Star,https://www.thedailystar.net/news/bangladesh/crime-justice/news/tonu-murder-78-court-hearing-dates-no-arrests-10-years-4132951,"Tonu murder: 78 court hearing dates, no arrests in 10 years",2026-06-12T08:00:00,Cumilla,Cumilla Cantonment,23.4417,91.00987,sexual_violence,,5,8,4,cumilla cantonment,5,zone_alias
Daily Star,https://www.thedailystar.net/news/bangladesh/crime-justice/news/tonu-murder-78-court-hearing-dates-no-arrests-10-years-4132951,"Tonu murder: 78 court hearing dates, no arrests in 10 years",2026-06-12T08:00:00,Cumilla,Kandirpar,23.46186,91.18504,sexual_violence,,5,8,4,cumilla,1,zone_alias
Daily Star,https://www.thedailystar.net/news/bangladesh/crime-justice/news/woman-dies-after-falling-rickshaw-during-snatching-attempt-uttara-4132651,Woman dies after falling from rickshaw during snatching attempt in Uttara,2026-06-12T08:00:00,Barguna,Barguna Sadar,22.15672,90.11758,murder,,5,8,4,barguna sadar,5,zone_alias
Daily Star,https://www.thedailystar.net/news/bangladesh/crime-justice/news/woman-dies-after-falling-rickshaw-during-snatching-attempt-uttara-4132651,Woman dies after falling from rickshaw during snatching attempt in Uttara,2026-06-12T08:00:00,Dhaka,Uttara,23.8724,90.3953,murder,,5,8,4,uttara,2,zone_alias
Daily Star,https://www.thedailystar.net/news/bangladesh/crime-justice/news/woman-dies-after-falling-rickshaw-during-snatching-attempt-uttara-4132651,Woman dies after falling from rickshaw during snatching attempt in Uttara,2026-06-12T08:00:00,Barguna,Amtali,22.29623,90.08884,murder,,5,8,4,barguna,1,zone_alias
Daily Star,https://www.thedailystar.net/news/bangladesh/crime-justice/news/content-creator-murder-shaheed-minar-linked-personal-dispute-police-4132606,Content creator murder at Shaheed Minar linked to personal dispute: Police,2026-06-12T08:00:00,Khulna,Khalishpur,22.85308,89.54427,violence,,5,8,4,khulna,1,zone_alias
Daily Star,https://www.thedailystar.net/news/bangladesh/crime-justice/news/content-creator-murder-shaheed-minar-linked-personal-dispute-police-4132606,Content creator murder at Shaheed Minar linked to personal dispute: Police,2026-06-12T08:00:00,Gopalganj,Bhatiapara,23.01018,89.83278,violence,,5,8,4,gopalganj,1,zone_alias
Daily Star,https://www.thedailystar.net/news/bangladesh/crime-justice/news/content-creator-murder-shaheed-minar-linked-personal-dispute-police-4132606,Content creator murder at Shaheed Minar linked to personal dispute: Police,2026-06-12T08:00:00,Gopalganj,Kashiani,23.01018,89.83278,violence,,5,8,4,gopalganj,1,zone_alias
Daily Star,https://www.thedailystar.net/news/bangladesh/crime-justice/news/gun-attack-family-khulna-leaves-4-injured-4132551,Gun attack on family in Khulna leaves 4 injured,2026-06-12T08:00:00,Khulna,Khulna Medical College,22.828592,89.537411,violence,,5,8,4,khulna medical college,6,zone_alias
Daily Star,https://www.thedailystar.net/news/bangladesh/crime-justice/news/gun-attack-family-khulna-leaves-4-injured-4132551,Gun attack on family in Khulna leaves 4 injured,2026-06-12T08:00:00,Khulna,Khalishpur,22.85308,89.54427,violence,,5,8,4,khulna,1,zone_alias
Daily Star,https://www.thedailystar.net/news/bangladesh/crime-justice/news/gun-attack-family-khulna-leaves-4-injured-4132551,Gun attack on family in Khulna leaves 4 injured,2026-06-12T08:00:00,Khulna,Boyra,22.82813,89.543382,violence,,5,8,4,khulna,1,zone_alias
Daily Star,https://www.thedailystar.net/news/bangladesh/crime-justice/news/constable-critically-injured-bagerhat-attack-fugitive-snatched-police-4132021,Constable critically injured in Bagerhat attack as fugitive snatched from police,2026-06-12T08:00:00,Khulna,Khulna Medical College,22.828592,89.537411,violence,,5,8,4,khulna medical college,6,zone_alias
Daily Star,https://www.thedailystar.net/news/bangladesh/crime-justice/news/constable-critically-injured-bagerhat-attack-fugitive-snatched-police-4132021,Constable critically injured in Bagerhat attack as fugitive snatched from police,2026-06-12T08:00:00,Khulna,Khalishpur,22.85308,89.54427,violence,,5,8,4,khulna,1,zone_alias
Daily Star,https://www.thedailystar.net/news/bangladesh/crime-justice/news/constable-critically-injured-bagerhat-attack-fugitive-snatched-police-4132021,Constable critically injured in Bagerhat attack as fugitive snatched from police,2026-06-12T08:00:00,Bagerhat,Rampal,22.65657,89.79123,violence,,5,8,4,bagerhat,1,zone_alias
Daily Star,https://www.thedailystar.net/news/bangladesh/crime-justice/news/condition-10-year-old-kushtia-madrasa-abuse-victim-remains-critical-says-doctor-4131966,"Condition of 10-year-old Kushtia madrasa abuse victim remains critical, says doctor",2026-06-12T08:00:00,Rajshahi,Rajshahi Medical College,24.372,88.586397,suspicious_activity,10.0,4,8,4,rajshahi medical college,6,zone_alias
Daily Star,https://www.thedailystar.net/news/bangladesh/crime-justice/news/condition-10-year-old-kushtia-madrasa-abuse-victim-remains-critical-says-doctor-4131966,"Condition of 10-year-old Kushtia madrasa abuse victim remains critical, says doctor",2026-06-12T08:00:00,Kushtia,Bheramara,24.02452,88.99234,suspicious_activity,10.0,4,8,4,bheramara,2,zone_alias
Daily Star,https://www.thedailystar.net/news/bangladesh/crime-justice/news/condition-10-year-old-kushtia-madrasa-abuse-victim-remains-critical-says-doctor-4131966,"Condition of 10-year-old Kushtia madrasa abuse victim remains critical, says doctor",2026-06-12T08:00:00,Kushtia,Khoksa,23.9028,89.11943,suspicious_activity,10.0,4,8,4,kushtia,1,zone_alias
Daily Star,https://www.thedailystar.net/news/bangladesh/crime-justice/news/four-arrested-over-rape-14-year-old-girl-mymensinghs-bhaluka-4131856,Four arrested over rape of 14-year-old girl in Mymensingh’s Bhaluka,2026-06-12T08:00:00,Mymensingh,Mymensingh Medical College,24.7437,90.4075,sexual_violence,14.0,5,8,4,mymensingh medical college,6,zone_alias
Daily Star,https://www.thedailystar.net/news/bangladesh/crime-justice/news/4-arrested-over-shaheed-minar-killing-4131591,4 arrested over Shaheed Minar killing,2026-06-12T08:00:00,Dhaka,Shahbagh,23.738,90.3958,violence,25.0,5,8,4,shahbagh,2,zone_alias
Daily Star,https://www.thedailystar.net/news/bangladesh/crime-justice/news/condition-kushtia-rape-victim-critical-4131456,Condition of Kushtia rape victim critical,2026-06-12T08:00:00,Rajshahi,Rajshahi Medical College,24.372,88.586397,sexual_violence,15.0,5,8,4,rajshahi medical college,6,zone_alias
Daily Star,https://www.thedailystar.net/news/bangladesh/crime-justice/news/condition-kushtia-rape-victim-critical-4131456,Condition of Kushtia rape victim critical,2026-06-12T08:00:00,Kushtia,Bheramara,24.02452,88.99234,sexual_violence,15.0,5,8,4,bheramara,2,zone_alias
Daily Star,https://www.thedailystar.net/news/bangladesh/crime-justice/news/condition-kushtia-rape-victim-critical-4131456,Condition of Kushtia rape victim critical,2026-06-12T08:00:00,Kushtia,Khoksa,23.9028,89.11943,sexual_violence,15.0,5,8,4,kushtia,1,zone_alias
Daily Star,https://www.thedailystar.net/news/bangladesh/crime-justice/news/madrasa-student-admitted-rmch-signs-sexual-abuse-3-detained-kushtia-4130956,Madrasa student admitted to RMCH with signs of sexual abuse; 3 detained in Kushtia,2026-06-12T08:00:00,Rajshahi,Rajshahi Medical College,24.372,88.586397,suspicious_activity,10.0,4,8,4,rajshahi medical college,6,zone_alias
Daily Star,https://www.thedailystar.net/news/bangladesh/crime-justice/news/madrasa-student-admitted-rmch-signs-sexual-abuse-3-detained-kushtia-4130956,Madrasa student admitted to RMCH with signs of sexual abuse; 3 detained in Kushtia,2026-06-12T08:00:00,Kushtia,Bheramara,24.02452,88.99234,suspicious_activity,10.0,4,8,4,bheramara,2,zone_alias
Daily Star,https://www.thedailystar.net/news/bangladesh/crime-justice/news/madrasa-student-admitted-rmch-signs-sexual-abuse-3-detained-kushtia-4130956,Madrasa student admitted to RMCH with signs of sexual abuse; 3 detained in Kushtia,2026-06-12T08:00:00,Kushtia,Khoksa,23.9028,89.11943,suspicious_activity,10.0,4,8,4,kushtia,1,zone_alias
Daily Star,https://www.thedailystar.net/news/bangladesh/crime-justice/news/21-crude-bomb-explosives-found-rajshahi-4130746,21 crude bomb-like explosives found in Rajshahi,2026-06-12T08:00:00,Rajshahi,Binodpur,24.37443,88.603999,suspicious_activity,,3,8,4,rajshahi,1,zone_alias
Daily Star,https://www.thedailystar.net/news/bangladesh/crime-justice/news/21-crude-bomb-explosives-found-rajshahi-4130746,21 crude bomb-like explosives found in Rajshahi,2026-06-12T08:00:00,Rajshahi,Kazla,24.364265,88.632816,suspicious_activity,,3,8,4,rajshahi,1,zone_alias
Daily Star,https://www.thedailystar.net/news/bangladesh/crime-justice/news/3-held-within-24-hours-over-killing-youth-near-shaheed-minar-police-4130241,3 held within 24 hours over killing of youth near Shaheed Minar: Police,2026-06-12T08:00:00,Dhaka,Shahbagh,23.738,90.3958,violence,25.0,5,8,4,shahbagh,2,zone_alias
Daily Star,https://www.thedailystar.net/news/bangladesh/crime-justice/news/3-held-within-24-hours-over-killing-youth-near-shaheed-minar-police-4130241,3 held within 24 hours over killing of youth near Shaheed Minar: Police,2026-06-12T08:00:00,Khulna,Khalishpur,22.85308,89.54427,violence,25.0,5,8,4,khulna,1,zone_alias
Daily Star,https://www.thedailystar.net/news/bangladesh/crime-justice/news/3-held-within-24-hours-over-killing-youth-near-shaheed-minar-police-4130241,3 held within 24 hours over killing of youth near Shaheed Minar: Police,2026-06-12T08:00:00,Khulna,Boyra,22.82813,89.543382,violence,25.0,5,8,4,khulna,1,zone_alias
Daily Star,https://www.thedailystar.net/news/bangladesh/crime-justice/news/ju-student-sharmin-murder-husband-sent-jail-4130126,JU student Sharmin murder: Husband sent to jail,2026-06-12T08:00:00,Dhaka,Sadarghat,23.7104,90.4074,murder,,5,8,4,Dhaka,0,district_fallback
Daily Star,https://www.thedailystar.net/news/bangladesh/crime-justice/news/man-shot-dead-khulna-4129976,Man shot dead in Khulna,2026-06-12T08:00:00,Khulna,Khulna Medical College,22.828592,89.537411,murder,,5,8,4,khulna medical college,6,zone_alias
Daily Star,https://www.thedailystar.net/news/bangladesh/crime-justice/news/man-shot-dead-khulna-4129976,Man shot dead in Khulna,2026-06-12T08:00:00,Khulna,Khalishpur,22.85308,89.54427,murder,,5,8,4,khulna,1,zone_alias
Daily Star,https://www.thedailystar.net/news/bangladesh/crime-justice/news/man-shot-dead-khulna-4129976,Man shot dead in Khulna,2026-06-12T08:00:00,Khulna,Boyra,22.82813,89.543382,murder,,5,8,4,khulna,1,zone_alias
Daily Star,https://www.thedailystar.net/news/bangladesh/crime-justice/news/uttara-shopping-mall-vandalised-over-rumour-rickshaw-pullers-death-4129971,Uttara shopping mall vandalised over rumour of rickshaw puller’s death,2026-06-12T08:00:00,Dhaka,Uttara,23.8724,90.3953,violence,,4,8,4,uttara,2,zone_alias
Daily Star,https://www.thedailystar.net/news/bangladesh/crime-justice/news/ju-student-murder-husband-shown-arrested-4129906,JU student murder: Husband shown arrested,2026-06-12T08:00:00,Dhaka,Sadarghat,23.7104,90.4074,murder,,5,8,4,Dhaka,0,district_fallback
Daily Star,https://www.thedailystar.net/news/bangladesh/crime-justice/news/two-die-minutes-after-pre-surgery-injection-4129821,Two die minutes after pre-surgery injection,2026-06-12T08:00:00,Patuakhali,Kalapara,21.98455,90.22969,suspicious_activity,,3,8,4,kalapara patuakhali,4,zone_alias
Daily Star,https://www.thedailystar.net/news/bangladesh/crime-justice/news/two-die-minutes-after-pre-surgery-injection-4129821,Two die minutes after pre-surgery injection,2026-06-12T08:00:00,Barishal,Chowmatha,22.70497,90.37013,suspicious_activity,,3,8,4,barishal,1,zone_alias
Daily Star,https://www.thedailystar.net/news/bangladesh/crime-justice/news/two-die-minutes-after-pre-surgery-injection-4129821,Two die minutes after pre-surgery injection,2026-06-12T08:00:00,Barishal,Amanatganj,22.730897,90.377817,suspicious_activity,,3,8,4,barishal,1,zone_alias
Daily Star,https://www.thedailystar.net/news/bangladesh/crime-justice/news/ju-student-found-dead-her-home-husband-detained-4129816,JU student found dead in her home Husband detained,2026-06-12T08:00:00,Dhaka,Sadarghat,23.7104,90.4074,murder,,5,8,4,Dhaka,0,district_fallback
Daily Star,https://www.thedailystar.net/news/bangladesh/crime-justice/news/youth-shot-front-shaheed-minar-dies-dmch-4129746,Youth shot in front of Shaheed Minar dies at DMCH,2026-06-12T08:00:00,Dhaka,Shahbagh,23.738,90.3958,murder,,5,8,4,shahbagh,2,zone_alias
Daily Star,https://www.thedailystar.net/news/bangladesh/crime-justice/news/railway-police-si-constable-assaulted-narayanganj-during-drug-suspect-detention-4129471,"Railway Police SI, constable assaulted in Narayanganj during drug suspect detention",2026-06-12T08:00:00,Narayanganj,Chashara,23.62502,90.49684,violence,,5,8,4,narayanganj,1,zone_alias
Daily Star,https://www.thedailystar.net/news/bangladesh/crime-justice/news/railway-police-si-constable-assaulted-narayanganj-during-drug-suspect-detention-4129471,"Railway Police SI, constable assaulted in Narayanganj during drug suspect detention",2026-06-12T08:00:00,Narayanganj,Fatullah,23.63816,90.49097,violence,,5,8,4,narayanganj,1,zone_alias
Daily Star,https://www.thedailystar.net/news/bangladesh/crime-justice/news/railway-police-si-constable-assaulted-narayanganj-during-drug-suspect-detention-4129471,"Railway Police SI, constable assaulted in Narayanganj during drug suspect detention",2026-06-12T08:00:00,Narayanganj,Rupganj,23.61352,90.50298,violence,,5,8,4,narayanganj,1,zone_alias
Daily Star,https://www.thedailystar.net/news/bangladesh/crime-justice/news/body-ju-student-recovered-savar-home-police-take-husband-custody-4129451,"Body of JU student recovered from Savar home, police take husband in custody",2026-06-12T08:00:00,Dhaka,Sadarghat,23.7104,90.4074,murder,,5,8,4,Dhaka,0,district_fallback
Daily Star,https://www.thedailystar.net/news/bangladesh/crime-justice/news/coast-guard-detains-7-alleged-gang-members-khulna-raid-4129336,Coast Guard detains 7 alleged gang members in Khulna raid,2026-06-12T08:00:00,Narail,Kalia,23.043,89.63094,suspicious_activity,,2,8,4,kalia,2,zone_alias
Daily Star,https://www.thedailystar.net/news/bangladesh/crime-justice/news/coast-guard-detains-7-alleged-gang-members-khulna-raid-4129336,Coast Guard detains 7 alleged gang members in Khulna raid,2026-06-12T08:00:00,Narail,Lakshmipasha,23.15509,89.49515,suspicious_activity,,2,8,4,narail,1,zone_alias
Daily Star,https://www.thedailystar.net/news/bangladesh/crime-justice/news/coast-guard-detains-7-alleged-gang-members-khulna-raid-4129336,Coast Guard detains 7 alleged gang members in Khulna raid,2026-06-12T08:00:00,Khulna,Khalishpur,22.85308,89.54427,suspicious_activity,,2,8,4,khulna,1,zone_alias
Daily Star,https://www.thedailystar.net/news/bangladesh/news/playing-mujibs-march-7-speech-emi-denied-bail-again-4129296,Playing Mujib's March 7 speech: Emi denied bail again,2026-06-12T08:00:00,Dhaka,Shahbagh,23.738,90.3958,suspicious_activity,,2,8,4,shahbagh,2,zone_alias
Daily Star,https://www.thedailystar.net/news/bangladesh/crime-justice/news/man-killed-clash-over-soil-extraction-feni-cropland-4129196,Man killed in clash over soil extraction from Feni cropland,2026-06-12T08:00:00,Feni,Feni Sadar,23.01134,91.4013,murder,,5,8,4,feni sadar,5,zone_alias
Daily Star,https://www.thedailystar.net/news/bangladesh/crime-justice/news/man-killed-clash-over-soil-extraction-feni-cropland-4129196,Man killed in clash over soil extraction from Feni cropland,2026-06-12T08:00:00,Feni,Chhagalnaiya,23.02475,91.51092,murder,,5,8,4,chhagalnaiya,2,zone_alias
Daily Star,https://www.thedailystar.net/news/bangladesh/crime-justice/news/man-killed-clash-over-soil-extraction-feni-cropland-4129196,Man killed in clash over soil extraction from Feni cropland,2026-06-12T08:00:00,Feni,Dagonbhuiyan,23.01134,91.4013,murder,,5,8,4,feni,1,zone_alias
Daily Star,https://www.thedailystar.net/news/bangladesh/crime-justice/news/husband-calls-999-after-killing-wife-brick-chattograms-patenga-4129046,Husband calls 999 after killing wife with brick in Chattogram: Police,2026-06-12T08:00:00,Chattogram,Patenga,22.2359,91.7918,suspicious_activity,15.0,4,8,4,patenga,2,zone_alias
Daily Star,https://www.thedailystar.net/news/bangladesh/crime-justice/news/husband-calls-999-after-killing-wife-brick-chattograms-patenga-4129046,Husband calls 999 after killing wife with brick in Chattogram: Police,2026-06-12T08:00:00,Lakshmipur,Ramganj,23.1006,90.84989,suspicious_activity,15.0,4,8,4,ramganj,2,zone_alias
Daily Star,https://www.thedailystar.net/news/bangladesh/crime-justice/news/husband-calls-999-after-killing-wife-brick-chattograms-patenga-4129046,Husband calls 999 after killing wife with brick in Chattogram: Police,2026-06-12T08:00:00,Lakshmipur,Chandragonj,22.9443,90.83005,suspicious_activity,15.0,4,8,4,lakshmipur,1,zone_alias
Daily Star,https://www.thedailystar.net/news/bangladesh/crime-justice/news/i-faced-injustice-and-oppression-says-journo-anis-alamgir-after-being-released-bail-4128966,‘I faced injustice and oppression’: Says journo Anis Alamgir after being released on bail,2026-06-12T08:00:00,Dhaka,Dhanmondi,23.7461,90.3742,suspicious_activity,,2,8,4,dhanmondi,2,zone_alias
Daily Star,https://www.thedailystar.net/news/bangladesh/crime-justice/news/i-faced-injustice-and-oppression-says-journo-anis-alamgir-after-being-released-bail-4128966,‘I faced injustice and oppression’: Says journo Anis Alamgir after being released on bail,2026-06-12T08:00:00,Gazipur,Konabari,24.126097,90.472114,suspicious_activity,,2,8,4,gazipur,1,zone_alias
Daily Star,https://www.thedailystar.net/news/bangladesh/crime-justice/news/i-faced-injustice-and-oppression-says-journo-anis-alamgir-after-being-released-bail-4128966,‘I faced injustice and oppression’: Says journo Anis Alamgir after being released on bail,2026-06-12T08:00:00,Gazipur,Kaliakair,24.126097,90.472114,suspicious_activity,,2,8,4,gazipur,1,zone_alias
Daily Star,https://www.thedailystar.net/news/bangladesh/crime-justice/news/hadi-killing-man-who-helped-key-accused-flee-held-india-4128901,Hadi Killing: Man who helped key accused flee held in India,2026-06-12T08:00:00,Dhaka,Paltan,23.7362,90.4142,suspicious_activity,,3,8,4,paltan,2,zone_alias
Daily Star,https://www.thedailystar.net/news/bangladesh/crime-justice/news/teen-held-over-rape-jashore-4128846,Teen held over rape in Jashore,2026-06-12T08:00:00,Jashore,Chanchra,23.168306,89.210408,sexual_violence,13.0,5,8,4,jashore,1,zone_alias
Daily Star,https://www.thedailystar.net/news/bangladesh/crime-justice/news/teen-held-over-rape-jashore-4128846,Teen held over rape in Jashore,2026-06-12T08:00:00,Jashore,Bagharpara,24.045958,90.032723,sexual_violence,13.0,5,8,4,jashore,1,zone_alias
Daily Star,https://www.thedailystar.net/news/bangladesh/crime-justice/news/teen-held-over-rape-jashore-4128846,Teen held over rape in Jashore,2026-06-12T08:00:00,Jashore,Jhikargacha,23.11134,89.09061,sexual_violence,13.0,5,8,4,jashore,1,zone_alias
Daily Star,https://www.thedailystar.net/news/bangladesh/crime-justice/news/two-missing-men-found-dead-waterbodies-4128831,Two missing men found dead in waterbodies,2026-06-12T08:00:00,Khulna,Khulna Medical College,22.828592,89.537411,kidnapping,,5,8,4,khulna medical college,6,zone_alias
Daily Star,https://www.thedailystar.net/news/bangladesh/crime-justice/news/two-missing-men-found-dead-waterbodies-4128831,Two missing men found dead in waterbodies,2026-06-12T08:00:00,Khulna,Khalishpur,22.85308,89.54427,kidnapping,,5,8,4,khulna,1,zone_alias
Daily Star,https://www.thedailystar.net/news/bangladesh/crime-justice/news/two-missing-men-found-dead-waterbodies-4128831,Two missing men found dead in waterbodies,2026-06-12T08:00:00,Noakhali,Chowmuhani,22.816467,91.121505,kidnapping,,5,8,4,noakhali,1,zone_alias
Daily Star,https://www.thedailystar.net/news/bangladesh/crime-justice/news/bnp-leader-accused-snatching-recruitment-test-documents-uno-office-thaurgaon-4128596,BNP leader accused of snatching recruitment test documents from UNO office in Thaurgaon,2026-06-12T08:00:00,Thakurgaon,Baliadangi,26.03097,88.46989,robbery,,3,8,4,thakurgaon,1,zone_alias
Daily Star,https://www.thedailystar.net/news/bangladesh/crime-justice/news/bnp-leader-accused-snatching-recruitment-test-documents-uno-office-thaurgaon-4128596,BNP leader accused of snatching recruitment test documents from UNO office in Thaurgaon,2026-06-12T08:00:00,Thakurgaon,Ranisankail,25.89085,88.26495,robbery,,3,8,4,thakurgaon,1,zone_alias
Daily Star,https://www.thedailystar.net/news/bangladesh/crime-justice/news/bnp-leader-accused-snatching-recruitment-test-documents-uno-office-thaurgaon-4128596,BNP leader accused of snatching recruitment test documents from UNO office in Thaurgaon,2026-06-12T08:00:00,Thakurgaon,Ruhia,26.03097,88.46989,robbery,,3,8,4,thakurgaon,1,zone_alias
Daily Star,https://www.thedailystar.net/news/bangladesh/crime-justice/news/13-yr-old-raped-jashores-abhaynagar-teenager-held-and-handed-over-police-4128511,"13-yr-old raped in Jashore’s Abhaynagar, teenager held and handed over to police",2026-06-12T08:00:00,Khulna,Khulna Medical College,22.828592,89.537411,sexual_violence,13.0,5,8,4,khulna medical college,6,zone_alias
Daily Star,https://www.thedailystar.net/news/bangladesh/crime-justice/news/13-yr-old-raped-jashores-abhaynagar-teenager-held-and-handed-over-police-4128511,"13-yr-old raped in Jashore’s Abhaynagar, teenager held and handed over to police",2026-06-12T08:00:00,Jashore,Chanchra,23.168306,89.210408,sexual_violence,13.0,5,8,4,jashore,1,zone_alias
Daily Star,https://www.thedailystar.net/news/bangladesh/crime-justice/news/13-yr-old-raped-jashores-abhaynagar-teenager-held-and-handed-over-police-4128511,"13-yr-old raped in Jashore’s Abhaynagar, teenager held and handed over to police",2026-06-12T08:00:00,Khulna,Khalishpur,22.85308,89.54427,sexual_violence,13.0,5,8,4,khulna,1,zone_alias
Daily Star,https://www.thedailystar.net/news/bangladesh/crime-justice/news/dreams-crushed-under-wheels-4128161,Dreams crushed under wheels,2026-06-12T08:00:00,Gazipur,Joydebpur Railway Station,24.00258,90.420102,suspicious_activity,,3,8,4,joydebpur railway station,6,zone_alias
Daily Star,https://www.thedailystar.net/news/bangladesh/crime-justice/news/dreams-crushed-under-wheels-4128161,Dreams crushed under wheels,2026-06-12T08:00:00,Dhaka,Motijheel,23.733,90.4172,suspicious_activity,,3,8,4,motijheel,2,zone_alias
Daily Star,https://www.thedailystar.net/news/bangladesh/crime-justice/news/dreams-crushed-under-wheels-4128161,Dreams crushed under wheels,2026-06-12T08:00:00,Gazipur,Konabari,24.126097,90.472114,suspicious_activity,,3,8,4,gazipur,1,zone_alias
Daily Star,https://www.thedailystar.net/news/bangladesh/crime-justice/news/45-injured-clash-over-vgf-cards-4128091,45 injured in clash over VGF cards,2026-06-12T08:00:00,Jhenaidah,Shailkupa,23.68395,89.2422,violence,,5,8,4,shailkupa,2,zone_alias
Daily Star,https://www.thedailystar.net/news/bangladesh/crime-justice/news/45-injured-clash-over-vgf-cards-4128091,45 injured in clash over VGF cards,2026-06-12T08:00:00,Jhenaidah,Kotchandpur,23.502088,89.122619,violence,,5,8,4,jhenaidah,1,zone_alias
Daily Star,https://www.thedailystar.net/news/bangladesh/crime-justice/news/45-injured-clash-over-vgf-cards-4128091,45 injured in clash over VGF cards,2026-06-12T08:00:00,Jhenaidah,Maheshpur,23.35291,88.91222,violence,,5,8,4,jhenaidah,1,zone_alias
Daily Star,https://www.thedailystar.net/news/bangladesh/crime-justice/news/two-held-raping-college-girl-launch-4126836,Two held for raping college girl on launch,2026-06-12T08:00:00,Noakhali,Chowmuhani,22.816467,91.121505,suspicious_activity,15.0,4,8,4,noakhali,1,zone_alias
Daily Star,https://www.thedailystar.net/news/bangladesh/crime-justice/news/two-held-raping-college-girl-launch-4126836,Two held for raping college girl on launch,2026-06-12T08:00:00,Noakhali,Begumganj,23.0225,91.07472,suspicious_activity,15.0,4,8,4,noakhali,1,zone_alias
Daily Star,https://www.thedailystar.net/news/bangladesh/crime-justice/news/two-held-raping-college-girl-launch-4126836,Two held for raping college girl on launch,2026-06-12T08:00:00,Noakhali,Chatkhil,23.05241,90.97684,suspicious_activity,15.0,4,8,4,noakhali,1,zone_alias
Daily Star,https://www.thedailystar.net/news/bangladesh/crime-justice/news/no-legal-bar-journo-anis-alamgirs-release-4126811,No legal bar to journo Anis Alamgir’s release,2026-06-12T08:00:00,Dhaka,Dhanmondi,23.7461,90.3742,suspicious_activity,,2,8,4,dhanmondi,2,zone_alias
Daily Star,https://www.thedailystar.net/news/bangladesh/crime-justice/news/no-legal-bar-journo-anis-alamgirs-release-4126811,No legal bar to journo Anis Alamgir’s release,2026-06-12T08:00:00,Dhaka,Uttara,23.8724,90.3953,suspicious_activity,,2,8,4,uttara,2,zone_alias
Daily Star,https://www.thedailystar.net/news/bangladesh/crime-justice/news/du-professor-arrested-gulistan-while-heading-awami-league-march-police-4126506,DU professor arrested in Gulistan while heading to Awami League march: Police,2026-06-12T08:00:00,Dhaka,Paltan,23.7362,90.4142,suspicious_activity,,2,8,4,paltan,2,zone_alias
Daily Star,https://www.thedailystar.net/news/bangladesh/crime-justice/news/du-professor-arrested-gulistan-while-heading-awami-league-march-police-4126506,DU professor arrested in Gulistan while heading to Awami League march: Police,2026-06-12T08:00:00,Gopalganj,Bhatiapara,23.01018,89.83278,suspicious_activity,,2,8,4,gopalganj,1,zone_alias
Daily Star,https://www.thedailystar.net/news/bangladesh/crime-justice/news/du-professor-arrested-gulistan-while-heading-awami-league-march-police-4126506,DU professor arrested in Gulistan while heading to Awami League march: Police,2026-06-12T08:00:00,Gopalganj,Kashiani,23.01018,89.83278,suspicious_activity,,2,8,4,gopalganj,1,zone_alias
Daily Star,https://www.thedailystar.net/news/bangladesh/crime-justice/news/madrasa-students-body-recovered-bamboo-grove-chandpur-4126441,Madrasa student’s body recovered from bamboo grove in Chandpur,2026-06-12T08:00:00,Chandpur,Chandpur Sadar,23.265305,90.753564,murder,,5,8,4,chandpur sadar,5,zone_alias
Daily Star,https://www.thedailystar.net/news/bangladesh/crime-justice/news/madrasa-students-body-recovered-bamboo-grove-chandpur-4126441,Madrasa student’s body recovered from bamboo grove in Chandpur,2026-06-12T08:00:00,Chandpur,Faridganj,23.13559,90.7434,murder,,5,8,4,faridganj,2,zone_alias
Daily Star,https://www.thedailystar.net/news/bangladesh/crime-justice/news/madrasa-students-body-recovered-bamboo-grove-chandpur-4126441,Madrasa student’s body recovered from bamboo grove in Chandpur,2026-06-12T08:00:00,Faridpur,Goalchamot,23.5936,89.8201,murder,,5,8,4,faridpur,1,zone_alias
Daily Star,https://www.thedailystar.net/news/bangladesh/crime-justice/news/ex-land-minister-saifuzzaman-35-others-indicted-money-laundering-case-4126321,"Ex-land minister Saifuzzaman, 35 others indicted in money laundering case",2026-06-12T08:00:00,Chattogram,GEC Circle,22.3597,91.8215,suspicious_activity,,2,8,4,Chattogram,0,district_fallback
Daily Star,https://www.thedailystar.net/news/bangladesh/crime-justice/news/ex-land-minister-saifuzzaman-35-others-indicted-money-laundering-case-4126321,"Ex-land minister Saifuzzaman, 35 others indicted in money laundering case",2026-06-12T08:00:00,Dhaka,Sadarghat,23.7104,90.4074,suspicious_activity,,2,8,4,Dhaka,0,district_fallback
Daily Star,https://www.thedailystar.net/news/bangladesh/crime-justice/news/man-gets-six-months-jail-killing-neighbours-pet-cat-dhaka-4126176,Man gets six months’ jail for killing neighbour's pet cat in Dhaka,2026-06-12T08:00:00,Dhaka,Mohammadpur,23.7657,90.3589,kidnapping,,5,8,4,mohammadpur,2,zone_alias
Daily Star,https://www.thedailystar.net/news/bangladesh/crime-justice/news/sc-fixes-tomorrow-pass-order-petition-over-nct-lease-4126101,SC fixes tomorrow to pass order on petition over NCT lease,2026-06-12T08:00:00,Chattogram,GEC Circle,22.3597,91.8215,suspicious_activity,,2,8,4,Chattogram,0,district_fallback
Daily Star,https://www.thedailystar.net/news/national-election-2026/news/mamunul-haque-challenges-dhaka-13-election-result-4126016,Mamunul Haque challenges Dhaka-13 election result,2026-06-12T08:00:00,Dhaka,Sadarghat,23.7104,90.4074,suspicious_activity,,2,8,4,Dhaka,0,district_fallback
Daily Star,https://www.thedailystar.net/news/bangladesh/crime-justice/news/teen-students-death-tangail-school-raises-questions-4125776,Teen student’s death at Tangail school raises questions,2026-06-12T08:00:00,Tangail,Tangail General Hospital,24.26397,89.925263,suspicious_activity,,3,8,4,tangail general hospital,6,zone_alias
Daily Star,https://www.thedailystar.net/news/bangladesh/crime-justice/news/teen-students-death-tangail-school-raises-questions-4125776,Teen student’s death at Tangail school raises questions,2026-06-12T08:00:00,Tangail,Tangail Sadar,24.24984,89.91655,suspicious_activity,,3,8,4,tangail sadar,5,zone_alias
Daily Star,https://www.thedailystar.net/news/bangladesh/crime-justice/news/teen-students-death-tangail-school-raises-questions-4125776,Teen student’s death at Tangail school raises questions,2026-06-12T08:00:00,Manikganj,Beutha,23.84361,90.00256,suspicious_activity,,3,8,4,manikganj,1,zone_alias
Daily Star,https://www.thedailystar.net/news/bangladesh/crime-justice/news/inu-denies-role-july-killings-4125611,Inu denies role in July killings,2026-06-12T08:00:00,Kushtia,Bheramara,24.02452,88.99234,murder,,5,8,4,kushtia,1,zone_alias
Daily Star,https://www.thedailystar.net/news/bangladesh/crime-justice/news/inu-denies-role-july-killings-4125611,Inu denies role in July killings,2026-06-12T08:00:00,Kushtia,Khoksa,23.9028,89.11943,murder,,5,8,4,kushtia,1,zone_alias
Daily Star,https://www.thedailystar.net/news/bangladesh/crime-justice/news/inu-denies-role-july-killings-4125611,Inu denies role in July killings,2026-06-12T08:00:00,Kushtia,Kumarkhali,23.86132,89.24197,murder,,5,8,4,kushtia,1,zone_alias
Daily Star,https://www.thedailystar.net/news/bangladesh/crime-justice/news/missing-college-student-found-dead-gopalganj-pond-4125566,Missing college student found dead in Gopalganj pond,2026-06-12T08:00:00,Gopalganj,Muksudpur,23.01018,89.83278,murder,,5,8,4,muksudpur,2,zone_alias
Daily Star,https://www.thedailystar.net/news/bangladesh/crime-justice/news/missing-college-student-found-dead-gopalganj-pond-4125566,Missing college student found dead in Gopalganj pond,2026-06-12T08:00:00,Gopalganj,Bhatiapara,23.01018,89.83278,murder,,5,8,4,gopalganj,1,zone_alias
Daily Star,https://www.thedailystar.net/news/bangladesh/crime-justice/news/missing-college-student-found-dead-gopalganj-pond-4125566,Missing college student found dead in Gopalganj pond,2026-06-12T08:00:00,Gopalganj,Kashiani,23.01018,89.83278,murder,,5,8,4,gopalganj,1,zone_alias
Daily Star,https://www.thedailystar.net/news/bangladesh/crime-justice/news/joint-forces-operation-jungle-salimpur-arms-recovered-cctv-network-dismantled-4125491,"Joint forces' operation in Jungle Salimpur: Arms recovered, CCTV network dismantled",2026-06-12T08:00:00,Chattogram,Khulshi,22.364,91.8064,suspicious_activity,,2,8,4,khulshi,2,zone_alias
Daily Star,https://www.thedailystar.net/news/bangladesh/crime-justice/news/du-student-assault-pavels-mother-declines-file-fir-after-lodging-complaint-4125381,DU student assault: Pavel's mother declines to file FIR after lodging complaint,2026-06-12T08:00:00,Dhaka,Shahbagh,23.738,90.3958,violence,,5,8,4,shahbagh,2,zone_alias
Daily Star,https://www.thedailystar.net/news/bangladesh/crime-justice/news/tofazzals-murder-arrest-warrants-issued-against-22-du-students-4125351,Tofazzal's murder: Arrest warrants issued against 22 DU students,2026-06-12T08:00:00,Dhaka,Shahbagh,23.738,90.3958,robbery,35.0,4,8,4,shahbagh,2,zone_alias
Daily Star,https://www.thedailystar.net/news/bangladesh/crime-justice/news/four-held-graveyard-skeleton-trade-47-human-skulls-recovered-dhaka-raids-4125336,Four held for graveyard skeleton trade; 47 human skulls recovered in Dhaka raids,2026-06-12T08:00:00,Dhaka,Uttara,23.8724,90.3953,robbery,,4,8,4,uttara sector,4,zone_alias
Daily Star,https://www.thedailystar.net/news/bangladesh/crime-justice/news/four-held-graveyard-skeleton-trade-47-human-skulls-recovered-dhaka-raids-4125336,Four held for graveyard skeleton trade; 47 human skulls recovered in Dhaka raids,2026-06-12T08:00:00,Dhaka,Tejgaon,23.7631,90.4003,robbery,,4,8,4,tejgaon,2,zone_alias
Daily Star,https://www.thedailystar.net/news/bangladesh/crime-justice/news/four-held-graveyard-skeleton-trade-47-human-skulls-recovered-dhaka-raids-4125336,Four held for graveyard skeleton trade; 47 human skulls recovered in Dhaka raids,2026-06-12T08:00:00,Gazipur,Konabari,24.126097,90.472114,robbery,,4,8,4,gazipur,1,zone_alias
Daily Star,https://www.thedailystar.net/news/bangladesh/crime-justice/news/government-challenges-hc-bail-ex-cj-khairul-haque-4125281,Government challenges HC bail of ex-CJ Khairul Haque,2026-06-12T08:00:00,Narayanganj,Fatullah,23.63816,90.49097,murder,,5,8,4,fatullah,2,zone_alias
Daily Star,https://www.thedailystar.net/news/bangladesh/crime-justice/news/government-challenges-hc-bail-ex-cj-khairul-haque-4125281,Government challenges HC bail of ex-CJ Khairul Haque,2026-06-12T08:00:00,Narayanganj,Chashara,23.62502,90.49684,murder,,5,8,4,narayanganj,1,zone_alias
Daily Star,https://www.thedailystar.net/news/bangladesh/crime-justice/news/government-challenges-hc-bail-ex-cj-khairul-haque-4125281,Government challenges HC bail of ex-CJ Khairul Haque,2026-06-12T08:00:00,Narayanganj,Rupganj,23.61352,90.50298,murder,,5,8,4,narayanganj,1,zone_alias
Daily Star,https://www.thedailystar.net/news/bangladesh/crime-justice/news/three-including-husband-held-over-stabbing-death-woman-gazipur-4125251,"Three, including husband, held over stabbing death of woman in Gazipur",2026-06-12T08:00:00,Netrokona,Netrokona Sadar,24.867111,90.74224,murder,,5,8,4,netrokona sadar,5,zone_alias
Daily Star,https://www.thedailystar.net/news/bangladesh/crime-justice/news/three-including-husband-held-over-stabbing-death-woman-gazipur-4125251,"Three, including husband, held over stabbing death of woman in Gazipur",2026-06-12T08:00:00,Sunamganj,Sunamganj Sadar,25.06889,91.40243,murder,,5,8,4,sunamganj sadar,5,zone_alias
Daily Star,https://www.thedailystar.net/news/bangladesh/crime-justice/news/three-including-husband-held-over-stabbing-death-woman-gazipur-4125251,"Three, including husband, held over stabbing death of woman in Gazipur",2026-06-12T08:00:00,Gazipur,Sreepur,24.126097,90.472114,murder,,5,8,4,sreepur gazipur,4,zone_alias
Daily Star,https://www.thedailystar.net/news/bangladesh/crime-justice/news/auto-rickshaw-driver-hacked-death-dhakas-shantibagh-4125146,Auto-rickshaw driver hacked to death in Dhaka’s Shantibagh,2026-06-12T08:00:00,Dhaka,Rampura,23.7639,90.4217,murder,32.0,5,8,4,rampura,2,zone_alias
Daily Star,https://www.thedailystar.net/news/bangladesh/crime-justice/news/auto-rickshaw-driver-hacked-death-dhakas-shantibagh-4125146,Auto-rickshaw driver hacked to death in Dhaka’s Shantibagh,2026-06-12T08:00:00,Cumilla,Kandirpar,23.46186,91.18504,murder,32.0,5,8,4,cumilla,1,zone_alias
Daily Star,https://www.thedailystar.net/news/bangladesh/crime-justice/news/auto-rickshaw-driver-hacked-death-dhakas-shantibagh-4125146,Auto-rickshaw driver hacked to death in Dhaka’s Shantibagh,2026-06-12T08:00:00,Gazipur,Konabari,24.126097,90.472114,murder,32.0,5,8,4,gazipur,1,zone_alias
Daily Star,https://www.thedailystar.net/news/bangladesh/crime-justice/news/chhatra-shakti-men-beat-du-student-4125081,Chhatra Shakti men beat up DU student,2026-06-12T08:00:00,Dhaka,Shahbagh,23.738,90.3958,violence,,5,8,4,shahbagh,2,zone_alias
Daily Star,https://www.thedailystar.net/news/bangladesh/crime-justice/news/joint-forces-claim-control-jungle-salimpur-4125046,Joint forces claim control of Jungle Salimpur,2026-06-12T08:00:00,Chattogram,GEC Circle,22.3597,91.8215,violence,,4,8,4,Chattogram,0,district_fallback
Daily Star,https://www.thedailystar.net/news/bangladesh/crime-justice/news/hadi-murder-suspects-dhaka-seeks-consular-access-extradition-4125021,"Hadi murder suspects: Dhaka seeks consular access, extradition",2026-06-12T08:00:00,Dhaka,Paltan,23.7362,90.4142,murder,,5,8,4,paltan,2,zone_alias
Daily Star,https://www.thedailystar.net/news/bangladesh/crime-justice/news/hadi-murder-suspects-dhaka-seeks-consular-access-extradition-4125021,"Hadi murder suspects: Dhaka seeks consular access, extradition",2026-06-12T08:00:00,Patuakhali,Bauphal,22.41593,90.55943,murder,,5,8,4,patuakhali,1,zone_alias
Daily Star,https://www.thedailystar.net/news/bangladesh/crime-justice/news/hadi-murder-suspects-dhaka-seeks-consular-access-extradition-4125021,"Hadi murder suspects: Dhaka seeks consular access, extradition",2026-06-12T08:00:00,Patuakhali,Dumki,22.47022,90.38309,murder,,5,8,4,patuakhali,1,zone_alias
Daily Star,https://www.thedailystar.net/news/bangladesh/crime-justice/news/playing-mujibs-speech-dhaka-court-denies-bail-3-4125001,Playing mujib’s speech: Dhaka court denies bail to 3,2026-06-12T08:00:00,Dhaka,Shahbagh,23.738,90.3958,suspicious_activity,,2,8,4,shahbagh,2,zone_alias
Daily Star,https://www.thedailystar.net/news/bangladesh/crime-justice/news/one-sent-jail-over-rape-blackmail-feni-4124976,"One sent to jail over rape, blackmail in Feni",2026-06-12T08:00:00,Feni,Sonagazi,22.81935,91.42191,sexual_violence,32.0,5,8,4,sonagazi,2,zone_alias
Daily Star,https://www.thedailystar.net/news/bangladesh/crime-justice/news/one-sent-jail-over-rape-blackmail-feni-4124976,"One sent to jail over rape, blackmail in Feni",2026-06-12T08:00:00,Feni,Chhagalnaiya,23.02475,91.51092,sexual_violence,32.0,5,8,4,feni,1,zone_alias
Daily Star,https://www.thedailystar.net/news/bangladesh/crime-justice/news/one-sent-jail-over-rape-blackmail-feni-4124976,"One sent to jail over rape, blackmail in Feni",2026-06-12T08:00:00,Feni,Dagonbhuiyan,23.01134,91.4013,sexual_violence,32.0,5,8,4,feni,1,zone_alias
Daily Star,https://www.thedailystar.net/news/bangladesh/crime-justice/news/btrc-official-attacked-rajshahi-amid-allegations-extortion-4124761,BTRC official attacked in Rajshahi amid allegations of extortion,2026-06-12T08:00:00,Rajshahi,Rajshahi Medical College,24.372,88.586397,violence,,5,8,4,rajshahi medical college,6,zone_alias
Daily Star,https://www.thedailystar.net/news/bangladesh/crime-justice/news/btrc-official-attacked-rajshahi-amid-allegations-extortion-4124761,BTRC official attacked in Rajshahi amid allegations of extortion,2026-06-12T08:00:00,Rajshahi,Binodpur,24.37443,88.603999,violence,,5,8,4,rajshahi,1,zone_alias
Daily Star,https://www.thedailystar.net/news/bangladesh/crime-justice/news/btrc-official-attacked-rajshahi-amid-allegations-extortion-4124761,BTRC official attacked in Rajshahi amid allegations of extortion,2026-06-12T08:00:00,Rajshahi,Kazla,24.364265,88.632816,violence,,5,8,4,rajshahi,1,zone_alias
Daily Star,https://www.thedailystar.net/news/bangladesh/crime-justice/news/plaintiff-failed-appear-provide-evidence-case-against-28-journalists-pbi-4124716,"Plaintiff failed to appear, provide evidence in case against 28 journalists: PBI",2026-06-12T08:00:00,Chattogram,Muradpur,22.367,91.831,violence,15.0,5,8,4,muradpur chattogram,4,zone_alias
Daily Star,https://www.thedailystar.net/news/bangladesh/crime-justice/news/joint-forces-claimed-control-jungle-salimpur-after-drive-ctg-range-dig-4124536,Joint forces claimed control of Jungle Salimpur after drive: Ctg range DIG,2026-06-12T08:00:00,Chattogram,GEC Circle,22.3597,91.8215,suspicious_activity,,2,8,4,Chattogram,0,district_fallback
Daily Star,https://www.thedailystar.net/news/bangladesh/crime-justice/news/asi-uniform-mugged-narayanganj-pistol-snatched-4124456,"ASI in uniform mugged in Narayanganj, pistol snatched",2026-06-12T08:00:00,Narayanganj,Chashara,23.62502,90.49684,robbery,,3,8,4,narayanganj,1,zone_alias
Daily Star,https://www.thedailystar.net/news/bangladesh/crime-justice/news/asi-uniform-mugged-narayanganj-pistol-snatched-4124456,"ASI in uniform mugged in Narayanganj, pistol snatched",2026-06-12T08:00:00,Narayanganj,Fatullah,23.63816,90.49097,robbery,,3,8,4,narayanganj,1,zone_alias
Daily Star,https://www.thedailystar.net/news/bangladesh/crime-justice/news/asi-uniform-mugged-narayanganj-pistol-snatched-4124456,"ASI in uniform mugged in Narayanganj, pistol snatched",2026-06-12T08:00:00,Narayanganj,Rupganj,23.61352,90.50298,robbery,,3,8,4,narayanganj,1,zone_alias
Daily Star,https://www.thedailystar.net/news/bangladesh/crime-justice/news/joint-forces-launch-major-raid-sitakundas-jungle-salimpur-4124366,Joint forces launch major raid in Sitakunda’s Jungle Salimpur,2026-06-12T08:00:00,Chattogram,Kotwali,22.3371,91.8376,violence,,4,8,4,kotwali,2,zone_alias
Daily Star,https://www.thedailystar.net/news/bangladesh/crime-justice/news/joint-forces-launch-major-raid-sitakundas-jungle-salimpur-4124366,Joint forces launch major raid in Sitakunda’s Jungle Salimpur,2026-06-12T08:00:00,Chattogram,Pahartali,22.3678,91.7854,violence,,4,8,4,pahartali,2,zone_alias
Daily Star,https://www.thedailystar.net/news/bangladesh/crime-justice/news/hadi-killing-prime-accused-associate-held-west-bengal-4124226,"Hadi killing: Prime accused, associate held in West Bengal",2026-06-12T08:00:00,Dhaka,Shahbagh,23.738,90.3958,murder,,5,8,4,shahbagh intersection,4,zone_alias
Daily Star,https://www.thedailystar.net/news/bangladesh/crime-justice/news/hadi-killing-prime-accused-associate-held-west-bengal-4124226,"Hadi killing: Prime accused, associate held in West Bengal",2026-06-12T08:00:00,Dhaka,Paltan,23.7362,90.4142,murder,,5,8,4,paltan,2,zone_alias
Daily Star,https://www.thedailystar.net/news/bangladesh/crime-justice/news/hadi-killing-prime-accused-associate-held-west-bengal-4124226,"Hadi killing: Prime accused, associate held in West Bengal",2026-06-12T08:00:00,Patuakhali,Bauphal,22.41593,90.55943,murder,,5,8,4,patuakhali,1,zone_alias
Daily Star,https://www.thedailystar.net/news/corruption/news/court-orders-gazette-summons-tulip-former-rajuk-official-gulshan-2-flat-case-4123966,"Court orders gazette summons for Tulip, former Rajuk official in Gulshan-2 flat case",2026-06-12T08:00:00,Dhaka,Gulshan,23.7806,90.4167,suspicious_activity,,2,8,4,gulshan 2,4,zone_alias
Daily Star,https://www.thedailystar.net/news/bangladesh/crime-justice/news/8-year-old-girl-found-dead-near-neighbours-house-tangail-4123946,8-year-old girl found dead near neighbour’s house in Tangail,2026-06-12T08:00:00,Tangail,Ghatail,24.46667,89.96667,murder,8.0,5,8,4,tangail,1,zone_alias
Daily Star,https://www.thedailystar.net/news/bangladesh/crime-justice/news/8-year-old-girl-found-dead-near-neighbours-house-tangail-4123946,8-year-old girl found dead near neighbour’s house in Tangail,2026-06-12T08:00:00,Tangail,Kalihati,24.39246,89.99215,murder,8.0,5,8,4,tangail,1,zone_alias
Daily Star,https://www.thedailystar.net/news/bangladesh/crime-justice/news/8-year-old-girl-found-dead-near-neighbours-house-tangail-4123946,8-year-old girl found dead near neighbour’s house in Tangail,2026-06-12T08:00:00,Tangail,Madhupur,24.61186,90.03149,murder,8.0,5,8,4,tangail,1,zone_alias
Daily Star,https://www.thedailystar.net/news/bangladesh/crime-justice/news/three-sentenced-two-and-half-years-jail-killing-20-dogs-dhaka-4123926,Three sentenced to two and a half years in jail for killing 20 dogs in Dhaka,2026-06-12T08:00:00,Dhaka,Jatrabari,23.7104,90.4349,murder,,5,8,4,jatrabari,2,zone_alias
Daily Star,https://www.thedailystar.net/news/bangladesh/crime-justice/news/hadi-murder-prime-accused-faisal-karim-and-associate-arrested-india-4123896,Hadi murder: Prime accused Faisal Karim and associate arrested in India,2026-06-12T08:00:00,Patuakhali,Bauphal,22.41593,90.55943,murder,,5,8,4,patuakhali,1,zone_alias
Daily Star,https://www.thedailystar.net/news/bangladesh/crime-justice/news/hadi-murder-prime-accused-faisal-karim-and-associate-arrested-india-4123896,Hadi murder: Prime accused Faisal Karim and associate arrested in India,2026-06-12T08:00:00,Patuakhali,Dumki,22.47022,90.38309,murder,,5,8,4,patuakhali,1,zone_alias
Daily Star,https://www.thedailystar.net/news/bangladesh/crime-justice/news/hadi-murder-prime-accused-faisal-karim-and-associate-arrested-india-4123896,Hadi murder: Prime accused Faisal Karim and associate arrested in India,2026-06-12T08:00:00,Patuakhali,Galachipa,22.16858,90.41105,murder,,5,8,4,patuakhali,1,zone_alias
Daily Star,https://www.thedailystar.net/news/bangladesh/politics/news/playing-mujibs-march-7-speech-3-former-du-hall-leaders-sent-jail-4123876,Playing Mujib's March 7 speech: 3 former DU hall leaders sent to jail,2026-06-12T08:00:00,Dhaka,Shahbagh,23.738,90.3958,suspicious_activity,,2,8,4,shahbagh,2,zone_alias
Daily Star,https://www.thedailystar.net/news/bangladesh/crime-justice/news/anis-alamgir-denied-bail-acc-case-4123786,Anis Alamgir denied bail in ACC case,2026-06-12T08:00:00,Dhaka,Sadarghat,23.7104,90.4074,suspicious_activity,,2,8,4,Dhaka,0,district_fallback
Daily Star,https://www.thedailystar.net/news/bangladesh/crime-justice/news/hc-grants-khairul-haque-bail-4-cases-4123716,HC grants Khairul Haque bail in 4 cases,2026-06-12T08:00:00,Dhaka,Shahbagh,23.738,90.3958,murder,,5,8,4,shahbagh,2,zone_alias
Daily Star,https://www.thedailystar.net/news/bangladesh/crime-justice/news/hc-grants-khairul-haque-bail-4-cases-4123716,HC grants Khairul Haque bail in 4 cases,2026-06-12T08:00:00,Dhaka,Dhanmondi,23.7461,90.3742,murder,,5,8,4,dhanmondi,2,zone_alias
Daily Star,https://www.thedailystar.net/news/bangladesh/crime-justice/news/hc-grants-khairul-haque-bail-4-cases-4123716,HC grants Khairul Haque bail in 4 cases,2026-06-12T08:00:00,Dhaka,Jatrabari,23.7104,90.4349,murder,,5,8,4,jatrabari,2,zone_alias
Daily Star,https://www.thedailystar.net/news/bangladesh/crime-justice/news/mob-beats-suspected-mugger-death-narayanganjs-siddhirganj-4123676,Mob beats suspected mugger to death in Narayanganj’s Siddhirganj,2026-06-12T08:00:00,Narayanganj,Siddhirganj,23.61352,90.50298,violence,,5,8,4,siddhirganj,2,zone_alias
Daily Star,https://www.thedailystar.net/news/bangladesh/crime-justice/news/mob-beats-suspected-mugger-death-narayanganjs-siddhirganj-4123676,Mob beats suspected mugger to death in Narayanganj’s Siddhirganj,2026-06-12T08:00:00,Narayanganj,Chashara,23.62502,90.49684,violence,,5,8,4,narayanganj,1,zone_alias
Daily Star,https://www.thedailystar.net/news/bangladesh/crime-justice/news/mob-beats-suspected-mugger-death-narayanganjs-siddhirganj-4123676,Mob beats suspected mugger to death in Narayanganj’s Siddhirganj,2026-06-12T08:00:00,Narayanganj,Fatullah,23.63816,90.49097,violence,,5,8,4,narayanganj,1,zone_alias
Daily Star,https://www.thedailystar.net/news/bangladesh/crime-justice/news/stepfather-admits-killing-narsingdi-girl-police-4123321,Stepfather admits killing Narsingdi girl: police,2026-06-12T08:00:00,Narsingdi,Belabo,24.1035,90.84581,sexual_violence,16.0,5,8,4,narsingdi,1,zone_alias
Daily Star,https://www.thedailystar.net/news/bangladesh/crime-justice/news/stepfather-admits-killing-narsingdi-girl-police-4123321,Stepfather admits killing Narsingdi girl: police,2026-06-12T08:00:00,Narsingdi,Monohardi,23.92298,90.71768,sexual_violence,16.0,5,8,4,narsingdi,1,zone_alias
Daily Star,https://www.thedailystar.net/news/bangladesh/crime-justice/news/stepfather-admits-killing-narsingdi-girl-police-4123321,Stepfather admits killing Narsingdi girl: police,2026-06-12T08:00:00,Narsingdi,Palash,23.95,90.625,sexual_violence,16.0,5,8,4,narsingdi,1,zone_alias
Daily Star,https://www.thedailystar.net/news/bangladesh/crime-justice/news/3-hurt-bombs-explode-cumilla-kali-temple-nearby-areas-police-4123281,"3 hurt as bombs explode at Cumilla Kali temple, nearby areas: police",2026-06-12T08:00:00,Cumilla,Kandirpar,23.46186,91.18504,violence,,5,8,4,cumilla,1,zone_alias
Daily Star,https://www.thedailystar.net/news/bangladesh/crime-justice/news/3-hurt-bombs-explode-cumilla-kali-temple-nearby-areas-police-4123281,"3 hurt as bombs explode at Cumilla Kali temple, nearby areas: police",2026-06-12T08:00:00,Cumilla,Burichang,23.5534,91.12901,violence,,5,8,4,cumilla,1,zone_alias
Daily Star,https://www.thedailystar.net/news/bangladesh/crime-justice/news/3-hurt-bombs-explode-cumilla-kali-temple-nearby-areas-police-4123281,"3 hurt as bombs explode at Cumilla Kali temple, nearby areas: police",2026-06-12T08:00:00,Cumilla,Chandina,23.49067,91.01227,violence,,5,8,4,cumilla,1,zone_alias
Daily Star,https://www.thedailystar.net/news/bangladesh/crime-justice/news/scuffle-breaks-out-front-shahbagh-police-station-over-playing-march-7-speech-4123261,Scuffle breaks out in front of Shahbagh Police Station over playing March 7 speech,2026-06-12T08:00:00,Dhaka,Shahbagh,23.738,90.3958,violence,15.0,5,8,4,shahbagh,2,zone_alias
Daily Star,https://www.thedailystar.net/news/bangladesh/crime-justice/news/granduncle-sent-jail-over-alleged-rape-9-year-old-patuakhali-4123221,Granduncle sent to jail over alleged rape of 9-year-old in Patuakhali,2026-06-12T08:00:00,Dhaka,Lalbagh,23.7189,90.3881,sexual_violence,9.0,5,8,4,lalbagh,2,zone_alias
Daily Star,https://www.thedailystar.net/news/bangladesh/crime-justice/news/granduncle-sent-jail-over-alleged-rape-9-year-old-patuakhali-4123221,Granduncle sent to jail over alleged rape of 9-year-old in Patuakhali,2026-06-12T08:00:00,Patuakhali,Bauphal,22.41593,90.55943,sexual_violence,9.0,5,8,4,bauphal,2,zone_alias
Daily Star,https://www.thedailystar.net/news/bangladesh/crime-justice/news/granduncle-sent-jail-over-alleged-rape-9-year-old-patuakhali-4123221,Granduncle sent to jail over alleged rape of 9-year-old in Patuakhali,2026-06-12T08:00:00,Patuakhali,Dumki,22.47022,90.38309,sexual_violence,9.0,5,8,4,patuakhali,1,zone_alias
Daily Star,https://www.thedailystar.net/news/bangladesh/crime-justice/news/student-leader-beaten-death-jhenaidah-fuel-station-4123191,Student leader beaten to death at Jhenaidah fuel station,2026-06-12T08:00:00,Jhenaidah,Jhenaidah Sadar,23.530615,89.172242,violence,,5,8,4,jhenaidah sadar,5,zone_alias
Daily Star,https://www.thedailystar.net/news/bangladesh/crime-justice/news/student-leader-beaten-death-jhenaidah-fuel-station-4123191,Student leader beaten to death at Jhenaidah fuel station,2026-06-12T08:00:00,Jhenaidah,Kotchandpur,23.502088,89.122619,violence,,5,8,4,jhenaidah,1,zone_alias
Daily Star,https://www.thedailystar.net/news/bangladesh/crime-justice/news/student-leader-beaten-death-jhenaidah-fuel-station-4123191,Student leader beaten to death at Jhenaidah fuel station,2026-06-12T08:00:00,Jhenaidah,Maheshpur,23.35291,88.91222,violence,,5,8,4,jhenaidah,1,zone_alias
Daily Star,https://www.thedailystar.net/news/bangladesh/crime-justice/news/updf-member-shot-dead-khagrachharis-panchari-4123061,UPDF member shot dead in Khagrachhari’s Panchari,2026-06-12T08:00:00,Khagrachhari,Dighinala,23.177845,91.962337,murder,,5,8,4,khagrachhari,1,zone_alias
Daily Star,https://www.thedailystar.net/news/bangladesh/crime-justice/news/updf-member-shot-dead-khagrachharis-panchari-4123061,UPDF member shot dead in Khagrachhari’s Panchari,2026-06-12T08:00:00,Khagrachhari,Manikchhari,23.10787,91.97007,murder,,5,8,4,khagrachhari,1,zone_alias
Daily Star,https://www.thedailystar.net/news/bangladesh/crime-justice/news/updf-member-shot-dead-khagrachharis-panchari-4123061,UPDF member shot dead in Khagrachhari’s Panchari,2026-06-12T08:00:00,Khagrachhari,Matiranga,23.12194,91.87667,murder,,5,8,4,khagrachhari,1,zone_alias
Daily Star,https://www.thedailystar.net/news/bangladesh/crime-justice/news/teen-girl-murder-narsingdi-stepfather-admits-killing-daughter-4123041,Teen girl murder in Narsingdi: Stepfather admits killing daughter,2026-06-12T08:00:00,Gazipur,Konabari,24.126097,90.472114,suspicious_activity,16.0,4,8,4,gazipur,1,zone_alias
Daily Star,https://www.thedailystar.net/news/bangladesh/crime-justice/news/teen-girl-murder-narsingdi-stepfather-admits-killing-daughter-4123041,Teen girl murder in Narsingdi: Stepfather admits killing daughter,2026-06-12T08:00:00,Dinajpur,Birampur,25.38909,88.99331,suspicious_activity,16.0,4,8,4,dinajpur,1,zone_alias
Daily Star,https://www.thedailystar.net/news/bangladesh/crime-justice/news/teen-girl-murder-narsingdi-stepfather-admits-killing-daughter-4123041,Teen girl murder in Narsingdi: Stepfather admits killing daughter,2026-06-12T08:00:00,Dinajpur,Kaharol,25.62745,88.63779,suspicious_activity,16.0,4,8,4,dinajpur,1,zone_alias
Daily Star,https://www.thedailystar.net/news/bangladesh/crime-justice/news/man-arrested-over-attempted-molestation-minor-girl-inside-kapasia-health-complex-4122746,Man arrested over attempted molestation of minor girl inside Kapasia health complex,2026-06-12T08:00:00,Gazipur,Kapasia,24.11404,90.56148,sexual_violence,15.0,5,8,4,kapasia,2,zone_alias
Daily Star,https://www.thedailystar.net/news/bangladesh/crime-justice/news/man-arrested-over-attempted-molestation-minor-girl-inside-kapasia-health-complex-4122746,Man arrested over attempted molestation of minor girl inside Kapasia health complex,2026-06-12T08:00:00,Gazipur,Konabari,24.126097,90.472114,sexual_violence,15.0,5,8,4,gazipur,1,zone_alias
Daily Star,https://www.thedailystar.net/news/bangladesh/crime-justice/news/man-arrested-over-attempted-molestation-minor-girl-inside-kapasia-health-complex-4122746,Man arrested over attempted molestation of minor girl inside Kapasia health complex,2026-06-12T08:00:00,Gazipur,Kaliakair,24.126097,90.472114,sexual_violence,15.0,5,8,4,gazipur,1,zone_alias
Daily Star,https://www.thedailystar.net/news/bangladesh/crime-justice/news/prime-accused-held-rangpur-woman-killing-4122621,Prime accused held in Rangpur woman killing,2026-06-12T08:00:00,Kurigram,Bhurungamari,26.11982,89.6677,murder,,5,8,4,kurigram,1,zone_alias
Daily Star,https://www.thedailystar.net/news/bangladesh/crime-justice/news/prime-accused-held-rangpur-woman-killing-4122621,Prime accused held in Rangpur woman killing,2026-06-12T08:00:00,Kurigram,Chilmari,25.55613,89.67097,murder,,5,8,4,kurigram,1,zone_alias
Daily Star,https://www.thedailystar.net/news/bangladesh/crime-justice/news/prime-accused-held-rangpur-woman-killing-4122621,Prime accused held in Rangpur woman killing,2026-06-12T08:00:00,Kurigram,Rajarhat,25.760116,89.677476,murder,,5,8,4,kurigram,1,zone_alias
Daily Star,https://www.thedailystar.net/news/bangladesh/crime-justice/news/expatriate-found-dead-home-4122606,Expatriate found dead at home,2026-06-12T08:00:00,Moulvibazar,Juri,24.531019,92.230029,suspicious_activity,,3,8,4,juri,2,zone_alias
Daily Star,https://www.thedailystar.net/news/bangladesh/crime-justice/news/expatriate-found-dead-home-4122606,Expatriate found dead at home,2026-06-12T08:00:00,Moulvibazar,Barlekha,24.481265,91.858094,suspicious_activity,,3,8,4,moulvibazar,1,zone_alias
Daily Star,https://www.thedailystar.net/news/bangladesh/crime-justice/news/expatriate-found-dead-home-4122606,Expatriate found dead at home,2026-06-12T08:00:00,Moulvibazar,Kamalganj,24.481265,91.858094,suspicious_activity,,3,8,4,moulvibazar,1,zone_alias
Daily Star,https://www.thedailystar.net/news/bangladesh/crime-justice/news/al-leader-dies-within-40-minutes-release-bail-4122551,AL leader dies within 40 minutes of release on bail,2026-06-12T08:00:00,Panchagarh,Panchagarh Sadar Hospital,26.340146,88.556365,suspicious_activity,,3,8,4,panchagarh sadar hospital,6,zone_alias
Daily Star,https://www.thedailystar.net/news/bangladesh/crime-justice/news/al-leader-dies-within-40-minutes-release-bail-4122551,AL leader dies within 40 minutes of release on bail,2026-06-12T08:00:00,Dinajpur,Dinajpur Medical College,25.609708,88.657449,suspicious_activity,,3,8,4,dinajpur medical college,6,zone_alias
Daily Star,https://www.thedailystar.net/news/bangladesh/crime-justice/news/al-leader-dies-within-40-minutes-release-bail-4122551,AL leader dies within 40 minutes of release on bail,2026-06-12T08:00:00,Panchagarh,Panchagarh Sadar,26.33338,88.55777,suspicious_activity,,3,8,4,panchagarh sadar,5,zone_alias
Daily Star,https://www.thedailystar.net/news/bangladesh/crime-justice/news/taqi-murder-probe-lingers-after-13-years-4122466,Taqi murder probe lingers after 13 years,2026-06-12T08:00:00,Narayanganj,Chashara,23.62502,90.49684,murder,16.0,5,8,4,narayanganj,1,zone_alias
Daily Star,https://www.thedailystar.net/news/bangladesh/crime-justice/news/taqi-murder-probe-lingers-after-13-years-4122466,Taqi murder probe lingers after 13 years,2026-06-12T08:00:00,Narayanganj,Fatullah,23.63816,90.49097,murder,16.0,5,8,4,narayanganj,1,zone_alias
Daily Star,https://www.thedailystar.net/news/bangladesh/crime-justice/news/taqi-murder-probe-lingers-after-13-years-4122466,Taqi murder probe lingers after 13 years,2026-06-12T08:00:00,Narayanganj,Rupganj,23.61352,90.50298,murder,16.0,5,8,4,narayanganj,1,zone_alias
Daily Star,https://www.thedailystar.net/news/bangladesh/crime-justice/news/chilli-powder-rubbed-wounds-dirty-water-forced-down-their-throats-4122371,"‘Chilli powder rubbed on wounds, dirty water forced down their throats’",2026-06-12T08:00:00,Munshiganj,Tongibari,23.53395,90.484545,violence,15.0,5,8,4,munshiganj,1,zone_alias
Daily Star,https://www.thedailystar.net/news/bangladesh/crime-justice/news/chilli-powder-rubbed-wounds-dirty-water-forced-down-their-throats-4122371,"‘Chilli powder rubbed on wounds, dirty water forced down their throats’",2026-06-12T08:00:00,Munshiganj,Gazaria,23.17886,89.97853,violence,15.0,5,8,4,munshiganj,1,zone_alias
Daily Star,https://www.thedailystar.net/news/bangladesh/crime-justice/news/chilli-powder-rubbed-wounds-dirty-water-forced-down-their-throats-4122371,"‘Chilli powder rubbed on wounds, dirty water forced down their throats’",2026-06-12T08:00:00,Munshiganj,Lohajang,23.45,90.35,violence,15.0,5,8,4,munshiganj,1,zone_alias
Daily Star,https://www.thedailystar.net/news/bangladesh/crime-justice/news/womans-hair-allegedly-cut-over-dowry-demands-jhenaidah-husband-laws-accused-torture-4122351,"Woman’s hair allegedly cut off over dowry demands in Jhenaidah; husband, in-laws accused of torture",2026-06-12T08:00:00,Jhenaidah,Jhenaidah Sadar,23.530615,89.172242,violence,15.0,5,8,4,jhenaidah sadar,5,zone_alias
Daily Star,https://www.thedailystar.net/news/bangladesh/crime-justice/news/womans-hair-allegedly-cut-over-dowry-demands-jhenaidah-husband-laws-accused-torture-4122351,"Woman’s hair allegedly cut off over dowry demands in Jhenaidah; husband, in-laws accused of torture",2026-06-12T08:00:00,Jhenaidah,Kotchandpur,23.502088,89.122619,violence,15.0,5,8,4,jhenaidah,1,zone_alias
Daily Star,https://www.thedailystar.net/news/bangladesh/crime-justice/news/womans-hair-allegedly-cut-over-dowry-demands-jhenaidah-husband-laws-accused-torture-4122351,"Woman’s hair allegedly cut off over dowry demands in Jhenaidah; husband, in-laws accused of torture",2026-06-12T08:00:00,Jhenaidah,Maheshpur,23.35291,88.91222,violence,15.0,5,8,4,jhenaidah,1,zone_alias
Daily Star,https://www.thedailystar.net/news/bangladesh/crime-justice/news/prime-accused-arrested-rangpur-killing-woman-who-protested-stalking-sister-4122221,Prime accused arrested in Rangpur for killing woman who protested stalking of sister,2026-06-12T08:00:00,Kurigram,Bhurungamari,26.11982,89.6677,murder,,5,8,4,kurigram,1,zone_alias
Daily Star,https://www.thedailystar.net/news/bangladesh/crime-justice/news/prime-accused-arrested-rangpur-killing-woman-who-protested-stalking-sister-4122221,Prime accused arrested in Rangpur for killing woman who protested stalking of sister,2026-06-12T08:00:00,Kurigram,Chilmari,25.55613,89.67097,murder,,5,8,4,kurigram,1,zone_alias
Daily Star,https://www.thedailystar.net/news/bangladesh/crime-justice/news/prime-accused-arrested-rangpur-killing-woman-who-protested-stalking-sister-4122221,Prime accused arrested in Rangpur for killing woman who protested stalking of sister,2026-06-12T08:00:00,Kurigram,Rajarhat,25.760116,89.677476,murder,,5,8,4,kurigram,1,zone_alias
Daily Star,https://www.thedailystar.net/news/bangladesh/crime-justice/news/13-years-after-taqi-murder-family-demands-action-stalled-case-4122161,"13 years after Taqi murder, family demands action on stalled case",2026-06-12T08:00:00,Narayanganj,Chashara,23.62502,90.49684,murder,16.0,5,8,4,narayanganj,1,zone_alias
Daily Star,https://www.thedailystar.net/news/bangladesh/crime-justice/news/13-years-after-taqi-murder-family-demands-action-stalled-case-4122161,"13 years after Taqi murder, family demands action on stalled case",2026-06-12T08:00:00,Narayanganj,Fatullah,23.63816,90.49097,murder,16.0,5,8,4,narayanganj,1,zone_alias
Daily Star,https://www.thedailystar.net/news/bangladesh/crime-justice/news/13-years-after-taqi-murder-family-demands-action-stalled-case-4122161,"13 years after Taqi murder, family demands action on stalled case",2026-06-12T08:00:00,Narayanganj,Rupganj,23.61352,90.50298,murder,16.0,5,8,4,narayanganj,1,zone_alias
Daily Star,https://www.thedailystar.net/news/bangladesh/crime-justice/news/pro-bnp-transport-workers-leader-murdered-khulna-4122051,Pro-BNP transport workers’ leader murdered in Khulna,2026-06-12T08:00:00,Khulna,Khulna Medical College,22.828592,89.537411,murder,,5,8,4,khulna medical college,6,zone_alias
Daily Star,https://www.thedailystar.net/news/bangladesh/crime-justice/news/pro-bnp-transport-workers-leader-murdered-khulna-4122051,Pro-BNP transport workers’ leader murdered in Khulna,2026-06-12T08:00:00,Khulna,Rupsha,22.801856,89.579403,murder,,5,8,4,rupsha,2,zone_alias
Daily Star,https://www.thedailystar.net/news/bangladesh/crime-justice/news/pro-bnp-transport-workers-leader-murdered-khulna-4122051,Pro-BNP transport workers’ leader murdered in Khulna,2026-06-12T08:00:00,Khulna,Khalishpur,22.85308,89.54427,murder,,5,8,4,khulna,1,zone_alias
Daily Star,https://www.thedailystar.net/news/bangladesh/crime-justice/news/teacher-murder-husband-accuses-staffer-teachers-4122041,"Teacher murder: Husband accuses staffer, teachers",2026-06-12T08:00:00,Kushtia,Bheramara,24.02452,88.99234,murder,,5,8,4,kushtia,1,zone_alias
Daily Star,https://www.thedailystar.net/news/bangladesh/crime-justice/news/teacher-murder-husband-accuses-staffer-teachers-4122041,"Teacher murder: Husband accuses staffer, teachers",2026-06-12T08:00:00,Kushtia,Khoksa,23.9028,89.11943,murder,,5,8,4,kushtia,1,zone_alias
Daily Star,https://www.thedailystar.net/news/bangladesh/crime-justice/news/teacher-murder-husband-accuses-staffer-teachers-4122041,"Teacher murder: Husband accuses staffer, teachers",2026-06-12T08:00:00,Kushtia,Kumarkhali,23.86132,89.24197,murder,,5,8,4,kushtia,1,zone_alias
Daily Star,https://www.thedailystar.net/news/bangladesh/crime-justice/news/shujans-gazipur-district-vice-president-murdered-4121651,Shujan’s Gazipur district vice-president murdered,2026-06-12T08:00:00,Gazipur,Konabari,24.126097,90.472114,murder,,5,8,4,gazipur,1,zone_alias
Daily Star,https://www.thedailystar.net/news/bangladesh/crime-justice/news/shujans-gazipur-district-vice-president-murdered-4121651,Shujan’s Gazipur district vice-president murdered,2026-06-12T08:00:00,Gazipur,Kaliakair,24.126097,90.472114,murder,,5,8,4,gazipur,1,zone_alias
Daily Star,https://www.thedailystar.net/news/bangladesh/crime-justice/news/shujans-gazipur-district-vice-president-murdered-4121651,Shujan’s Gazipur district vice-president murdered,2026-06-12T08:00:00,Gazipur,Kapasia,24.11404,90.56148,murder,,5,8,4,gazipur,1,zone_alias
Daily Star,https://www.thedailystar.net/news/bangladesh/crime-justice/news/ivy-denied-bail-another-july-uprising-murder-case-4121581,Ivy denied bail in another July uprising murder case,2026-06-12T08:00:00,Kushtia,Kumarkhali,23.86132,89.24197,murder,,5,8,4,kumarkhali,2,zone_alias
Daily Star,https://www.thedailystar.net/news/bangladesh/crime-justice/news/ivy-denied-bail-another-july-uprising-murder-case-4121581,Ivy denied bail in another July uprising murder case,2026-06-12T08:00:00,Narayanganj,Siddhirganj,23.61352,90.50298,murder,,5,8,4,siddhirganj,2,zone_alias
Daily Star,https://www.thedailystar.net/news/bangladesh/crime-justice/news/ivy-denied-bail-another-july-uprising-murder-case-4121581,Ivy denied bail in another July uprising murder case,2026-06-12T08:00:00,Narayanganj,Chashara,23.62502,90.49684,murder,,5,8,4,narayanganj,1,zone_alias
Daily Star,https://www.thedailystar.net/news/bangladesh/crime-justice/news/mob-beats-robbery-suspect-severs-wrist-tongi-police-4121446,"Mob beats robbery suspect, severs wrist in Tongi: Police",2026-06-12T08:00:00,Gazipur,Konabari,24.126097,90.472114,violence,32.0,4,8,4,gazipur,1,zone_alias
Daily Star,https://www.thedailystar.net/news/bangladesh/crime-justice/news/mob-beats-robbery-suspect-severs-wrist-tongi-police-4121446,"Mob beats robbery suspect, severs wrist in Tongi: Police",2026-06-12T08:00:00,Gazipur,Kaliakair,24.126097,90.472114,violence,32.0,4,8,4,gazipur,1,zone_alias
Daily Star,https://www.thedailystar.net/news/bangladesh/crime-justice/news/mob-beats-robbery-suspect-severs-wrist-tongi-police-4121446,"Mob beats robbery suspect, severs wrist in Tongi: Police",2026-06-12T08:00:00,Gazipur,Kapasia,24.11404,90.56148,violence,32.0,4,8,4,gazipur,1,zone_alias
Daily Star,https://www.thedailystar.net/news/bangladesh/crime-justice/news/man-killed-friend-critically-injured-narayanganj-clash-4121371,"Man killed, friend critically injured in Narayanganj clash",2026-06-12T08:00:00,Narayanganj,Fatullah,23.63816,90.49097,violence,38.0,5,8,4,fatullah narayanganj,4,zone_alias
Daily Star,https://www.thedailystar.net/news/bangladesh/crime-justice/news/man-killed-friend-critically-injured-narayanganj-clash-4121371,"Man killed, friend critically injured in Narayanganj clash",2026-06-12T08:00:00,Narayanganj,Chashara,23.62502,90.49684,violence,38.0,5,8,4,narayanganj,1,zone_alias
Daily Star,https://www.thedailystar.net/news/bangladesh/crime-justice/news/man-killed-friend-critically-injured-narayanganj-clash-4121371,"Man killed, friend critically injured in Narayanganj clash",2026-06-12T08:00:00,Narayanganj,Rupganj,23.61352,90.50298,violence,38.0,5,8,4,narayanganj,1,zone_alias
Daily Star,https://www.thedailystar.net/news/bangladesh/crime-justice/news/staffer-kills-teacher-islamic-university-4121226,Staffer kills teacher of Islamic University,2026-06-12T08:00:00,Kushtia,Bheramara,24.02452,88.99234,murder,,5,8,4,kushtia,1,zone_alias
Daily Star,https://www.thedailystar.net/news/bangladesh/crime-justice/news/staffer-kills-teacher-islamic-university-4121226,Staffer kills teacher of Islamic University,2026-06-12T08:00:00,Kushtia,Khoksa,23.9028,89.11943,murder,,5,8,4,kushtia,1,zone_alias
Daily Star,https://www.thedailystar.net/news/bangladesh/crime-justice/news/staffer-kills-teacher-islamic-university-4121226,Staffer kills teacher of Islamic University,2026-06-12T08:00:00,Kushtia,Kumarkhali,23.86132,89.24197,murder,,5,8,4,kushtia,1,zone_alias
Daily Star,https://www.thedailystar.net/news/bangladesh/crime-justice/news/pir-sureshwar-darbar-sharif-arrested-over-its-khadems-murder-shariatpur-4120836,Pir of Sureshwar Darbar Sharif arrested over its Khadem's murder in Shariatpur,2026-06-12T08:00:00,Shariatpur,Naria,23.302448,90.405951,murder,,5,8,4,naria,2,zone_alias
Daily Star,https://www.thedailystar.net/news/bangladesh/crime-justice/news/pir-sureshwar-darbar-sharif-arrested-over-its-khadems-murder-shariatpur-4120836,Pir of Sureshwar Darbar Sharif arrested over its Khadem's murder in Shariatpur,2026-06-12T08:00:00,Shariatpur,Bhedarganj,23.267008,90.414774,murder,,5,8,4,shariatpur,1,zone_alias
Daily Star,https://www.thedailystar.net/news/bangladesh/crime-justice/news/pir-sureshwar-darbar-sharif-arrested-over-its-khadems-murder-shariatpur-4120836,Pir of Sureshwar Darbar Sharif arrested over its Khadem's murder in Shariatpur,2026-06-12T08:00:00,Munshiganj,Tongibari,23.53395,90.484545,murder,,5,8,4,munshiganj,1,zone_alias
Daily Star,https://www.thedailystar.net/news/bangladesh/crime-justice/news/sitakunda-child-murder-accused-sent-jail-after-confessional-statement-4120831,Sitakunda child murder: Accused sent to jail after confessional statement,2026-06-12T08:00:00,Chattogram,GEC Circle,22.3597,91.8215,sexual_violence,15.0,5,8,4,Chattogram,0,district_fallback
Daily Star,https://www.thedailystar.net/news/bangladesh/crime-justice/news/islamic-university-teacher-stabbed-death-accused-employee-attempts-suicide-4120716,"Islamic University teacher stabbed to death, accused employee attempts suicide",2026-06-12T08:00:00,Kushtia,Bheramara,24.02452,88.99234,murder,,5,8,4,kushtia,1,zone_alias
Daily Star,https://www.thedailystar.net/news/bangladesh/crime-justice/news/islamic-university-teacher-stabbed-death-accused-employee-attempts-suicide-4120716,"Islamic University teacher stabbed to death, accused employee attempts suicide",2026-06-12T08:00:00,Kushtia,Khoksa,23.9028,89.11943,murder,,5,8,4,kushtia,1,zone_alias
Daily Star,https://www.thedailystar.net/news/bangladesh/crime-justice/news/islamic-university-teacher-stabbed-death-accused-employee-attempts-suicide-4120716,"Islamic University teacher stabbed to death, accused employee attempts suicide",2026-06-12T08:00:00,Kushtia,Kumarkhali,23.86132,89.24197,murder,,5,8,4,kushtia,1,zone_alias
Daily Star,https://www.thedailystar.net/news/bangladesh/crime-justice/news/we-owe-the-children-safer-world-4120641,We owe the children a safer world,2026-06-12T08:00:00,Chattogram,GEC Circle,22.3597,91.8215,murder,15.0,5,8,4,Chattogram,0,district_fallback
Daily Star,https://www.thedailystar.net/news/bangladesh/crime-justice/news/four-arrested-over-dnc-officer-shot-sayedabad-4120566,Four arrested over DNC officer shot in Sayedabad,2026-06-12T08:00:00,Dhaka,Wari,23.7115,90.4177,robbery,,4,8,4,wari,2,zone_alias
Daily Star,https://www.thedailystar.net/news/bangladesh/crime-justice/news/sitakunda-murder-case-7yr-old-victim-dies-hospital-neighbour-held-4120226,Sitakunda murder case: 7yr-old victim dies in hospital; neighbour held,2026-06-12T08:00:00,Gaibandha,Gobindaganj,25.13333,89.39167,sexual_violence,15.0,5,8,4,gobindaganj,2,zone_alias
Daily Star,https://www.thedailystar.net/news/bangladesh/crime-justice/news/sitakunda-murder-case-7yr-old-victim-dies-hospital-neighbour-held-4120226,Sitakunda murder case: 7yr-old victim dies in hospital; neighbour held,2026-06-12T08:00:00,Gaibandha,Fulchhari,25.3293,89.5438,sexual_violence,15.0,5,8,4,gaibandha,1,zone_alias
Daily Star,https://www.thedailystar.net/news/bangladesh/crime-justice/news/sitakunda-murder-case-7yr-old-victim-dies-hospital-neighbour-held-4120226,Sitakunda murder case: 7yr-old victim dies in hospital; neighbour held,2026-06-12T08:00:00,Gaibandha,Palashbari,25.287401,89.35043,sexual_violence,15.0,5,8,4,gaibandha,1,zone_alias
Daily Star,https://www.thedailystar.net/news/bangladesh/crime-justice/news/17-year-olds-body-found-throat-slit-shyampur-home-husband-the-run-4120141,17-year-old’s body found with throat slit in Shyampur home; husband on the run,2026-06-12T08:00:00,Bhola,Bhola Sadar,22.687944,90.645452,murder,17.0,5,8,4,bhola sadar,5,zone_alias
Daily Star,https://www.thedailystar.net/news/bangladesh/crime-justice/news/17-year-olds-body-found-throat-slit-shyampur-home-husband-the-run-4120141,17-year-old’s body found with throat slit in Shyampur home; husband on the run,2026-06-12T08:00:00,Bhola,Borhanuddin,22.68759,90.64403,murder,17.0,5,8,4,bhola,1,zone_alias
Daily Star,https://www.thedailystar.net/news/bangladesh/crime-justice/news/17-year-olds-body-found-throat-slit-shyampur-home-husband-the-run-4120141,17-year-old’s body found with throat slit in Shyampur home; husband on the run,2026-06-12T08:00:00,Bhola,Daulatkhan,22.68759,90.64403,murder,17.0,5,8,4,bhola,1,zone_alias
Daily Star,https://www.thedailystar.net/news/bangladesh/crime-justice/news/man-sent-jail-circulating-ex-wifes-private-photos-4119816,Man sent to jail for circulating ex-wife’s private photos,2026-06-12T08:00:00,Jhenaidah,Jhenaidah Sadar,23.530615,89.172242,suspicious_activity,,2,8,4,jhenaidah sadar,5,zone_alias
Daily Star,https://www.thedailystar.net/news/bangladesh/crime-justice/news/man-sent-jail-circulating-ex-wifes-private-photos-4119816,Man sent to jail for circulating ex-wife’s private photos,2026-06-12T08:00:00,Jhenaidah,Kotchandpur,23.502088,89.122619,suspicious_activity,,2,8,4,jhenaidah,1,zone_alias
Daily Star,https://www.thedailystar.net/news/bangladesh/crime-justice/news/man-sent-jail-circulating-ex-wifes-private-photos-4119816,Man sent to jail for circulating ex-wife’s private photos,2026-06-12T08:00:00,Jhenaidah,Maheshpur,23.35291,88.91222,suspicious_activity,,2,8,4,jhenaidah,1,zone_alias
Daily Star,https://www.thedailystar.net/news/bangladesh/crime-justice/news/2-held-cache-firearms-ammunition-ctg-4119811,"2 held with cache of firearms, ammunition in Ctg",2026-06-12T08:00:00,Chattogram,Bayezid,22.3905,91.8225,suspicious_activity,,2,8,4,bayezid bostami,4,zone_alias
Daily Star,https://www.thedailystar.net/news/bangladesh/crime-justice/news/has-the-country-become-horror-story-4119806,Has the country become a horror story?,2026-06-12T08:00:00,Pabna,Ishwardi,24.130775,89.064327,sexual_violence,15.0,5,8,4,ishwardi pabna,4,zone_alias
Daily Star,https://www.thedailystar.net/news/bangladesh/crime-justice/news/has-the-country-become-horror-story-4119806,Has the country become a horror story?,2026-06-12T08:00:00,Pabna,Atgharia,24.48515,89.53493,sexual_violence,15.0,5,8,4,pabna,1,zone_alias
Daily Star,https://www.thedailystar.net/news/bangladesh/crime-justice/news/has-the-country-become-horror-story-4119806,Has the country become a horror story?,2026-06-12T08:00:00,Pabna,Bera,24.07821,89.63262,sexual_violence,15.0,5,8,4,pabna,1,zone_alias
Daily Star,https://www.thedailystar.net/news/bangladesh/crime-justice/news/feb-2026-marked-violence-centring-election-10-killed-1933-hurt-hrss-4119781,"Feb 2026 marked by violence centring election; 10 killed, 1,933 hurt: HRSS",2026-06-12T08:00:00,Narayanganj,Rupganj,23.61352,90.50298,violence,32.0,5,8,4,rupganj,2,zone_alias
Daily Star,https://www.thedailystar.net/news/bangladesh/crime-justice/news/feb-2026-marked-violence-centring-election-10-killed-1933-hurt-hrss-4119781,"Feb 2026 marked by violence centring election; 10 killed, 1,933 hurt: HRSS",2026-06-12T08:00:00,Narayanganj,Chashara,23.62502,90.49684,violence,32.0,5,8,4,narayanganj,1,zone_alias
Daily Star,https://www.thedailystar.net/news/bangladesh/crime-justice/news/feb-2026-marked-violence-centring-election-10-killed-1933-hurt-hrss-4119781,"Feb 2026 marked by violence centring election; 10 killed, 1,933 hurt: HRSS",2026-06-12T08:00:00,Noakhali,Chowmuhani,22.816467,91.121505,violence,32.0,5,8,4,noakhali,1,zone_alias
Daily Star,https://www.thedailystar.net/news/bangladesh/crime-justice/news/shut-down-illegal-shisha-hookah-lounges-30-days-high-court-4119656,"Shut down illegal shisha, hookah lounges in 30 days: High Court",2026-06-12T08:00:00,Dhaka,Sadarghat,23.7104,90.4074,suspicious_activity,15.0,3,8,4,Dhaka,0,district_fallback
Daily Star,https://www.thedailystar.net/news/bangladesh/crime-justice/news/man-dies-after-jubo-dal-leaders-alleged-beating-4119621,"Man dies, after Jubo Dal leader's alleged beating",2026-06-12T08:00:00,Patuakhali,Patuakhali Medical College,22.363157,90.327189,violence,,5,8,4,patuakhali medical college,6,zone_alias
Daily Star,https://www.thedailystar.net/news/bangladesh/crime-justice/news/man-dies-after-jubo-dal-leaders-alleged-beating-4119621,"Man dies, after Jubo Dal leader's alleged beating",2026-06-12T08:00:00,Patuakhali,Kalapara,21.98455,90.22969,violence,,5,8,4,kalapara,2,zone_alias
Daily Star,https://www.thedailystar.net/news/bangladesh/crime-justice/news/man-dies-after-jubo-dal-leaders-alleged-beating-4119621,"Man dies, after Jubo Dal leader's alleged beating",2026-06-12T08:00:00,Narayanganj,Chashara,23.62502,90.49684,violence,,5,8,4,narayanganj,1,zone_alias
Daily Star,https://www.thedailystar.net/news/bangladesh/crime-justice/news/man-held-charge-killing-elder-sister-ctg-4119501,Man held on charge of killing elder sister in Ctg,2026-06-12T08:00:00,Chattogram,Halishahar,22.3333,91.7817,violence,,5,8,4,halishahar chattogram,4,zone_alias
Daily Star,https://www.thedailystar.net/news/bangladesh/crime-justice/news/man-held-charge-killing-elder-sister-ctg-4119501,Man held on charge of killing elder sister in Ctg,2026-06-12T08:00:00,Chattogram,Pahartali,22.3678,91.7854,violence,,5,8,4,pahartali,2,zone_alias
Daily Star,https://www.thedailystar.net/news/bangladesh/crime-justice/news/7-year-old-rescued-sitakunda-eco-park-slit-throat-dies-cmch-4119381,7-year-old rescued from Sitakunda Eco Park with slit throat dies at CMCH,2026-06-12T08:00:00,Chattogram,GEC Circle,22.3597,91.8215,kidnapping,7.0,5,8,4,Chattogram,0,district_fallback
Daily Star,https://www.thedailystar.net/news/bangladesh/crime-justice/news/found-throat-slit-7yr-old-girl-fights-life-4119321,"Found with throat slit, 7yr-old girl fights for life",2026-06-12T08:00:00,Chattogram,GEC Circle,22.3597,91.8215,kidnapping,15.0,5,8,4,Chattogram,0,district_fallback
Daily Star,https://www.thedailystar.net/news/bangladesh/crime-justice/news/two-killed-sirajganj-al-bnp-clash-over-fish-farming-4119316,Two killed in Sirajganj AL-BNP clash over fish farming,2026-06-12T08:00:00,Sirajganj,Raiganj,24.45771,89.70802,violence,,5,8,4,raiganj,2,zone_alias
Daily Star,https://www.thedailystar.net/news/bangladesh/crime-justice/news/two-killed-sirajganj-al-bnp-clash-over-fish-farming-4119316,Two killed in Sirajganj AL-BNP clash over fish farming,2026-06-12T08:00:00,Bogura,Satmatha,25.733988,89.286492,violence,,5,8,4,bogura,1,zone_alias
Daily Star,https://www.thedailystar.net/news/bangladesh/crime-justice/news/two-killed-sirajganj-al-bnp-clash-over-fish-farming-4119316,Two killed in Sirajganj AL-BNP clash over fish farming,2026-06-12T08:00:00,Bogura,Charmatha,24.85098,89.37108,violence,,5,8,4,bogura,1,zone_alias
Daily Star,https://www.thedailystar.net/news/bangladesh/crime-justice/news/ict-2-denies-bail-lakshmipur-al-leader-crimes-against-humanity-case-4118986,ICT-2 denies bail to Lakshmipur AL leader in crimes against humanity case,2026-06-12T08:00:00,Lakshmipur,Lakshmipur Sadar,22.9443,90.83005,suspicious_activity,,2,8,4,lakshmipur sadar,5,zone_alias
Daily Star,https://www.thedailystar.net/news/bangladesh/crime-justice/news/ict-2-denies-bail-lakshmipur-al-leader-crimes-against-humanity-case-4118986,ICT-2 denies bail to Lakshmipur AL leader in crimes against humanity case,2026-06-12T08:00:00,Lakshmipur,Chandragonj,22.9443,90.83005,suspicious_activity,,2,8,4,lakshmipur,1,zone_alias
Daily Star,https://www.thedailystar.net/news/bangladesh/crime-justice/news/ict-2-denies-bail-lakshmipur-al-leader-crimes-against-humanity-case-4118986,ICT-2 denies bail to Lakshmipur AL leader in crimes against humanity case,2026-06-12T08:00:00,Lakshmipur,Kamalnagar,22.9443,90.83005,suspicious_activity,,2,8,4,lakshmipur,1,zone_alias
Daily Star,https://www.thedailystar.net/news/bangladesh/crime-justice/news/two-killed-sirajganj-al-bnp-clash-over-control-govt-owned-pond-police-4118921,Two killed in Sirajganj AL-BNP clash over control of govt-owned pond: Police,2026-06-12T08:00:00,Sirajganj,Raiganj,24.45771,89.70802,violence,,5,8,4,raiganj,2,zone_alias
Daily Star,https://www.thedailystar.net/news/bangladesh/crime-justice/news/two-killed-sirajganj-al-bnp-clash-over-control-govt-owned-pond-police-4118921,Two killed in Sirajganj AL-BNP clash over control of govt-owned pond: Police,2026-06-12T08:00:00,Bogura,Satmatha,25.733988,89.286492,violence,,5,8,4,bogura,1,zone_alias
Daily Star,https://www.thedailystar.net/news/bangladesh/crime-justice/news/two-killed-sirajganj-al-bnp-clash-over-control-govt-owned-pond-police-4118921,Two killed in Sirajganj AL-BNP clash over control of govt-owned pond: Police,2026-06-12T08:00:00,Bogura,Charmatha,24.85098,89.37108,violence,,5,8,4,bogura,1,zone_alias
Daily Star,https://www.thedailystar.net/news/bangladesh/crime-justice/news/7-year-old-girl-battles-life-after-throat-slit-chattograms-sitakunda-4118756,7-year-old girl battles for life after throat slit in Chattogram’s Sitakunda,2026-06-12T08:00:00,Chattogram,GEC Circle,22.3597,91.8215,kidnapping,7.0,5,8,4,Chattogram,0,district_fallback
Daily Star,https://www.thedailystar.net/news/bangladesh/crime-justice/news/khatib-stabbed-death-over-land-dispute-bogura-4118646,Khatib stabbed to death over land dispute in Bogura,2026-06-12T08:00:00,Bogura,Bogura Shaheed Ziaur Rahman Medical College,24.82672,89.35267,murder,41.0,5,8,4,bogura shaheed ziaur rahman medical college,9,zone_alias
Daily Star,https://www.thedailystar.net/news/bangladesh/crime-justice/news/khatib-stabbed-death-over-land-dispute-bogura-4118646,Khatib stabbed to death over land dispute in Bogura,2026-06-12T08:00:00,Bogura,Satmatha,25.733988,89.286492,murder,41.0,5,8,4,bogura,1,zone_alias
Daily Star,https://www.thedailystar.net/news/bangladesh/crime-justice/news/khatib-stabbed-death-over-land-dispute-bogura-4118646,Khatib stabbed to death over land dispute in Bogura,2026-06-12T08:00:00,Bogura,Charmatha,24.85098,89.37108,murder,41.0,5,8,4,bogura,1,zone_alias
Daily Star,https://www.thedailystar.net/news/bangladesh/crime-justice/news/dnc-officer-shot-during-anti-narcotics-drive-sayedabad-4118616,DNC officer shot during anti-narcotics drive in Sayedabad,2026-06-12T08:00:00,Dhaka,Khilgaon,23.7509,90.4253,violence,,5,8,4,khilgaon,2,zone_alias
Daily Star,https://www.thedailystar.net/news/bangladesh/crime-justice/news/11-year-old-boy-found-dead-rajshahi-paddy-field-4118591,11-year-old boy found dead in Rajshahi paddy field,2026-06-12T08:00:00,Rajshahi,Rajshahi Medical College,24.372,88.586397,murder,11.0,5,8,4,rajshahi medical college,6,zone_alias
Daily Star,https://www.thedailystar.net/news/bangladesh/crime-justice/news/11-year-old-boy-found-dead-rajshahi-paddy-field-4118591,11-year-old boy found dead in Rajshahi paddy field,2026-06-12T08:00:00,Rajshahi,Binodpur,24.37443,88.603999,murder,11.0,5,8,4,rajshahi,1,zone_alias
Daily Star,https://www.thedailystar.net/news/bangladesh/crime-justice/news/11-year-old-boy-found-dead-rajshahi-paddy-field-4118591,11-year-old boy found dead in Rajshahi paddy field,2026-06-12T08:00:00,Rajshahi,Kazla,24.364265,88.632816,murder,11.0,5,8,4,rajshahi,1,zone_alias
Daily Star,https://www.thedailystar.net/news/bangladesh/crime-justice/news/mob-attacks-police-gazipur-snatches-suspects-rearrested-later-4118461,"‘Mob’ attacks police in Gazipur, snatches suspects; rearrested later",2026-06-12T08:00:00,Tangail,Tangail Sadar,24.24984,89.91655,violence,,4,8,4,tangail sadar,5,zone_alias
Daily Star,https://www.thedailystar.net/news/bangladesh/crime-justice/news/mob-attacks-police-gazipur-snatches-suspects-rearrested-later-4118461,"‘Mob’ attacks police in Gazipur, snatches suspects; rearrested later",2026-06-12T08:00:00,Gazipur,Sreepur,24.126097,90.472114,violence,,4,8,4,sreepur,2,zone_alias
Daily Star,https://www.thedailystar.net/news/bangladesh/crime-justice/news/mob-attacks-police-gazipur-snatches-suspects-rearrested-later-4118461,"‘Mob’ attacks police in Gazipur, snatches suspects; rearrested later",2026-06-12T08:00:00,Gazipur,Konabari,24.126097,90.472114,violence,,4,8,4,gazipur,1,zone_alias
Daily Star,https://www.thedailystar.net/news/bangladesh/crime-justice/news/jamaat-activist-killed-clash-bnp-men-chuadanga-4118421,Jamaat activist killed in clash with BNP men in Chuadanga,2026-06-12T08:00:00,Chuadanga,Chuadanga Sadar Hospital,23.63514,88.847235,violence,,5,8,4,chuadanga sadar hospital,6,zone_alias
Daily Star,https://www.thedailystar.net/news/bangladesh/crime-justice/news/jamaat-activist-killed-clash-bnp-men-chuadanga-4118421,Jamaat activist killed in clash with BNP men in Chuadanga,2026-06-12T08:00:00,Chuadanga,Chuadanga Sadar,23.64299,88.85291,violence,,5,8,4,chuadanga sadar,5,zone_alias
Daily Star,https://www.thedailystar.net/news/bangladesh/crime-justice/news/jamaat-activist-killed-clash-bnp-men-chuadanga-4118421,Jamaat activist killed in clash with BNP men in Chuadanga,2026-06-12T08:00:00,Chuadanga,Jibannagar,23.64299,88.85291,violence,,5,8,4,jibannagar,2,zone_alias
Daily Star,https://www.thedailystar.net/news/bangladesh/crime-justice/news/man-arrested-killing-dismembering-roommate-4118391,"Man arrested for killing, dismembering roommate",2026-06-12T08:00:00,Dhaka,Paltan,23.7362,90.4142,murder,15.0,5,8,4,naya paltan,4,zone_alias
Daily Star,https://www.thedailystar.net/news/bangladesh/crime-justice/news/man-arrested-killing-dismembering-roommate-4118391,"Man arrested for killing, dismembering roommate",2026-06-12T08:00:00,Dhaka,Motijheel,23.733,90.4172,murder,15.0,5,8,4,motijheel,2,zone_alias
Daily Star,https://www.thedailystar.net/news/bangladesh/crime-justice/news/man-arrested-killing-dismembering-roommate-4118391,"Man arrested for killing, dismembering roommate",2026-06-12T08:00:00,Dhaka,Jatrabari,23.7104,90.4349,murder,15.0,5,8,4,jatrabari,2,zone_alias
Daily Star,https://www.thedailystar.net/news/bangladesh/crime-justice/news/schoolgirl-rescued-her-throat-slit-ctg-eco-park-admitted-hospital-4118336,"7-year-old rescued with her throat slit in Ctg eco park, admitted to hospital",2026-06-12T08:00:00,Chattogram,GEC Circle,22.3597,91.8215,sexual_violence,7.0,5,8,4,Chattogram,0,district_fallback
Daily Star,https://www.thedailystar.net/news/bangladesh/crime-justice/news/ict-finds-gross-anomalies-probe-prosecution-chankharpul-killings-4118176,"ICT finds ‘gross anomalies’ in probe, prosecution of Chankharpul killings",2026-06-12T08:00:00,Dhaka,Sadarghat,23.7104,90.4074,suspicious_activity,,2,8,4,Dhaka,0,district_fallback
Daily Star,https://www.thedailystar.net/news/bangladesh/crime-justice/news/4-dmp-dcs-transferred-4118101,4 DMP DCs transferred,2026-06-12T08:00:00,Dhaka,Gulshan,23.7806,90.4167,suspicious_activity,,2,8,4,gulshan,2,zone_alias
Daily Star,https://www.thedailystar.net/news/bangladesh/crime-justice/news/4-dmp-dcs-transferred-4118101,4 DMP DCs transferred,2026-06-12T08:00:00,Dhaka,Lalbagh,23.7189,90.3881,suspicious_activity,,2,8,4,lalbagh,2,zone_alias
Daily Star,https://www.thedailystar.net/news/bangladesh/crime-justice/news/idol-vandalised-patuakhali-temple-case-filed-4117936,Idol vandalised at Patuakhali temple; case filed,2026-06-12T08:00:00,Patuakhali,Bauphal,22.41593,90.55943,suspicious_activity,,2,8,4,bauphal,2,zone_alias
Daily Star,https://www.thedailystar.net/news/bangladesh/crime-justice/news/idol-vandalised-patuakhali-temple-case-filed-4117936,Idol vandalised at Patuakhali temple; case filed,2026-06-12T08:00:00,Patuakhali,Dumki,22.47022,90.38309,suspicious_activity,,2,8,4,patuakhali,1,zone_alias
Daily Star,https://www.thedailystar.net/news/bangladesh/crime-justice/news/idol-vandalised-patuakhali-temple-case-filed-4117936,Idol vandalised at Patuakhali temple; case filed,2026-06-12T08:00:00,Patuakhali,Galachipa,22.16858,90.41105,suspicious_activity,,2,8,4,patuakhali,1,zone_alias
Daily Star,https://www.thedailystar.net/news/bangladesh/crime-justice/news/jamaat-activist-killed-clash-bnp-men-chuadangas-jibannagar-4117911,Jamaat activist killed in clash with BNP men in Chuadanga’s Jibannagar,2026-06-12T08:00:00,Chuadanga,Chuadanga Sadar Hospital,23.63514,88.847235,violence,,5,8,4,chuadanga sadar hospital,6,zone_alias
Daily Star,https://www.thedailystar.net/news/bangladesh/crime-justice/news/jamaat-activist-killed-clash-bnp-men-chuadangas-jibannagar-4117911,Jamaat activist killed in clash with BNP men in Chuadanga’s Jibannagar,2026-06-12T08:00:00,Chuadanga,Chuadanga Sadar,23.64299,88.85291,violence,,5,8,4,chuadanga sadar,5,zone_alias
Daily Star,https://www.thedailystar.net/news/bangladesh/crime-justice/news/jamaat-activist-killed-clash-bnp-men-chuadangas-jibannagar-4117911,Jamaat activist killed in clash with BNP men in Chuadanga’s Jibannagar,2026-06-12T08:00:00,Chuadanga,Jibannagar,23.64299,88.85291,violence,,5,8,4,jibannagar,2,zone_alias
Daily Star,https://www.thedailystar.net/news/bangladesh/crime-justice/news/roommate-killed-obaidullah-over-argument-dismembered-body-across-dhaka-police-4117846,"Roommate killed Obaidullah over argument, dismembered body across Dhaka: Police",2026-06-12T08:00:00,Dhaka,Paltan,23.7362,90.4142,murder,,5,8,4,naya paltan,4,zone_alias
Daily Star,https://www.thedailystar.net/news/bangladesh/crime-justice/news/roommate-killed-obaidullah-over-argument-dismembered-body-across-dhaka-police-4117846,"Roommate killed Obaidullah over argument, dismembered body across Dhaka: Police",2026-06-12T08:00:00,Dhaka,Motijheel,23.733,90.4172,murder,,5,8,4,motijheel,2,zone_alias
Daily Star,https://www.thedailystar.net/news/bangladesh/crime-justice/news/roommate-killed-obaidullah-over-argument-dismembered-body-across-dhaka-police-4117846,"Roommate killed Obaidullah over argument, dismembered body across Dhaka: Police",2026-06-12T08:00:00,Dhaka,Jatrabari,23.7104,90.4349,murder,,5,8,4,jatrabari,2,zone_alias
Daily Star,https://www.thedailystar.net/news/bangladesh/crime-justice/news/seven-8-day-remand-narsingdi-teenage-girl-rape-and-murder-case-4117761,Seven on 8-day remand in Narsingdi teenage girl rape and murder case,2026-06-12T08:00:00,Gazipur,Konabari,24.126097,90.472114,sexual_violence,15.0,5,8,4,gazipur,1,zone_alias
Daily Star,https://www.thedailystar.net/news/bangladesh/crime-justice/news/seven-8-day-remand-narsingdi-teenage-girl-rape-and-murder-case-4117761,Seven on 8-day remand in Narsingdi teenage girl rape and murder case,2026-06-12T08:00:00,Dinajpur,Birampur,25.38909,88.99331,sexual_violence,15.0,5,8,4,dinajpur,1,zone_alias
Daily Star,https://www.thedailystar.net/news/bangladesh/crime-justice/news/seven-8-day-remand-narsingdi-teenage-girl-rape-and-murder-case-4117761,Seven on 8-day remand in Narsingdi teenage girl rape and murder case,2026-06-12T08:00:00,Dinajpur,Kaharol,25.62745,88.63779,sexual_violence,15.0,5,8,4,dinajpur,1,zone_alias
Daily Star,https://www.thedailystar.net/news/bangladesh/crime-justice/news/key-suspect-arrested-over-pabna-double-murder-case-handed-db-4117736,Key suspect arrested over Pabna double murder; case handed to DB,2026-06-12T08:00:00,Pabna,Pabna Medical College,24.004431,89.209128,murder,,5,8,4,pabna medical college,6,zone_alias
Daily Star,https://www.thedailystar.net/news/bangladesh/crime-justice/news/key-suspect-arrested-over-pabna-double-murder-case-handed-db-4117736,Key suspect arrested over Pabna double murder; case handed to DB,2026-06-12T08:00:00,Pabna,Ishwardi,24.130775,89.064327,murder,,5,8,4,ishwardi,2,zone_alias
Daily Star,https://www.thedailystar.net/news/bangladesh/crime-justice/news/key-suspect-arrested-over-pabna-double-murder-case-handed-db-4117736,Key suspect arrested over Pabna double murder; case handed to DB,2026-06-12T08:00:00,Pabna,Atgharia,24.48515,89.53493,murder,,5,8,4,pabna,1,zone_alias
Daily Star,https://www.thedailystar.net/news/bangladesh/crime-justice/news/journalist-assaulted-inquiring-about-alleged-gambling-den-shariatpur-4117726,Journalist assaulted for 'inquiring about alleged gambling den' in Shariatpur,2026-06-12T08:00:00,Shariatpur,Gosairhat,23.21,90.35,violence,,5,8,4,gosairhat,2,zone_alias
Daily Star,https://www.thedailystar.net/news/bangladesh/crime-justice/news/journalist-assaulted-inquiring-about-alleged-gambling-den-shariatpur-4117726,Journalist assaulted for 'inquiring about alleged gambling den' in Shariatpur,2026-06-12T08:00:00,Shariatpur,Bhedarganj,23.267008,90.414774,violence,,5,8,4,shariatpur,1,zone_alias
Daily Star,https://www.thedailystar.net/news/bangladesh/crime-justice/news/journalist-assaulted-inquiring-about-alleged-gambling-den-shariatpur-4117726,Journalist assaulted for 'inquiring about alleged gambling den' in Shariatpur,2026-06-12T08:00:00,Shariatpur,Naria,23.302448,90.405951,violence,,5,8,4,shariatpur,1,zone_alias
Daily Star,https://www.thedailystar.net/news/bangladesh/crime-justice/news/bnp-man-beaten-death-rivals-4117486,BNP man beaten to death ‘by rivals’,2026-06-12T08:00:00,Rajshahi,Rajshahi Medical College,24.372,88.586397,violence,,4,8,4,rajshahi medical college,6,zone_alias
Daily Star,https://www.thedailystar.net/news/bangladesh/crime-justice/news/bnp-man-beaten-death-rivals-4117486,BNP man beaten to death ‘by rivals’,2026-06-12T08:00:00,Rajshahi,Binodpur,24.37443,88.603999,violence,,4,8,4,rajshahi,1,zone_alias
Daily Star,https://www.thedailystar.net/news/bangladesh/crime-justice/news/bnp-man-beaten-death-rivals-4117486,BNP man beaten to death ‘by rivals’,2026-06-12T08:00:00,Rajshahi,Kazla,24.364265,88.632816,violence,,4,8,4,rajshahi,1,zone_alias
Daily Star,https://www.thedailystar.net/news/bangladesh/crime-justice/news/man-killed-over-mosque-fund-dispute-4117481,Man killed over mosque fund dispute,2026-06-12T08:00:00,Sunamganj,Chhatak,25.06889,91.40243,violence,,5,8,4,chhatak,2,zone_alias
Daily Star,https://www.thedailystar.net/news/bangladesh/crime-justice/news/man-killed-over-mosque-fund-dispute-4117481,Man killed over mosque fund dispute,2026-06-12T08:00:00,Sunamganj,Derai,24.78644,91.36003,violence,,5,8,4,sunamganj,1,zone_alias
Daily Star,https://www.thedailystar.net/news/bangladesh/crime-justice/news/man-killed-over-mosque-fund-dispute-4117481,Man killed over mosque fund dispute,2026-06-12T08:00:00,Sunamganj,Dharampasha,24.98,91.0,violence,,5,8,4,sunamganj,1,zone_alias
Daily Star,https://www.thedailystar.net/news/bangladesh/crime-justice/news/woman-teen-granddaughter-killed-pabna-4117476,"Woman, teen granddaughter killed in Pabna",2026-06-12T08:00:00,Pabna,Ishwardi,24.130775,89.064327,sexual_violence,16.0,5,8,4,ishwardi,2,zone_alias
Daily Star,https://www.thedailystar.net/news/bangladesh/crime-justice/news/woman-teen-granddaughter-killed-pabna-4117476,"Woman, teen granddaughter killed in Pabna",2026-06-12T08:00:00,Pabna,Atgharia,24.48515,89.53493,sexual_violence,16.0,5,8,4,pabna,1,zone_alias
Daily Star,https://www.thedailystar.net/news/bangladesh/crime-justice/news/woman-teen-granddaughter-killed-pabna-4117476,"Woman, teen granddaughter killed in Pabna",2026-06-12T08:00:00,Pabna,Bera,24.07821,89.63262,sexual_violence,16.0,5,8,4,pabna,1,zone_alias
Daily Star,https://www.thedailystar.net/news/bangladesh/crime-justice/news/body-parts-man-recovered-different-dhaka-areas-4117471,Body parts of man recovered from different Dhaka areas,2026-06-12T08:00:00,Dhaka,Paltan,23.7362,90.4142,suspicious_activity,,2,8,4,purana paltan,4,zone_alias
Daily Star,https://www.thedailystar.net/news/bangladesh/crime-justice/news/body-parts-man-recovered-different-dhaka-areas-4117471,Body parts of man recovered from different Dhaka areas,2026-06-12T08:00:00,Dhaka,Motijheel,23.733,90.4172,suspicious_activity,,2,8,4,motijheel,2,zone_alias
Daily Star,https://www.thedailystar.net/news/bangladesh/crime-justice/news/body-parts-man-recovered-different-dhaka-areas-4117471,Body parts of man recovered from different Dhaka areas,2026-06-12T08:00:00,Narsingdi,Belabo,24.1035,90.84581,suspicious_activity,,2,8,4,narsingdi,1,zone_alias
Daily Star,https://www.thedailystar.net/news/bangladesh/crime-justice/news/attacks-star-prothom-alo-home-minister-orders-probe-report-within-two-months-4117461,"Attacks on Star, Prothom Alo: Home minister orders probe report within two months",2026-06-12T08:00:00,Dhaka,Tejgaon,23.7631,90.4003,violence,,4,8,4,tejgaon,2,zone_alias
Daily Star,https://www.thedailystar.net/news/bangladesh/crime-justice/news/7-held-over-rape-abduction-and-murder-teen-4117436,"7 held over rape, abduction and murder of teen",2026-06-12T08:00:00,Gazipur,Konabari,24.126097,90.472114,sexual_violence,15.0,5,8,4,gazipur,1,zone_alias
Daily Star,https://www.thedailystar.net/news/bangladesh/crime-justice/news/7-held-over-rape-abduction-and-murder-teen-4117436,"7 held over rape, abduction and murder of teen",2026-06-12T08:00:00,Gazipur,Kaliakair,24.126097,90.472114,sexual_violence,15.0,5,8,4,gazipur,1,zone_alias
Daily Star,https://www.thedailystar.net/news/bangladesh/crime-justice/news/7-held-over-rape-abduction-and-murder-teen-4117436,"7 held over rape, abduction and murder of teen",2026-06-12T08:00:00,Gazipur,Kapasia,24.11404,90.56148,sexual_violence,15.0,5,8,4,gazipur,1,zone_alias
Daily Star,https://www.thedailystar.net/news/bangladesh/crime-justice/news/masked-gunmen-open-fire-ex-mp-mujiburs-house-ctg-4117176,Masked gunmen open fire on ex-MP Mujibur’s house in Ctg,2026-06-12T08:00:00,Chattogram,Bayezid,22.3905,91.8225,murder,,5,8,4,bayezid bostami,4,zone_alias
Daily Star,https://www.thedailystar.net/news/bangladesh/crime-justice/news/masked-gunmen-open-fire-ex-mp-mujiburs-house-ctg-4117176,Masked gunmen open fire on ex-MP Mujibur’s house in Ctg,2026-06-12T08:00:00,Chattogram,Chawkbazar,22.3562,91.8372,murder,,5,8,4,chawkbazar,2,zone_alias
Daily Star,https://www.thedailystar.net/news/bangladesh/crime-justice/news/masked-gunmen-open-fire-ex-mp-mujiburs-house-ctg-4117176,Masked gunmen open fire on ex-MP Mujibur’s house in Ctg,2026-06-12T08:00:00,Chattogram,Bahaddarhat,22.3727,91.8447,murder,,5,8,4,bahaddarhat,2,zone_alias
Daily Star,https://www.thedailystar.net/news/bangladesh/crime-justice/news/home-minister-promises-action-over-attacks-prothom-alo-daily-star-4117106,"Home minister promises action over attacks on Prothom Alo, Daily Star",2026-06-12T08:00:00,Dhaka,Sadarghat,23.7104,90.4074,violence,,4,8,4,Dhaka,0,district_fallback
Daily Star,https://www.thedailystar.net/news/bangladesh/crime-justice/news/elderly-woman-teenage-granddaughter-found-murdered-pabna-4116956,"Elderly woman, teenage granddaughter found murdered in Pabna",2026-06-12T08:00:00,Pabna,Ishwardi,24.130775,89.064327,murder,16.0,5,8,4,ishwardi,2,zone_alias
Daily Star,https://www.thedailystar.net/news/bangladesh/crime-justice/news/elderly-woman-teenage-granddaughter-found-murdered-pabna-4116956,"Elderly woman, teenage granddaughter found murdered in Pabna",2026-06-12T08:00:00,Pabna,Atgharia,24.48515,89.53493,murder,16.0,5,8,4,pabna,1,zone_alias
Daily Star,https://www.thedailystar.net/news/bangladesh/crime-justice/news/elderly-woman-teenage-granddaughter-found-murdered-pabna-4116956,"Elderly woman, teenage granddaughter found murdered in Pabna",2026-06-12T08:00:00,Pabna,Bera,24.07821,89.63262,murder,16.0,5,8,4,pabna,1,zone_alias
Daily Star,https://www.thedailystar.net/news/bangladesh/crime-justice/news/narsingdi-rape-murder-seven-including-prime-suspect-sent-jail-4116921,"Narsingdi rape, murder: Seven including prime suspect sent to jail",2026-06-12T08:00:00,Narsingdi,Narsingdi Sadar Hospital,23.920144,90.718454,sexual_violence,15.0,5,8,4,narsingdi sadar hospital,6,zone_alias
Daily Star,https://www.thedailystar.net/news/bangladesh/crime-justice/news/narsingdi-rape-murder-seven-including-prime-suspect-sent-jail-4116921,"Narsingdi rape, murder: Seven including prime suspect sent to jail",2026-06-12T08:00:00,Narsingdi,Narsingdi Sadar,23.920144,90.718454,sexual_violence,15.0,5,8,4,narsingdi sadar,5,zone_alias
Daily Star,https://www.thedailystar.net/news/bangladesh/crime-justice/news/narsingdi-rape-murder-seven-including-prime-suspect-sent-jail-4116921,"Narsingdi rape, murder: Seven including prime suspect sent to jail",2026-06-12T08:00:00,Dinajpur,Birampur,25.38909,88.99331,sexual_violence,15.0,5,8,4,dinajpur,1,zone_alias
Daily Star,https://www.thedailystar.net/news/bangladesh/crime-justice/news/cancel-bails-ivy-bodi-other-al-leaders-4116821,"Cancel bails of Ivy, Bodi, other AL leaders",2026-06-12T08:00:00,Narayanganj,Chashara,23.62502,90.49684,suspicious_activity,,2,8,4,narayanganj,1,zone_alias
Daily Star,https://www.thedailystar.net/news/bangladesh/crime-justice/news/cancel-bails-ivy-bodi-other-al-leaders-4116821,"Cancel bails of Ivy, Bodi, other AL leaders",2026-06-12T08:00:00,Narayanganj,Fatullah,23.63816,90.49097,suspicious_activity,,2,8,4,narayanganj,1,zone_alias
Daily Star,https://www.thedailystar.net/news/bangladesh/crime-justice/news/cancel-bails-ivy-bodi-other-al-leaders-4116821,"Cancel bails of Ivy, Bodi, other AL leaders",2026-06-12T08:00:00,Narayanganj,Rupganj,23.61352,90.50298,suspicious_activity,,2,8,4,narayanganj,1,zone_alias
Daily Star,https://www.thedailystar.net/news/bangladesh/crime-justice/news/man-beaten-death-brother-hurt-neighbours-4116756,"Man beaten to death, brother hurt ‘by neighbours’",2026-06-12T08:00:00,Faridpur,Faridpur Medical College,23.588129,89.835258,violence,,5,8,4,faridpur medical college,6,zone_alias
Daily Star,https://www.thedailystar.net/news/bangladesh/crime-justice/news/man-beaten-death-brother-hurt-neighbours-4116756,"Man beaten to death, brother hurt ‘by neighbours’",2026-06-12T08:00:00,Faridpur,Goalchamot,23.5936,89.8201,violence,,5,8,4,goalchamot,2,zone_alias
Daily Star,https://www.thedailystar.net/news/bangladesh/crime-justice/news/man-beaten-death-brother-hurt-neighbours-4116756,"Man beaten to death, brother hurt ‘by neighbours’",2026-06-12T08:00:00,Faridpur,Bhanga,23.60612,89.84064,violence,,5,8,4,faridpur,1,zone_alias
Daily Star,https://www.thedailystar.net/news/bangladesh/crime-justice/news/3-db-men-attacked-manikganj-9-held-4116746,3 DB men attacked in Manikganj; 9 held,2026-06-12T08:00:00,Manikganj,Singair,23.81285,90.14276,violence,,5,8,4,singair,2,zone_alias
Daily Star,https://www.thedailystar.net/news/bangladesh/crime-justice/news/3-db-men-attacked-manikganj-9-held-4116746,3 DB men attacked in Manikganj; 9 held,2026-06-12T08:00:00,Manikganj,Beutha,23.84361,90.00256,violence,,5,8,4,manikganj,1,zone_alias
Daily Star,https://www.thedailystar.net/news/bangladesh/crime-justice/news/3-db-men-attacked-manikganj-9-held-4116746,3 DB men attacked in Manikganj; 9 held,2026-06-12T08:00:00,Manikganj,Ghior,23.89926,89.87138,violence,,5,8,4,manikganj,1,zone_alias
Daily Star,https://www.thedailystar.net/news/bangladesh/crime-justice/news/5-held-over-narsingdi-girl-rape-murder-4116731,"5 held over Narsingdi girl rape, murder",2026-06-12T08:00:00,Narsingdi,Narsingdi Sadar Hospital,23.920144,90.718454,sexual_violence,15.0,5,8,4,narsingdi sadar hospital,6,zone_alias
Daily Star,https://www.thedailystar.net/news/bangladesh/crime-justice/news/5-held-over-narsingdi-girl-rape-murder-4116731,"5 held over Narsingdi girl rape, murder",2026-06-12T08:00:00,Narsingdi,Narsingdi Sadar,23.920144,90.718454,sexual_violence,15.0,5,8,4,narsingdi sadar,5,zone_alias
Daily Star,https://www.thedailystar.net/news/bangladesh/crime-justice/news/5-held-over-narsingdi-girl-rape-murder-4116731,"5 held over Narsingdi girl rape, murder",2026-06-12T08:00:00,Narsingdi,Belabo,24.1035,90.84581,sexual_violence,15.0,5,8,4,narsingdi,1,zone_alias
Daily Star,https://www.thedailystar.net/news/bangladesh/crime-justice/news/prime-accused-arrested-over-murder-teenage-girl-narsingdi-4116676,Prime accused arrested over murder of teenage girl in Narsingdi,2026-06-12T08:00:00,Mymensingh,Sadar Upazila,24.7539,90.4073,sexual_violence,16.0,5,8,4,sadar upazila,5,zone_alias
Daily Star,https://www.thedailystar.net/news/bangladesh/crime-justice/news/prime-accused-arrested-over-murder-teenage-girl-narsingdi-4116676,Prime accused arrested over murder of teenage girl in Narsingdi,2026-06-12T08:00:00,Gazipur,Mawna,24.22065,90.41723,sexual_violence,16.0,5,8,4,mawna,2,zone_alias
Daily Star,https://www.thedailystar.net/news/bangladesh/crime-justice/news/prime-accused-arrested-over-murder-teenage-girl-narsingdi-4116676,Prime accused arrested over murder of teenage girl in Narsingdi,2026-06-12T08:00:00,Gazipur,Konabari,24.126097,90.472114,sexual_violence,16.0,5,8,4,gazipur,1,zone_alias
Daily Star,https://www.thedailystar.net/news/bangladesh/crime-justice/news/student-beaten-jcd-men-dinajpur-medical-college-4116861,Student beaten ‘by JCD men’ at Dinajpur Medical College,2026-06-12T08:00:00,Dinajpur,Dinajpur Medical College,25.609708,88.657449,violence,,4,8,4,dinajpur medical college,6,zone_alias
Daily Star,https://www.thedailystar.net/news/bangladesh/crime-justice/news/student-beaten-jcd-men-dinajpur-medical-college-4116861,Student beaten ‘by JCD men’ at Dinajpur Medical College,2026-06-12T08:00:00,Dinajpur,Birampur,25.38909,88.99331,violence,,4,8,4,dinajpur,1,zone_alias
Daily Star,https://www.thedailystar.net/news/bangladesh/crime-justice/news/student-beaten-jcd-men-dinajpur-medical-college-4116861,Student beaten ‘by JCD men’ at Dinajpur Medical College,2026-06-12T08:00:00,Dinajpur,Kaharol,25.62745,88.63779,violence,,4,8,4,dinajpur,1,zone_alias
Daily Star,https://www.thedailystar.net/news/bangladesh/crime-justice/news/two-indian-nationals-detained-kurigram-border-4116576,Two Indian nationals detained at Kurigram border,2026-06-12T08:00:00,Kurigram,Bhurungamari,26.11982,89.6677,suspicious_activity,,2,8,4,kurigram,1,zone_alias
Daily Star,https://www.thedailystar.net/news/bangladesh/crime-justice/news/two-indian-nationals-detained-kurigram-border-4116576,Two Indian nationals detained at Kurigram border,2026-06-12T08:00:00,Kurigram,Chilmari,25.55613,89.67097,suspicious_activity,,2,8,4,kurigram,1,zone_alias
Daily Star,https://www.thedailystar.net/news/bangladesh/crime-justice/news/two-indian-nationals-detained-kurigram-border-4116576,Two Indian nationals detained at Kurigram border,2026-06-12T08:00:00,Kurigram,Rajarhat,25.760116,89.677476,suspicious_activity,,2,8,4,kurigram,1,zone_alias
Daily Star,https://www.thedailystar.net/news/bangladesh/crime-justice/news/4-arrested-over-narsingdi-teens-abduction-and-killing-4116361,4 arrested over Narsingdi teen’s abduction and killing,2026-06-12T08:00:00,Narsingdi,Narsingdi Sadar Hospital,23.920144,90.718454,sexual_violence,16.0,5,8,4,narsingdi sadar hospital,6,zone_alias
Daily Star,https://www.thedailystar.net/news/bangladesh/crime-justice/news/4-arrested-over-narsingdi-teens-abduction-and-killing-4116361,4 arrested over Narsingdi teen’s abduction and killing,2026-06-12T08:00:00,Narsingdi,Narsingdi Sadar,23.920144,90.718454,sexual_violence,16.0,5,8,4,narsingdi sadar,5,zone_alias
Daily Star,https://www.thedailystar.net/news/bangladesh/crime-justice/news/4-arrested-over-narsingdi-teens-abduction-and-killing-4116361,4 arrested over Narsingdi teen’s abduction and killing,2026-06-12T08:00:00,Narsingdi,Belabo,24.1035,90.84581,sexual_violence,16.0,5,8,4,narsingdi,1,zone_alias
Daily Star,https://www.thedailystar.net/news/bangladesh/crime-justice/news/ex-member-found-injured-riverbank-dies-4116276,Ex-UP member found injured on riverbank dies,2026-06-12T08:00:00,Brahmanbaria,Nabinagar,23.88791,90.96792,violence,,5,8,4,nabinagar,2,zone_alias
Daily Star,https://www.thedailystar.net/news/bangladesh/crime-justice/news/ex-member-found-injured-riverbank-dies-4116276,Ex-UP member found injured on riverbank dies,2026-06-12T08:00:00,Narsingdi,Raipura,23.92298,90.71768,violence,,5,8,4,raipura,2,zone_alias
Daily Star,https://www.thedailystar.net/news/bangladesh/crime-justice/news/ex-member-found-injured-riverbank-dies-4116276,Ex-UP member found injured on riverbank dies,2026-06-12T08:00:00,Brahmanbaria,Ashuganj,23.944546,91.106189,violence,,5,8,4,brahmanbaria,1,zone_alias
Daily Star,https://www.thedailystar.net/news/bangladesh/crime-justice/news/man-behind-du-assault-murder-case-accused-4116271,Man behind DU assault a murder case accused,2026-06-12T08:00:00,Gazipur,Konabari,24.126097,90.472114,violence,,5,8,4,gazipur,1,zone_alias
Daily Star,https://www.thedailystar.net/news/bangladesh/crime-justice/news/man-behind-du-assault-murder-case-accused-4116271,Man behind DU assault a murder case accused,2026-06-12T08:00:00,Gazipur,Kaliakair,24.126097,90.472114,violence,,5,8,4,gazipur,1,zone_alias
Daily Star,https://www.thedailystar.net/news/bangladesh/crime-justice/news/man-behind-du-assault-murder-case-accused-4116271,Man behind DU assault a murder case accused,2026-06-12T08:00:00,Gazipur,Kapasia,24.11404,90.56148,violence,,5,8,4,gazipur,1,zone_alias
Daily Star,https://www.thedailystar.net/news/bangladesh/crime-justice/news/gulshan-flat-case-issue-interpol-red-notice-tulip-4116256,Gulshan flat case: Issue Interpol red notice for Tulip,2026-06-12T08:00:00,Dhaka,Gulshan,23.7806,90.4167,suspicious_activity,,2,8,4,gulshan,2,zone_alias
Daily Star,https://www.thedailystar.net/news/bangladesh/crime-justice/news/teenager-abducted-murdered-narsingdi-4116206,"Teenager ‘abducted’, murdered in Narsingdi",2026-06-12T08:00:00,Narsingdi,Narsingdi Sadar Hospital,23.920144,90.718454,sexual_violence,16.0,5,8,4,narsingdi sadar hospital,6,zone_alias
Daily Star,https://www.thedailystar.net/news/bangladesh/crime-justice/news/teenager-abducted-murdered-narsingdi-4116206,"Teenager ‘abducted’, murdered in Narsingdi",2026-06-12T08:00:00,Narsingdi,Narsingdi Sadar,23.920144,90.718454,sexual_violence,16.0,5,8,4,narsingdi sadar,5,zone_alias
Daily Star,https://www.thedailystar.net/news/bangladesh/crime-justice/news/teenager-abducted-murdered-narsingdi-4116206,"Teenager ‘abducted’, murdered in Narsingdi",2026-06-12T08:00:00,Narsingdi,Belabo,24.1035,90.84581,sexual_violence,16.0,5,8,4,narsingdi,1,zone_alias
Daily Star,https://www.thedailystar.net/news/bangladesh/crime-justice/news/youth-stabbed-death-ctg-4116176,Youth stabbed to death in Ctg,2026-06-12T08:00:00,Chattogram,Pahartali,22.3678,91.7854,murder,,5,8,4,pahartali,2,zone_alias
Daily Star,https://www.thedailystar.net/news/bangladesh/crime-justice/news/teenager-found-dead-narsingdi-field-family-alleges-rape-and-murder-4115866,Teenager found dead in Narsingdi field; family alleges rape and murder,2026-06-12T08:00:00,Narsingdi,Narsingdi Sadar Hospital,23.920144,90.718454,sexual_violence,16.0,5,8,4,narsingdi sadar hospital,6,zone_alias
Daily Star,https://www.thedailystar.net/news/bangladesh/crime-justice/news/teenager-found-dead-narsingdi-field-family-alleges-rape-and-murder-4115866,Teenager found dead in Narsingdi field; family alleges rape and murder,2026-06-12T08:00:00,Narsingdi,Narsingdi Sadar,23.920144,90.718454,sexual_violence,16.0,5,8,4,narsingdi sadar,5,zone_alias
Daily Star,https://www.thedailystar.net/news/bangladesh/crime-justice/news/teenager-found-dead-narsingdi-field-family-alleges-rape-and-murder-4115866,Teenager found dead in Narsingdi field; family alleges rape and murder,2026-06-12T08:00:00,Narsingdi,Belabo,24.1035,90.84581,sexual_violence,16.0,5,8,4,narsingdi,1,zone_alias
Daily Star,https://www.thedailystar.net/news/bangladesh/crime-justice/news/netrokona-court-awards-life-term-man-strangling-wife-death-4115796,Netrokona court awards life term to man for strangling wife to death,2026-06-12T08:00:00,Kishoreganj,Karimganj,24.46778,90.87045,murder,,5,8,4,karimganj,2,zone_alias
Daily Star,https://www.thedailystar.net/news/bangladesh/crime-justice/news/netrokona-court-awards-life-term-man-strangling-wife-death-4115796,Netrokona court awards life term to man for strangling wife to death,2026-06-12T08:00:00,Netrokona,Mohanganj,24.87564,90.97773,murder,,5,8,4,mohanganj,2,zone_alias
Daily Star,https://www.thedailystar.net/news/bangladesh/crime-justice/news/netrokona-court-awards-life-term-man-strangling-wife-death-4115796,Netrokona court awards life term to man for strangling wife to death,2026-06-12T08:00:00,Netrokona,Mokterpara,24.871384,90.732886,murder,,5,8,4,netrokona,1,zone_alias
Daily Star,https://www.thedailystar.net/news/bangladesh/crime-justice/news/70-year-old-shot-dead-while-confronting-armed-cow-lifters-ctg-4115556,70-year-old shot dead while confronting armed cow lifters in Ctg,2026-06-12T08:00:00,Chattogram,GEC Circle,22.3597,91.8215,robbery,70.0,4,8,4,Chattogram,0,district_fallback
Daily Star,https://www.thedailystar.net/news/bangladesh/crime-justice/news/court-orders-interpol-red-notice-tulip-siddiq-gulshan-flat-case-4115521,Court orders Interpol red notice for Tulip Siddiq in Gulshan flat case,2026-06-12T08:00:00,Dhaka,Gulshan,23.7806,90.4167,suspicious_activity,,2,8,4,gulshan,2,zone_alias
Daily Star,https://www.thedailystar.net/news/bangladesh/crime-justice/news/youth-arrested-over-murder-14-year-old-girl-rayerbazar-4115491,Youth arrested over murder of 14-year-old girl in Rayerbazar,2026-06-12T08:00:00,Dhaka,Dhanmondi,23.7461,90.3742,murder,14.0,5,8,4,dhanmondi,2,zone_alias
Daily Star,https://www.thedailystar.net/news/bangladesh/crime-justice/news/lawyers-protest-brings-court-activities-barishal-standstill-three-days-4115471,Lawyers’ protest brings court activities in Barishal to a standstill for three days,2026-06-12T08:00:00,Barishal,Chowmatha,22.70497,90.37013,suspicious_activity,15.0,3,8,4,barishal,1,zone_alias
Daily Star,https://www.thedailystar.net/news/bangladesh/crime-justice/news/lawyers-protest-brings-court-activities-barishal-standstill-three-days-4115471,Lawyers’ protest brings court activities in Barishal to a standstill for three days,2026-06-12T08:00:00,Barishal,Amanatganj,22.730897,90.377817,suspicious_activity,15.0,3,8,4,barishal,1,zone_alias
Daily Star,https://www.thedailystar.net/news/bangladesh/crime-justice/news/lawyers-protest-brings-court-activities-barishal-standstill-three-days-4115471,Lawyers’ protest brings court activities in Barishal to a standstill for three days,2026-06-12T08:00:00,Barishal,Kashipur,22.85057,90.56703,suspicious_activity,15.0,3,8,4,barishal,1,zone_alias
Daily Star,https://www.thedailystar.net/news/bangladesh/crime-justice/news/two-women-allegedly-harassed-du-campus-probe-body-formed-4115391,Two women allegedly harassed at DU campus; university forms probe body,2026-06-12T08:00:00,Dhaka,Sadarghat,23.7104,90.4074,violence,15.0,5,8,4,Dhaka,0,district_fallback
Daily Star,https://www.thedailystar.net/news/bangladesh/crime-justice/news/around-100-detained-overnight-drive-mohammadpur-adabor-police-4115386,"Around 100 detained in overnight drive at Mohammadpur, Adabor: Police",2026-06-12T08:00:00,Dhaka,Mohammadpur,23.7657,90.3589,suspicious_activity,,2,8,4,mohammadpur,2,zone_alias
Daily Star,https://www.thedailystar.net/news/bangladesh/crime-justice/news/around-100-detained-overnight-drive-mohammadpur-adabor-police-4115386,"Around 100 detained in overnight drive at Mohammadpur, Adabor: Police",2026-06-12T08:00:00,Dhaka,Tejgaon,23.7631,90.4003,suspicious_activity,,2,8,4,tejgaon,2,zone_alias
Daily Star,https://www.thedailystar.net/news/bangladesh/crime-justice/news/bank-official-dies-rehab-centre-4115301,Bank official dies in rehab centre,2026-06-12T08:00:00,Bogura,Bogura Shaheed Ziaur Rahman Medical College,24.82672,89.35267,violence,,5,8,4,bogura shaheed ziaur rahman medical college,9,zone_alias
Daily Star,https://www.thedailystar.net/news/bangladesh/crime-justice/news/bank-official-dies-rehab-centre-4115301,Bank official dies in rehab centre,2026-06-12T08:00:00,Bogura,Satmatha,25.733988,89.286492,violence,,5,8,4,bogura,1,zone_alias
Daily Star,https://www.thedailystar.net/news/bangladesh/crime-justice/news/bank-official-dies-rehab-centre-4115301,Bank official dies in rehab centre,2026-06-12T08:00:00,Bogura,Charmatha,24.85098,89.37108,violence,,5,8,4,bogura,1,zone_alias
Daily Star,https://www.thedailystar.net/news/bangladesh/crime-justice/news/show-bailed-pro-al-leaders-arrested-other-cases-4115271,Show bailed pro-AL leaders arrested in other cases,2026-06-12T08:00:00,Bogura,Satmatha,25.733988,89.286492,suspicious_activity,,2,8,4,bogura,1,zone_alias
Daily Star,https://www.thedailystar.net/news/bangladesh/crime-justice/news/show-bailed-pro-al-leaders-arrested-other-cases-4115271,Show bailed pro-AL leaders arrested in other cases,2026-06-12T08:00:00,Natore,Kanaikhali,24.412191,88.988952,suspicious_activity,,2,8,4,natore,1,zone_alias
Daily Star,https://www.thedailystar.net/news/bangladesh/crime-justice/news/show-bailed-pro-al-leaders-arrested-other-cases-4115271,Show bailed pro-AL leaders arrested in other cases,2026-06-12T08:00:00,Bogura,Charmatha,24.85098,89.37108,suspicious_activity,,2,8,4,bogura,1,zone_alias
Daily Star,https://www.thedailystar.net/news/bangladesh/crime-justice/news/jubo-dal-leader-shot-dead-after-iftar-raozan-4115266,Jubo Dal leader shot dead after iftar in Raozan,2026-06-12T08:00:00,Chattogram,GEC Circle,22.3597,91.8215,murder,,5,8,4,Chattogram,0,district_fallback
Daily Star,https://www.thedailystar.net/news/bangladesh/crime-justice/news/barishal-bar-chief-held-over-court-vandalism-4115261,Barishal Bar chief held over court vandalism,2026-06-12T08:00:00,Barishal,Chowmatha,22.70497,90.37013,suspicious_activity,,2,8,4,barishal,1,zone_alias
Daily Star,https://www.thedailystar.net/news/bangladesh/crime-justice/news/barishal-bar-chief-held-over-court-vandalism-4115261,Barishal Bar chief held over court vandalism,2026-06-12T08:00:00,Barishal,Amanatganj,22.730897,90.377817,suspicious_activity,,2,8,4,barishal,1,zone_alias
Daily Star,https://www.thedailystar.net/news/bangladesh/crime-justice/news/barishal-bar-chief-held-over-court-vandalism-4115261,Barishal Bar chief held over court vandalism,2026-06-12T08:00:00,Barishal,Kashipur,22.85057,90.56703,suspicious_activity,,2,8,4,barishal,1,zone_alias
Daily Star,https://www.thedailystar.net/news/bangladesh/crime-justice/news/faridpur-jute-mill-child-worker-dies-after-high-pressure-air-forced-body-4115216,Faridpur jute mill child worker dies after high-pressure air 'forced' into body,2026-06-12T08:00:00,Faridpur,Faridpur Medical College,23.588129,89.835258,suspicious_activity,13.0,4,8,4,faridpur medical college,6,zone_alias
Daily Star,https://www.thedailystar.net/news/bangladesh/crime-justice/news/faridpur-jute-mill-child-worker-dies-after-high-pressure-air-forced-body-4115216,Faridpur jute mill child worker dies after high-pressure air 'forced' into body,2026-06-12T08:00:00,Faridpur,Boalmari,23.39212,89.68308,suspicious_activity,13.0,4,8,4,boalmari,2,zone_alias
Daily Star,https://www.thedailystar.net/news/bangladesh/crime-justice/news/faridpur-jute-mill-child-worker-dies-after-high-pressure-air-forced-body-4115216,Faridpur jute mill child worker dies after high-pressure air 'forced' into body,2026-06-12T08:00:00,Faridpur,Madhukhali,23.5471,89.62786,suspicious_activity,13.0,4,8,4,madhukhali,2,zone_alias
Daily Star,https://www.thedailystar.net/news/bangladesh/crime-justice/news/14-year-old-girl-hacked-death-dhakas-hazaribagh-4115206,14-year-old girl hacked to death in Dhaka’s Hazaribagh,2026-06-12T08:00:00,Dhaka,Sadarghat,23.7104,90.4074,murder,14.0,5,8,4,Dhaka,0,district_fallback
Daily Star,https://www.thedailystar.net/news/bangladesh/crime-justice/news/mother-dog-beaten-death-patuakhalis-kalapara-six-puppies-running-around-aimlessly-4115186,"Mother dog beaten to death in Patuakhali’s Kalapara, six puppies running around aimlessly",2026-06-12T08:00:00,Patuakhali,Kalapara,21.98455,90.22969,murder,,5,8,4,kalapara,2,zone_alias
Daily Star,https://www.thedailystar.net/news/bangladesh/crime-justice/news/mother-dog-beaten-death-patuakhalis-kalapara-six-puppies-running-around-aimlessly-4115186,"Mother dog beaten to death in Patuakhali’s Kalapara, six puppies running around aimlessly",2026-06-12T08:00:00,Patuakhali,Bauphal,22.41593,90.55943,murder,,5,8,4,patuakhali,1,zone_alias
Daily Star,https://www.thedailystar.net/news/bangladesh/crime-justice/news/mother-dog-beaten-death-patuakhalis-kalapara-six-puppies-running-around-aimlessly-4115186,"Mother dog beaten to death in Patuakhali’s Kalapara, six puppies running around aimlessly",2026-06-12T08:00:00,Patuakhali,Dumki,22.47022,90.38309,murder,,5,8,4,patuakhali,1,zone_alias
Daily Star,https://www.thedailystar.net/news/bangladesh/crime-justice/news/newborn-found-abandoned-footpath-ctg-4114996,Newborn found abandoned on footpath in Ctg,2026-06-12T08:00:00,Chattogram,Kotwali,22.3371,91.8376,suspicious_activity,15.0,4,8,4,kotwali,2,zone_alias
Daily Star,https://www.thedailystar.net/news/bangladesh/crime-justice/news/youth-stabbed-death-kishoreganj-family-blames-local-drug-users-4114941,Youth stabbed to death in Kishoreganj; family blames local drug users,2026-06-12T08:00:00,Kishoreganj,Hossainpur,23.94328,90.7559,murder,,5,8,4,hossainpur,2,zone_alias
Daily Star,https://www.thedailystar.net/news/bangladesh/crime-justice/news/youth-stabbed-death-kishoreganj-family-blames-local-drug-users-4114941,Youth stabbed to death in Kishoreganj; family blames local drug users,2026-06-12T08:00:00,Kishoreganj,Karimganj,24.46778,90.87045,murder,,5,8,4,kishoreganj,1,zone_alias
Daily Star,https://www.thedailystar.net/news/bangladesh/crime-justice/news/youth-stabbed-death-kishoreganj-family-blames-local-drug-users-4114941,Youth stabbed to death in Kishoreganj; family blames local drug users,2026-06-12T08:00:00,Kishoreganj,Katiadi,24.43944,90.78291,murder,,5,8,4,kishoreganj,1,zone_alias
Daily Star,https://www.thedailystar.net/news/bangladesh/crime-justice/news/man-shot-dead-after-iftar-chattograms-raozan-4114931,Man shot dead after iftar in Chattogram’s Raozan,2026-06-12T08:00:00,Chattogram,GEC Circle,22.3597,91.8215,murder,,5,8,4,Chattogram,0,district_fallback
Daily Star,https://www.thedailystar.net/news/bangladesh/crime-justice/news/hc-issues-contempt-rule-against-9-barishal-lawyers-over-vandalism-remarks-judge-4114901,"HC issues contempt rule against 9 Barishal lawyers over vandalism, remarks on judge",2026-06-12T08:00:00,Barishal,Chowmatha,22.70497,90.37013,suspicious_activity,,2,8,4,barishal,1,zone_alias
Daily Star,https://www.thedailystar.net/news/bangladesh/crime-justice/news/hc-issues-contempt-rule-against-9-barishal-lawyers-over-vandalism-remarks-judge-4114901,"HC issues contempt rule against 9 Barishal lawyers over vandalism, remarks on judge",2026-06-12T08:00:00,Barishal,Amanatganj,22.730897,90.377817,suspicious_activity,,2,8,4,barishal,1,zone_alias
Daily Star,https://www.thedailystar.net/news/bangladesh/crime-justice/news/hc-issues-contempt-rule-against-9-barishal-lawyers-over-vandalism-remarks-judge-4114901,"HC issues contempt rule against 9 Barishal lawyers over vandalism, remarks on judge",2026-06-12T08:00:00,Barishal,Kashipur,22.85057,90.56703,suspicious_activity,,2,8,4,barishal,1,zone_alias
Daily Star,https://www.thedailystar.net/news/bangladesh/crime-justice/news/ex-jubo-league-leader-samrat-gets-20-year-jail-term-graft-and-money-laundering-case-4114646,Ex-Jubo League leader Samrat gets 20-year jail term in graft and money laundering case,2026-06-12T08:00:00,Dhaka,Sadarghat,23.7104,90.4074,suspicious_activity,,2,8,4,Dhaka,0,district_fallback
Daily Star,https://www.thedailystar.net/news/bangladesh/crime-justice/news/we-thought-she-was-dead-4114321,‘We thought she was dead’,2026-06-12T08:00:00,Moulvibazar,Barlekha,24.481265,91.858094,violence,15.0,5,8,4,barlekha moulvibazar,4,zone_alias
Daily Star,https://www.thedailystar.net/news/bangladesh/crime-justice/news/we-thought-she-was-dead-4114321,‘We thought she was dead’,2026-06-12T08:00:00,Dhaka,Uttara,23.8724,90.3953,violence,15.0,5,8,4,uttara,2,zone_alias
Daily Star,https://www.thedailystar.net/news/bangladesh/crime-justice/news/we-thought-she-was-dead-4114321,‘We thought she was dead’,2026-06-12T08:00:00,Moulvibazar,Juri,24.531019,92.230029,violence,15.0,5,8,4,moulvibazar,1,zone_alias
Daily Star,https://www.thedailystar.net/news/bangladesh/crime-justice/news/du-students-protest-assault-fellow-4114316,DU students protest assault on fellow,2026-06-12T08:00:00,Dhaka,Shahbagh,23.738,90.3958,violence,,4,8,4,shahbagh,2,zone_alias
Daily Star,https://www.thedailystar.net/news/bangladesh/crime-justice/news/evidence-found-against-top-military-officials-politicians-2024-enquiry-commission-4114291,"2009 BDR carnage: 2024 enquiry commission finds evidence against top military officials, politicians",2026-06-12T08:00:00,Dhaka,Dhanmondi,23.7461,90.3742,violence,20.0,5,8,4,dhanmondi,2,zone_alias
Daily Star,https://www.thedailystar.net/news/bangladesh/crime-justice/news/evidence-found-against-top-military-officials-politicians-2024-enquiry-commission-4114291,"2009 BDR carnage: 2024 enquiry commission finds evidence against top military officials, politicians",2026-06-12T08:00:00,Dhaka,Motijheel,23.733,90.4172,violence,20.0,5,8,4,motijheel,2,zone_alias
Daily Star,https://www.thedailystar.net/news/bangladesh/crime-justice/news/another-suspect-arrested-bhola-rape-case-4113956,Another suspect arrested in Bhola rape case,2026-06-12T08:00:00,Bhola,Borhanuddin,22.68759,90.64403,sexual_violence,25.0,5,8,4,bhola,1,zone_alias
Daily Star,https://www.thedailystar.net/news/bangladesh/crime-justice/news/another-suspect-arrested-bhola-rape-case-4113956,Another suspect arrested in Bhola rape case,2026-06-12T08:00:00,Bhola,Daulatkhan,22.68759,90.64403,sexual_violence,25.0,5,8,4,bhola,1,zone_alias
Daily Star,https://www.thedailystar.net/news/bangladesh/crime-justice/news/another-suspect-arrested-bhola-rape-case-4113956,Another suspect arrested in Bhola rape case,2026-06-12T08:00:00,Bhola,Lalmohan,22.33774,90.73708,sexual_violence,25.0,5,8,4,bhola,1,zone_alias
Daily Star,https://www.thedailystar.net/news/bangladesh/crime-justice/news/travel-ban-slapped-two-former-national-university-vcs-4113726,Travel ban slapped on two former National University VCs,2026-06-12T08:00:00,Dhaka,Sadarghat,23.7104,90.4074,suspicious_activity,,2,8,4,Dhaka,0,district_fallback
Daily Star,https://www.thedailystar.net/news/bangladesh/crime-justice/news/one-more-arrested-sent-jail-dipu-murder-case-4113701,"One more arrested, sent to jail in Dipu murder case",2026-06-12T08:00:00,Mymensingh,Sadar Upazila,24.7539,90.4073,murder,,5,8,4,Mymensingh,0,district_fallback
Daily Star,https://www.thedailystar.net/news/bangladesh/crime-justice/news/2-held-over-rape-woman-bhola-4113516,2 held over rape of woman in Bhola,2026-06-12T08:00:00,Bhola,Tazumuddin,22.68759,90.64403,sexual_violence,25.0,5,8,4,tazumuddin,2,zone_alias
Daily Star,https://www.thedailystar.net/news/bangladesh/crime-justice/news/2-held-over-rape-woman-bhola-4113516,2 held over rape of woman in Bhola,2026-06-12T08:00:00,Bhola,Borhanuddin,22.68759,90.64403,sexual_violence,25.0,5,8,4,bhola,1,zone_alias
Daily Star,https://www.thedailystar.net/news/bangladesh/crime-justice/news/2-held-over-rape-woman-bhola-4113516,2 held over rape of woman in Bhola,2026-06-12T08:00:00,Bhola,Daulatkhan,22.68759,90.64403,sexual_violence,25.0,5,8,4,bhola,1,zone_alias
Daily Star,https://www.thedailystar.net/news/bangladesh/crime-justice/news/four-hacked-death-narail-4113501,Four hacked to death in Narail,2026-06-12T08:00:00,Narail,Narail Sadar,23.15509,89.49515,violence,,5,8,4,narail sadar,5,zone_alias
Daily Star,https://www.thedailystar.net/news/bangladesh/crime-justice/news/four-hacked-death-narail-4113501,Four hacked to death in Narail,2026-06-12T08:00:00,Narail,Lakshmipasha,23.15509,89.49515,violence,,5,8,4,narail,1,zone_alias
Daily Star,https://www.thedailystar.net/news/bangladesh/crime-justice/news/four-hacked-death-narail-4113501,Four hacked to death in Narail,2026-06-12T08:00:00,Narail,Kalia,23.043,89.63094,violence,,5,8,4,narail,1,zone_alias
Daily Star,https://www.thedailystar.net/news/bangladesh/crime-justice/news/key-instigator-dipu-killing-arrested-4113441,‘Key instigator’ in Dipu killing arrested,2026-06-12T08:00:00,Mymensingh,Sadar Upazila,24.7539,90.4073,violence,,4,8,4,Mymensingh,0,district_fallback
Daily Star,https://www.thedailystar.net/news/bangladesh/crime-justice/news/ict-prosecutor-raises-corruption-allegations-against-tajul-tamim-4113436,"ICT prosecutor raises corruption allegations against Tajul, Tamim",2026-06-12T08:00:00,Rangpur,Paira Chattar,25.98605,88.64031,suspicious_activity,,2,8,4,Rangpur,0,district_fallback
Daily Star,https://www.thedailystar.net/news/bangladesh/crime-justice/news/police-service-association-opposes-interim-govts-hurried-uniform-change-decision-4113431,Police Service Association opposes interim govt’s ‘hurried’ uniform change decision,2026-06-12T08:00:00,Cumilla,Kandirpar,23.46186,91.18504,suspicious_activity,,2,8,4,cumilla,1,zone_alias
Daily Star,https://www.thedailystar.net/news/bangladesh/crime-justice/news/police-service-association-opposes-interim-govts-hurried-uniform-change-decision-4113431,Police Service Association opposes interim govt’s ‘hurried’ uniform change decision,2026-06-12T08:00:00,Cumilla,Burichang,23.5534,91.12901,suspicious_activity,,2,8,4,cumilla,1,zone_alias
Daily Star,https://www.thedailystar.net/news/bangladesh/crime-justice/news/police-service-association-opposes-interim-govts-hurried-uniform-change-decision-4113431,Police Service Association opposes interim govt’s ‘hurried’ uniform change decision,2026-06-12T08:00:00,Cumilla,Chandina,23.49067,91.01227,suspicious_activity,,2,8,4,cumilla,1,zone_alias
Daily Star,https://www.thedailystar.net/news/bangladesh/crime-justice/news/man-hacked-death-nganj-shortly-after-release-bail-4113406,Man hacked to death in N'ganj shortly after release on bail,2026-06-12T08:00:00,Narayanganj,Fatullah,23.63816,90.49097,violence,39.0,5,8,4,fatullah,2,zone_alias
Daily Star,https://www.thedailystar.net/news/bangladesh/crime-justice/news/man-hacked-death-nganj-shortly-after-release-bail-4113406,Man hacked to death in N'ganj shortly after release on bail,2026-06-12T08:00:00,Narayanganj,Chashara,23.62502,90.49684,violence,39.0,5,8,4,narayanganj,1,zone_alias
Daily Star,https://www.thedailystar.net/news/bangladesh/crime-justice/news/man-hacked-death-nganj-shortly-after-release-bail-4113406,Man hacked to death in N'ganj shortly after release on bail,2026-06-12T08:00:00,Narayanganj,Rupganj,23.61352,90.50298,violence,39.0,5,8,4,narayanganj,1,zone_alias
Daily Star,https://www.thedailystar.net/news/bangladesh/crime-justice/news/three-arrested-over-leguna-drivers-killing-dhakas-jatrabari-4113111,Three arrested over Leguna driver’s killing in Dhaka's Jatrabari,2026-06-12T08:00:00,Dhaka,Jatrabari,23.7104,90.4349,murder,35.0,5,8,4,jatrabari,2,zone_alias
Daily Star,https://www.thedailystar.net/news/bangladesh/crime-justice/news/man-beaten-death-over-alleged-theft-shyampur-4112731,Man beaten to death over alleged theft in Shyampur,2026-06-12T08:00:00,Dhaka,Sadarghat,23.7104,90.4074,violence,35.0,5,8,4,Dhaka,0,district_fallback
Daily Star,https://www.thedailystar.net/news/bangladesh/crime-justice/news/four-killed-clashes-over-dominance-narail-4112726,Four killed in clashes over dominance in Narail,2026-06-12T08:00:00,Narail,Narail Sadar,23.15509,89.49515,violence,,5,8,4,narail sadar,5,zone_alias
Daily Star,https://www.thedailystar.net/news/bangladesh/crime-justice/news/four-killed-clashes-over-dominance-narail-4112726,Four killed in clashes over dominance in Narail,2026-06-12T08:00:00,Narail,Lakshmipasha,23.15509,89.49515,violence,,5,8,4,narail,1,zone_alias
Daily Star,https://www.thedailystar.net/news/bangladesh/crime-justice/news/four-killed-clashes-over-dominance-narail-4112726,Four killed in clashes over dominance in Narail,2026-06-12T08:00:00,Narail,Kalia,23.043,89.63094,violence,,5,8,4,narail,1,zone_alias
Daily Star,https://www.thedailystar.net/news/bangladesh/crime-justice/news/students-staff-allege-sexual-abuse-headmaster-4112556,"Students, staff allege sexual abuse by headmaster",2026-06-12T08:00:00,Bandarban,Balaghata,22.19534,92.21946,sexual_violence,,5,8,4,bandarban,1,zone_alias
Daily Star,https://www.thedailystar.net/news/bangladesh/crime-justice/news/students-staff-allege-sexual-abuse-headmaster-4112556,"Students, staff allege sexual abuse by headmaster",2026-06-12T08:00:00,Bandarban,Nilachal,23.01134,91.4013,sexual_violence,,5,8,4,bandarban,1,zone_alias
Daily Star,https://www.thedailystar.net/news/bangladesh/crime-justice/news/students-staff-allege-sexual-abuse-headmaster-4112556,"Students, staff allege sexual abuse by headmaster",2026-06-12T08:00:00,Bandarban,Rowangchhari,22.19534,92.21946,sexual_violence,,5,8,4,bandarban,1,zone_alias
Daily Star,https://www.thedailystar.net/news/bangladesh/crime-justice/news/former-student-leader-hacked-dhakas-mohammadpur-4112551,Former student leader hacked in Dhaka’s Mohammadpur,2026-06-12T08:00:00,Dhaka,Mohammadpur,23.7657,90.3589,violence,,5,8,4,mohammadpur,2,zone_alias
Daily Star,https://www.thedailystar.net/news/bangladesh/crime-justice/news/ward-level-bnp-leader-shot-alleged-extortionists-dhakas-kalabagan-4112546,Ward-level BNP leader shot by alleged extortionists in Dhaka’s Kalabagan,2026-06-12T08:00:00,Dhaka,Bashundhara R/A,23.8151,90.4272,violence,,5,8,4,bashundhara,1,zone_alias
Daily Star,https://www.thedailystar.net/news/bangladesh/crime-justice/news/missing-school-students-body-found-septic-tank-gaibandha-4112196,Missing school student's body found in septic tank in Gaibandha,2026-06-12T08:00:00,Gaibandha,Gaibandha Sadar Hospital,25.327255,89.537638,kidnapping,16.0,5,8,4,gaibandha sadar hospital,6,zone_alias
Daily Star,https://www.thedailystar.net/news/bangladesh/crime-justice/news/missing-school-students-body-found-septic-tank-gaibandha-4112196,Missing school student's body found in septic tank in Gaibandha,2026-06-12T08:00:00,Gaibandha,Gaibandha Sadar,25.3293,89.5438,kidnapping,16.0,5,8,4,gaibandha sadar,5,zone_alias
Daily Star,https://www.thedailystar.net/news/bangladesh/crime-justice/news/missing-school-students-body-found-septic-tank-gaibandha-4112196,Missing school student's body found in septic tank in Gaibandha,2026-06-12T08:00:00,Gaibandha,Gobindaganj,25.13333,89.39167,kidnapping,16.0,5,8,4,gobindaganj,2,zone_alias
Daily Star,https://www.thedailystar.net/news/bangladesh/crime-justice/news/al-leader-arrested-over-last-novs-tangail-bus-arson-4112191,AL leader arrested over last Nov's Tangail bus arson,2026-06-12T08:00:00,Dhaka,Uttara,23.8724,90.3953,violence,,4,8,4,uttara,2,zone_alias
Daily Star,https://www.thedailystar.net/news/bangladesh/crime-justice/news/al-leader-arrested-over-last-novs-tangail-bus-arson-4112191,AL leader arrested over last Nov's Tangail bus arson,2026-06-12T08:00:00,Tangail,Sakhipur,24.24984,89.91655,violence,,4,8,4,sakhipur,2,zone_alias
Daily Star,https://www.thedailystar.net/news/bangladesh/crime-justice/news/al-leader-arrested-over-last-novs-tangail-bus-arson-4112191,AL leader arrested over last Nov's Tangail bus arson,2026-06-12T08:00:00,Tangail,Ghatail,24.46667,89.96667,violence,,4,8,4,tangail,1,zone_alias
Daily Star,https://www.thedailystar.net/news/bangladesh/crime-justice/news/teenage-auto-rickshaw-driver-found-dead-paddy-field-noakhali-4112181,Teenage auto-rickshaw driver found dead in paddy field in Noakhali,2026-06-12T08:00:00,Noakhali,Begumganj,23.0225,91.07472,murder,16.0,5,8,4,begumganj,2,zone_alias
Daily Star,https://www.thedailystar.net/news/bangladesh/crime-justice/news/teenage-auto-rickshaw-driver-found-dead-paddy-field-noakhali-4112181,Teenage auto-rickshaw driver found dead in paddy field in Noakhali,2026-06-12T08:00:00,Noakhali,Chowmuhani,22.816467,91.121505,murder,16.0,5,8,4,noakhali,1,zone_alias
Daily Star,https://www.thedailystar.net/news/bangladesh/crime-justice/news/teenage-auto-rickshaw-driver-found-dead-paddy-field-noakhali-4112181,Teenage auto-rickshaw driver found dead in paddy field in Noakhali,2026-06-12T08:00:00,Noakhali,Chatkhil,23.05241,90.97684,murder,16.0,5,8,4,noakhali,1,zone_alias
Daily Star,https://www.thedailystar.net/news/bangladesh/crime-justice/news/local-bnp-leader-detained-habiganj-verbally-abusing-oc-over-phone-4112061,Local BNP leader detained in Habiganj for ‘verbally abusing’ OC over phone,2026-06-12T08:00:00,Habiganj,Bahubal,24.38044,91.413,suspicious_activity,,2,8,4,bahubal,2,zone_alias
Daily Star,https://www.thedailystar.net/news/bangladesh/crime-justice/news/local-bnp-leader-detained-habiganj-verbally-abusing-oc-over-phone-4112061,Local BNP leader detained in Habiganj for ‘verbally abusing’ OC over phone,2026-06-12T08:00:00,Habiganj,Chunarughat,24.38044,91.413,suspicious_activity,,2,8,4,habiganj,1,zone_alias
Daily Star,https://www.thedailystar.net/news/bangladesh/crime-justice/news/local-bnp-leader-detained-habiganj-verbally-abusing-oc-over-phone-4112061,Local BNP leader detained in Habiganj for ‘verbally abusing’ OC over phone,2026-06-12T08:00:00,Habiganj,Lakhai,24.38044,91.413,suspicious_activity,,2,8,4,habiganj,1,zone_alias
Daily Star,https://www.thedailystar.net/news/bangladesh/crime-justice/news/four-injured-pellet-gun-attack-over-unauthorised-sand-extraction-brahmanbaria-4111986,Four injured in pellet gun attack over 'unauthorised' sand extraction in Brahmanbaria,2026-06-12T08:00:00,Brahmanbaria,Nabinagar,23.88791,90.96792,violence,,4,8,4,nabinagar,2,zone_alias
Daily Star,https://www.thedailystar.net/news/bangladesh/crime-justice/news/four-injured-pellet-gun-attack-over-unauthorised-sand-extraction-brahmanbaria-4111986,Four injured in pellet gun attack over 'unauthorised' sand extraction in Brahmanbaria,2026-06-12T08:00:00,Narsingdi,Raipura,23.92298,90.71768,violence,,4,8,4,raipura,2,zone_alias
Daily Star,https://www.thedailystar.net/news/bangladesh/crime-justice/news/four-injured-pellet-gun-attack-over-unauthorised-sand-extraction-brahmanbaria-4111986,Four injured in pellet gun attack over 'unauthorised' sand extraction in Brahmanbaria,2026-06-12T08:00:00,Brahmanbaria,Ashuganj,23.944546,91.106189,violence,,4,8,4,brahmanbaria,1,zone_alias
Daily Star,https://www.thedailystar.net/news/bangladesh/crime-justice/news/man-kills-expatriate-brother-over-tk-5-dispute-lakshmipur-police-say-4111906,"Man kills expatriate brother over Tk 5 dispute in Lakshmipur, police say",2026-06-12T08:00:00,Lakshmipur,Lakshmipur Sadar Hospital,22.95,90.825,violence,,5,8,4,lakshmipur sadar hospital,6,zone_alias
Daily Star,https://www.thedailystar.net/news/bangladesh/crime-justice/news/man-kills-expatriate-brother-over-tk-5-dispute-lakshmipur-police-say-4111906,"Man kills expatriate brother over Tk 5 dispute in Lakshmipur, police say",2026-06-12T08:00:00,Lakshmipur,Lakshmipur Sadar,22.9443,90.83005,violence,,5,8,4,lakshmipur sadar,5,zone_alias
Daily Star,https://www.thedailystar.net/news/bangladesh/crime-justice/news/man-kills-expatriate-brother-over-tk-5-dispute-lakshmipur-police-say-4111906,"Man kills expatriate brother over Tk 5 dispute in Lakshmipur, police say",2026-06-12T08:00:00,Lakshmipur,Ramganj,23.1006,90.84989,violence,,5,8,4,ramganj,2,zone_alias
Daily Star,https://www.thedailystar.net/news/bangladesh/crime-justice/news/270-cartons-cigarettes-15-smartphones-seized-dubai-returnee-ctg-airport-4111871,"270 cartons of cigarettes, 15 smartphones seized from Dubai-returnee at Ctg airport",2026-06-12T08:00:00,Chattogram,GEC Circle,22.3597,91.8215,suspicious_activity,,2,8,4,Chattogram,0,district_fallback
Daily Star,https://www.thedailystar.net/news/bangladesh/crime-justice/news/sramik-dal-leader-shot-raozan-4111766,Sramik Dal leader shot in Raozan,2026-06-12T08:00:00,Chattogram,GEC Circle,22.3597,91.8215,violence,,5,8,4,Chattogram,0,district_fallback
Daily Star,https://www.thedailystar.net/news/bangladesh/crime-justice/news/cop-stabbed-jatrabari-checkpoint-4111746,Cop stabbed at Jatrabari checkpoint,2026-06-12T08:00:00,Dhaka,Jatrabari,23.7104,90.4349,violence,,5,8,4,jatrabari,2,zone_alias
Daily Star,https://www.thedailystar.net/news/bangladesh/crime-justice/news/rumeen-accuses-bnp-men-assault-shaheed-minar-4111696,Rumeen accuses BNP men of assault at Shaheed Minar,2026-06-12T08:00:00,Brahmanbaria,Sarail,24.08363,91.115849,violence,,4,8,4,sarail,2,zone_alias
Daily Star,https://www.thedailystar.net/news/bangladesh/crime-justice/news/rumeen-accuses-bnp-men-assault-shaheed-minar-4111696,Rumeen accuses BNP men of assault at Shaheed Minar,2026-06-12T08:00:00,Sylhet,Ambarkhana,24.897194,91.87024,violence,,4,8,4,sylhet,1,zone_alias
Daily Star,https://www.thedailystar.net/news/bangladesh/crime-justice/news/rumeen-accuses-bnp-men-assault-shaheed-minar-4111696,Rumeen accuses BNP men of assault at Shaheed Minar,2026-06-12T08:00:00,Sylhet,Tilagor,24.896191,91.899531,violence,,4,8,4,sylhet,1,zone_alias
Daily Star,https://www.thedailystar.net/news/bangladesh/crime-justice/news/six-detained-outside-pm-tarique-rahmans-gulshan-residence-4111431,Six detained outside PM Tarique Rahman’s Gulshan residence,2026-06-12T08:00:00,Dhaka,Gulshan,23.7806,90.4167,suspicious_activity,,2,8,4,gulshan,2,zone_alias
Daily Star,https://www.thedailystar.net/news/bangladesh/crime-justice/news/constable-stabbed-jatrabari-checkpoint-crude-bombs-recovered-4111376,"Constable stabbed at Jatrabari checkpoint, crude bombs recovered",2026-06-12T08:00:00,Dhaka,Jatrabari,23.7104,90.4349,violence,,5,8,4,jatrabari,2,zone_alias
Daily Star,https://www.thedailystar.net/news/bangladesh/crime-justice/news/2-killed-mob-mugging-suspicion-4110981,2 killed by mob on mugging suspicion,2026-06-12T08:00:00,Gaibandha,Palashbari,25.287401,89.35043,murder,,5,8,4,palashbari,2,zone_alias
Daily Star,https://www.thedailystar.net/news/bangladesh/crime-justice/news/2-killed-mob-mugging-suspicion-4110981,2 killed by mob on mugging suspicion,2026-06-12T08:00:00,Gaibandha,Sadullapur,25.39137,89.46471,murder,,5,8,4,sadullapur,2,zone_alias
Daily Star,https://www.thedailystar.net/news/bangladesh/crime-justice/news/2-killed-mob-mugging-suspicion-4110981,2 killed by mob on mugging suspicion,2026-06-12T08:00:00,Gaibandha,Fulchhari,25.3293,89.5438,murder,,5,8,4,gaibandha,1,zone_alias
Daily Star,https://www.thedailystar.net/news/bangladesh/crime-justice/news/job-seeker-jailed-using-electronic-devices-during-recruitment-test-kishoreganj-4110831,Job seeker jailed for using electronic devices during recruitment test in Kishoreganj,2026-06-12T08:00:00,Kishoreganj,Hossainpur,23.94328,90.7559,suspicious_activity,,2,8,4,kishoreganj,1,zone_alias
Daily Star,https://www.thedailystar.net/news/bangladesh/crime-justice/news/job-seeker-jailed-using-electronic-devices-during-recruitment-test-kishoreganj-4110831,Job seeker jailed for using electronic devices during recruitment test in Kishoreganj,2026-06-12T08:00:00,Kishoreganj,Karimganj,24.46778,90.87045,suspicious_activity,,2,8,4,kishoreganj,1,zone_alias
Daily Star,https://www.thedailystar.net/news/bangladesh/crime-justice/news/job-seeker-jailed-using-electronic-devices-during-recruitment-test-kishoreganj-4110831,Job seeker jailed for using electronic devices during recruitment test in Kishoreganj,2026-06-12T08:00:00,Kishoreganj,Katiadi,24.43944,90.78291,suspicious_activity,,2,8,4,kishoreganj,1,zone_alias
Daily Star,https://www.thedailystar.net/health/food/consumer-rights/news/dmp-chief-urges-traders-cooperate-during-market-monitoring-drives-4110781,DMP chief urges traders to cooperate during market monitoring drives,2026-06-12T08:00:00,Moulvibazar,Barlekha,24.481265,91.858094,suspicious_activity,,2,8,4,moulvibazar,1,zone_alias
Daily Star,https://www.thedailystar.net/health/food/consumer-rights/news/dmp-chief-urges-traders-cooperate-during-market-monitoring-drives-4110781,DMP chief urges traders to cooperate during market monitoring drives,2026-06-12T08:00:00,Moulvibazar,Juri,24.531019,92.230029,suspicious_activity,,2,8,4,moulvibazar,1,zone_alias
Daily Star,https://www.thedailystar.net/health/food/consumer-rights/news/dmp-chief-urges-traders-cooperate-during-market-monitoring-drives-4110781,DMP chief urges traders to cooperate during market monitoring drives,2026-06-12T08:00:00,Moulvibazar,Kamalganj,24.481265,91.858094,suspicious_activity,,2,8,4,moulvibazar,1,zone_alias
